#VRML V2.0 utf8
# 3D model generated by easyeda2kicad.py (https://github.com/uPesy/easyeda2kicad.py)

Shape{
    appearance Appearance {
        material  Material 	{
            diffuseColor 0.5882352941176471 0.5725490196078431 0.5254901960784314
            specularColor 0.043137254901960784 0.0392156862745098 0.0392156862745098
            ambientIntensity 0.2
            transparency 0
            shininess 0.5
        }
    }
    geometry IndexedFaceSet {
        ccw TRUE
        solid FALSE
        coord DEF co Coordinate {
            point [
                0.1685 -1.0696 -0.7087, 0.1879 -1.0718 -0.7087, 0.126 -1.2174 -0.7087, 0.1224 -1.2371 -0.7087, 0.1032 -1.2485 -0.7087, 0.1224 -1.2155 -0.7087, 0.1032 0.0 -0.7087, 0.3865 -1.2473 -0.7087, 0.3865 -1.0504 -0.7087, 1.3911 -0.0295 -0.7087, 0.2585 -1.1023 -0.7087, 0.2469 -1.0839 -0.7087, 0.3601 -1.0504 -0.7087, 0.1446 -1.0727 -0.7087, 0.1224 -1.0822 -0.7087, 0.1224 -1.0558 -0.7087, 0.1882 -1.2485 -0.7087, 0.2857 -1.2473 -0.7087, 0.2009 -1.2472 -0.7087, 0.2199 -1.2406 -0.7087, 1.4068 -0.0499 -0.7087, 1.4272 -0.0656 -0.7087, 1.4509 -0.0754 -0.7087, 0.9711 -0.0295 -0.7087, 0.9809 -0.0058 -0.7087, 0.2026 -1.0771 -0.7087, 0.2163 -1.0862 -0.7087, 0.2282 -1.0994 -0.7087, 0.2425 -1.151 -0.7087, 0.2405 -1.1723 -0.7087, 0.2351 -1.1892 -0.7087, 0.1913 -1.226 -0.7087, 0.173 -1.2281 -0.7087, 0.2057 -1.2207 -0.7087, 0.2177 -1.2126 -0.7087, 0.227 -1.2029 -0.7087, 0.1468 -1.2252 -0.7087, 0.2363 -1.1146 -0.7087, 0.2415 -1.1356 -0.7087, 0.9823 0.0 -0.7087, 1.3799 0.0 -0.7087, 1.3813 -0.0058 -0.7087, 0.2358 -1.2305 -0.7087, 0.2506 -1.2149 -0.7087, 0.2857 -1.2257 -0.7087, 0.261 -1.1962 -0.7087, 0.3601 -1.2257 -0.7087, 0.2292 -1.0668 -0.7087, 0.2105 -1.056 -0.7087, 0.1885 -1.0496 -0.7087, 1.4764 -0.0787 -0.7087, 1.5019 -0.0754 -0.7087, 1.5256 -0.0656 -0.7087, 0.2461 -0.0656 -0.7087, 0.2698 -0.0754 -0.7087, 0.2953 -0.0787 -0.7087, 0.3207 -0.0754 -0.7087, 0.8858 -0.0787 -0.7087, 0.9113 -0.0754 -0.7087, 0.935 -0.0656 -0.7087, 0.9554 -0.0499 -0.7087, 0.3805 -0.0295 -0.7087, 0.8162 -0.0499 -0.7087, 0.8366 -0.0656 -0.7087, 0.1988 0.0 -0.7087, 0.2002 -0.0058 -0.7087, 0.21 -0.0295 -0.7087, 0.2257 -0.0499 -0.7087, 0.267 -1.1754 -0.7087, 0.2689 -1.1526 -0.7087, 0.266 -1.1246 -0.7087, 0.1688 -1.048 -0.7087, 0.1452 -1.0497 -0.7087, 0.8604 -0.0754 -0.7087, 0.3649 -0.0499 -0.7087, 0.3445 -0.0656 -0.7087, 1.546 -0.0499 -0.7087, 2.0669 0.0 -0.7087, 1.5616 -0.0295 -0.7087, 1.5714 -0.0058 -0.7087, 1.5728 0.0 -0.7087, 0.3917 0.0 -0.7087, 0.7894 0.0 -0.7087, 0.3903 -0.0058 -0.7087, 0.7908 -0.0058 -0.7087, 0.8006 -0.0295 -0.7087, -0.2329 -1.2473 -0.7087, -0.2086 -1.1933 -0.7087, -0.1973 -1.2109 -0.7087, -0.1988 0.0 -0.7087, -0.2002 -0.0058 -0.7087, -0.21 -0.0295 -0.7087, -0.1811 -1.2265 -0.7087, -0.1606 -1.2384 -0.7087, -0.1379 -1.2452 -0.7087, -0.0216 -1.2473 -0.7087, 0.084 -1.2473 -0.7087, 0.084 -1.0504 -0.7087, -0.2257 -0.0499 -0.7087, -1.4509 -0.0754 -0.7087, -1.4272 -0.0656 -0.7087, -0.4105 -1.2473 -0.7087, 0.0576 -1.072 -0.7087, 0.0576 -1.1369 -0.7087, -0.0168 -1.072 -0.7087, -0.012 -1.1369 -0.7087, 0.0576 -1.1585 -0.7087, 0.0576 -1.2257 -0.7087, -0.012 -1.1585 -0.7087, -0.0216 -1.2257 -0.7087, -0.06 -1.0504 -0.7087, -0.06 -1.2473 -0.7087, -0.1135 -1.2473 -0.7087, -0.1156 -1.0504 -0.7087, -0.144 -1.0535 -0.7087, -0.3073 -1.0504 -0.7087, -0.167 -1.0616 -0.7087, -0.1885 -1.0759 -0.7087, -0.9554 -0.0499 -0.7087, -0.9113 -0.0754 -0.7087, -0.935 -0.0656 -0.7087, -0.0168 -1.0504 -0.7087, -0.8858 -0.0787 -0.7087, -0.8604 -0.0754 -0.7087, -0.8366 -0.0656 -0.7087, -0.8162 -0.0499 -0.7087, -0.8006 -0.0295 -0.7087, -0.3649 -0.0499 -0.7087, -0.3445 -0.0656 -0.7087, -0.3207 -0.0754 -0.7087, -0.2953 -0.0787 -0.7087, -0.2698 -0.0754 -0.7087, -0.2461 -0.0656 -0.7087, -0.1887 -1.0761 -0.7087, -0.2026 -1.0915 -0.7087, -0.2117 -1.1085 -0.7087, -0.3337 -1.0504 -0.7087, -0.3817 -1.2473 -0.7087, -0.217 -1.1279 -0.7087, -0.2185 -1.1464 -0.7087, -0.2157 -1.1727 -0.7087, -0.9711 -0.0295 -0.7087, -1.4764 -0.0787 -0.7087, -2.0669 -1.2485 -0.7087, -1.5019 -0.0754 -0.7087, -1.5256 -0.0656 -0.7087, -1.5728 0.0 -0.7087, -1.5714 -0.0058 -0.7087, -2.0669 0.0 -0.7087, -1.5616 -0.0295 -0.7087, -1.546 -0.0499 -0.7087, -1.3813 -0.0058 -0.7087, -1.3799 0.0 -0.7087, -0.9823 0.0 -0.7087, -0.3618 -1.1921 -0.7087, -0.2805 -1.1921 -0.7087, -0.2617 -1.2473 -0.7087, -0.7894 0.0 -0.7087, -0.3917 0.0 -0.7087, -0.7908 -0.0058 -0.7087, -0.3903 -0.0058 -0.7087, -0.3805 -0.0295 -0.7087, -1.4068 -0.0499 -0.7087, -1.3911 -0.0295 -0.7087, -0.9809 -0.0058 -0.7087, 0.1434 -1.2457 -0.7087, 0.1633 -1.2485 -0.7087, 0.1032 -1.8504 -0.7087, 0.1712 -1.2496 -0.7087, 0.1766 -1.2497 -0.7087, 2.0669 -1.2485 -0.7087, 2.0669 -1.8504 -0.7087, -2.0669 -1.8504 -0.7087, 2.0669 -0.3699 0.7087, 2.0669 -0.0 0.7087, -2.0669 -0.3699 0.7087, -2.0669 -0.0 0.7087, 1.5603 -0.0 0.1859, 1.5587 -0.0 0.1895, 1.5729 -0.0 0.1463, 1.5703 -0.0 0.1575, -1.465 -0.0 0.2388, -1.4764 -0.0 0.2395, 1.5683 -0.0 0.1658, 1.5672 -0.0 0.1704, -1.394 -0.0 0.1895, -1.4073 -0.0 0.208, -1.4152 -0.0 0.2159, -1.4284 -0.0 0.2251, 1.5735 -0.0 0.0784, 1.5743 -0.0 0.099, 1.5744 -0.0 0.1013, 1.5743 -0.0 0.1218, 1.5743 -0.0 0.1262, 1.5743 -0.0 0.1334, -1.4332 -0.0 0.2285, -1.4441 -0.0 0.2335, -1.4516 -0.0 0.2354, -1.4977 -0.0 0.2369, -1.5013 -0.0 0.2358, -1.5066 -0.0 0.2343, -1.5246 -0.0 0.2254, -1.5263 -0.0 0.2245, -1.5334 -0.0 0.2194, 1.5728 -0.0 0.0591, -0.795 -0.0 0.1704, -0.8019 -0.0 0.1859, -0.8035 -0.0 0.1895, -0.8167 -0.0 0.208, -0.8246 -0.0 0.2159, -0.8378 -0.0 0.2251, -0.8426 -0.0 0.2285, -0.8536 -0.0 0.2335, -0.8858 -0.0 0.2395, -0.9071 -0.0 0.2369, 1.5455 -0.0 0.208, 1.5376 -0.0 0.2159, 1.5244 -0.0 0.2251, 1.5196 -0.0 0.2285, 1.5086 -0.0 0.2335, 1.5012 -0.0 0.2354, 1.4878 -0.0 0.2388, 1.4764 -0.0 0.2395, 1.4551 -0.0 0.2369, -0.861 -0.0 0.2354, -0.8745 -0.0 0.2388, -0.9357 -0.0 0.2245, -0.9429 -0.0 0.2194, -1.3799 -0.0 0.0591, -0.934 -0.0 0.2254, -1.5445 -0.0 0.2083, -1.5494 -0.0 0.2034, -1.5546 -0.0 0.1963, 0.9766 -0.0 0.1704, 1.4265 -0.0 0.2245, 1.4193 -0.0 0.2194, 0.9697 -0.0 0.1859, 0.9682 -0.0 0.1895, 0.9549 -0.0 0.208, 0.947 -0.0 0.2159, 0.9338 -0.0 0.2251, 0.929 -0.0 0.2285, 0.9181 -0.0 0.2335, 0.9106 -0.0 0.2354, 0.8972 -0.0 0.2388, -1.3785 -0.0 0.099, -1.3784 -0.0 0.1013, -0.9161 -0.0 0.2343, -1.3825 -0.0 0.1575, -1.3845 -0.0 0.1658, -1.3856 -0.0 0.1704, -1.3925 -0.0 0.1859, -0.9539 -0.0 0.2083, -0.9588 -0.0 0.2034, -0.964 -0.0 0.1963, 1.4515 -0.0 0.2358, 1.4461 -0.0 0.2343, 1.4282 -0.0 0.2254, 0.8858 -0.0 0.2395, 0.8645 -0.0 0.2369, 0.3861 -0.0 0.1704, 0.8609 -0.0 0.2358, 0.8556 -0.0 0.2343, 0.8376 -0.0 0.2254, 0.8359 -0.0 0.2245, 0.8288 -0.0 0.2194, 0.3792 -0.0 0.1859, 0.3776 -0.0 0.1895, 0.3644 -0.0 0.208, 0.3565 -0.0 0.2159, 0.3433 -0.0 0.2251, 0.3385 -0.0 0.2285, 0.3275 -0.0 0.2335, 0.3201 -0.0 0.2354, 0.3067 -0.0 0.2388, -0.2045 -0.0 0.1704, -0.2114 -0.0 0.1859, -0.2129 -0.0 0.1895, -0.2262 -0.0 0.208, -0.2341 -0.0 0.2159, -0.2473 -0.0 0.2251, -0.2521 -0.0 0.2285, -0.263 -0.0 0.2335, -0.2705 -0.0 0.2354, -0.2839 -0.0 0.2388, -0.9107 -0.0 0.2358, -1.3798 -0.0 0.1463, -1.3784 -0.0 0.1334, 1.4083 -0.0 0.2083, 1.4034 -0.0 0.2034, 1.3982 -0.0 0.1963, 0.2953 -0.0 0.2395, 0.274 -0.0 0.2369, 0.2704 -0.0 0.2358, 0.265 -0.0 0.2343, 0.2471 -0.0 0.2254, 0.2454 -0.0 0.2245, 0.2382 -0.0 0.2194, -0.2953 -0.0 0.2395, -0.3166 -0.0 0.2369, -0.3202 -0.0 0.2358, -0.3255 -0.0 0.2343, -0.3435 -0.0 0.2254, -0.3452 -0.0 0.2245, -0.3523 -0.0 0.2194, -1.3792 -0.0 0.0784, -1.3784 -0.0 0.1218, -1.3784 -0.0 0.1262, -1.56 -0.0 0.1856, -1.5655 -0.0 0.175, -1.5686 -0.0 0.166, -1.5748 -0.0 0.1147, -1.5743 -0.0 0.1005, 0.8177 -0.0 0.2083, 0.8128 -0.0 0.2034, 0.8076 -0.0 0.1963, -0.9695 -0.0 0.1856, -0.975 -0.0 0.175, -0.9781 -0.0 0.166, -0.9842 -0.0 0.1147, -0.9837 -0.0 0.1005, -1.5739 -0.0 0.1384, -1.5744 -0.0 0.126, -1.5745 -0.0 0.1226, 0.9838 -0.0 0.1334, 0.9824 -0.0 0.1463, 1.3789 -0.0 0.1384, 0.2272 -0.0 0.2083, 0.2223 -0.0 0.2034, 0.2171 -0.0 0.1963, -0.3634 -0.0 0.2083, -0.3683 -0.0 0.2034, -0.3735 -0.0 0.1963, -0.9833 -0.0 0.1384, -0.9838 -0.0 0.126, -0.9839 -0.0 0.1226, -1.5687 -0.0 0.1654, -1.5702 -0.0 0.1574, 1.3927 -0.0 0.1856, 1.3872 -0.0 0.175, 1.3841 -0.0 0.166, 0.3932 -0.0 0.1334, 0.3918 -0.0 0.1463, 0.7883 -0.0 0.1384, -0.9782 -0.0 0.1654, -0.9797 -0.0 0.1574, -1.5728 -0.0 0.0591, -1.5735 -0.0 0.0788, 0.9838 -0.0 0.1262, 0.9797 -0.0 0.1575, 0.9777 -0.0 0.1658, 0.8022 -0.0 0.1856, 0.7967 -0.0 0.175, 0.7936 -0.0 0.166, -0.1973 -0.0 0.1334, -0.1987 -0.0 0.1463, 0.1978 -0.0 0.1384, -0.7879 -0.0 0.1334, -0.7893 -0.0 0.1463, -0.3928 -0.0 0.1384, -0.9823 -0.0 0.0591, -0.983 -0.0 0.0788, 1.384 -0.0 0.1654, 1.3825 -0.0 0.1574, 0.3932 -0.0 0.1262, 0.3892 -0.0 0.1575, 0.3872 -0.0 0.1658, 0.2116 -0.0 0.1856, 0.2061 -0.0 0.175, 0.203 -0.0 0.166, -0.3789 -0.0 0.1856, -0.3844 -0.0 0.175, -0.3875 -0.0 0.166, 0.7935 -0.0 0.1654, 0.792 -0.0 0.1574, -0.2014 -0.0 0.1575, -0.2034 -0.0 0.1658, -0.7879 -0.0 0.1262, -0.7919 -0.0 0.1575, -0.7939 -0.0 0.1658, 0.2029 -0.0 0.1654, 0.2014 -0.0 0.1574, -0.3876 -0.0 0.1654, -0.3891 -0.0 0.1574, 1.3784 -0.0 0.126, 1.3783 -0.0 0.1226, 0.9838 -0.0 0.1218, 1.378 -0.0 0.1147, 0.9838 -0.0 0.1013, 1.3785 -0.0 0.1005, 0.9837 -0.0 0.099, 1.3792 -0.0 0.0788, 0.983 -0.0 0.0784, 1.3799 -0.0 0.0591, 0.9823 -0.0 0.0591, 0.1973 -0.0 0.126, 0.1972 -0.0 0.1226, -0.1973 -0.0 0.1262, 0.1969 -0.0 0.1147, -0.1973 -0.0 0.1218, 0.7878 -0.0 0.126, 0.7877 -0.0 0.1226, 0.3932 -0.0 0.1218, 0.7874 -0.0 0.1147, 0.3933 -0.0 0.1013, 0.7879 -0.0 0.1005, 0.3932 -0.0 0.099, 0.7887 -0.0 0.0788, 0.3924 -0.0 0.0784, 0.7894 -0.0 0.0591, 0.3917 -0.0 0.0591, -0.1973 -0.0 0.1013, 0.1974 -0.0 0.1005, -0.1974 -0.0 0.099, 0.1981 -0.0 0.0788, -0.1981 -0.0 0.0784, 0.1988 -0.0 0.0591, -0.3933 -0.0 0.126, -0.3934 -0.0 0.1226, -0.7879 -0.0 0.1218, -0.3937 -0.0 0.1147, -0.7878 -0.0 0.1013, -0.3932 -0.0 0.1005, -0.7879 -0.0 0.099, -0.3924 -0.0 0.0788, -0.7887 -0.0 0.0784, -0.3917 -0.0 0.0591, -0.7894 -0.0 0.0591, -0.1988 -0.0 0.0591, 1.9882 -1.8504 0.2953, 2.0669 -1.8504 0.2953, 1.9882 -1.8504 0.6299, 2.0669 -1.8504 0.7087, -1.9882 -1.8504 0.6299, -2.0669 -1.8504 0.7087, -1.9882 -1.8504 0.2953, -2.0669 -1.8504 0.2953, 1.9094 -1.7717 0.5512, 1.9094 -1.7717 0.2953, -1.9094 -1.7717 0.5512, -1.9094 -1.7717 0.2953, -2.0669 -0.3699 0.5949, -2.0669 -0.4659 0.5949, -2.0669 -1.2652 0.097, -2.0669 -1.2809 0.0591, -2.0669 -1.306 0.0264, -2.0669 -1.3386 0.0014, -2.0669 -1.8504 -0.0197, -2.0669 -1.4173 -0.0197, -2.0669 -1.3766 -0.0143, -2.0669 -1.2598 0.1378, -2.0669 -1.2652 0.1786, -2.0669 -0.4659 0.7087, -2.0669 -1.2809 0.2165, -2.0669 -1.306 0.2492, -2.0669 -1.3386 0.2742, -2.0669 -1.3766 0.2899, -2.0669 -1.4173 0.2953, 2.0669 -0.3699 0.5949, 2.0669 -1.3766 0.2899, 2.0669 -1.3386 0.2742, 2.0669 -0.4659 0.7087, 2.0669 -1.2598 0.1378, 2.0669 -1.2652 0.097, 2.0669 -0.4659 0.5949, 2.0669 -1.2809 0.0591, 2.0669 -1.306 0.0264, 2.0669 -1.3386 0.0014, 2.0669 -1.306 0.2492, 2.0669 -1.2809 0.2165, 2.0669 -1.2652 0.1786, 2.0669 -1.3766 -0.0143, 2.0669 -1.4173 -0.0197, 2.0669 -1.8504 -0.0197, 2.0669 -1.4173 0.2953, -1.9882 -1.8504 -0.6299, -1.9882 -1.8504 -0.0197, 1.9882 -1.8504 -0.6299, 1.9882 -1.8504 -0.0197, -1.9094 -0.4724 0.5512, -1.1811 -0.4724 0.5512, -0.5906 -0.4724 0.5512, -0.0 -0.4724 0.5512, 0.5906 -0.4724 0.5512, 1.1811 -0.4724 0.5512, 1.7421 -0.4724 0.5512, 1.9094 -0.4724 0.5512, 1.9094 -1.3766 -0.0143, 1.9094 -1.3386 0.0014, 1.9094 -0.4724 -0.5512, 1.9094 -1.306 0.0264, 1.9094 -1.2809 0.0591, 1.9094 -1.2652 0.097, 1.9094 -0.4724 0.4035, 1.9094 -1.4173 -0.0197, 1.9094 -1.7717 -0.5512, 1.9094 -1.7717 -0.0197, 1.9094 -1.2598 0.1378, 1.9094 -1.2652 0.1786, 1.9094 -1.2809 0.2165, 1.9094 -1.306 0.2492, 1.9094 -1.3386 0.2742, 1.9094 -1.3766 0.2899, 1.9094 -1.4173 0.2953, 1.7421 -0.4724 -0.5512, 1.1811 -0.4724 -0.5512, 0.5906 -0.4724 -0.5512, -1.9094 -1.7717 -0.5512, 0.0 -0.4724 -0.5512, -0.5906 -0.4724 -0.5512, -1.1811 -0.4724 -0.5512, -1.9094 -0.4724 -0.5512, -1.9094 -1.3766 0.2899, -1.9094 -1.3386 0.2742, -1.9094 -0.4724 0.4035, -1.9094 -1.2598 0.1378, -1.9094 -1.2652 0.097, -1.9094 -1.2809 0.0591, -1.9094 -1.306 0.0264, -1.9094 -1.4173 0.2953, -1.9094 -1.306 0.2492, -1.9094 -1.2809 0.2165, -1.9094 -1.2652 0.1786, -1.9094 -1.3386 0.0014, -1.9094 -1.3766 -0.0143, -1.9094 -1.4173 -0.0197, -1.9094 -1.7717 -0.0197, -1.1811 -0.4724 0.4035, 1.5019 -0.4724 0.0624, 1.4764 -0.4724 0.0591, -1.3813 -0.4724 0.132, -1.378 -0.4724 0.1575, -1.5256 -0.4724 0.0722, -1.546 -0.4724 0.0879, -1.5616 -0.4724 0.1083, -1.5714 -0.4724 0.132, -1.5748 -0.4724 0.1575, -1.3911 -0.4724 0.1083, -1.4068 -0.4724 0.0879, -1.4272 -0.4724 0.0722, -1.4509 -0.4724 0.0624, -1.4764 -0.4724 0.0591, -1.5019 -0.4724 0.0624, -1.5714 -0.4724 0.183, -1.5616 -0.4724 0.2067, -1.546 -0.4724 0.2271, -1.4764 -0.4724 0.2559, -1.5019 -0.4724 0.2526, -1.5256 -0.4724 0.2427, -1.4509 -0.4724 0.2526, -1.4272 -0.4724 0.2427, -1.4068 -0.4724 0.2271, -1.3911 -0.4724 0.2067, -1.3813 -0.4724 0.183, -0.935 -0.4724 0.0722, -0.9554 -0.4724 0.0879, -0.8366 -0.4724 0.2427, -0.8162 -0.4724 0.2271, -0.5906 -0.4724 0.4035, -0.8006 -0.4724 0.2067, -0.7908 -0.4724 0.132, -0.7874 -0.4724 0.1575, -0.7908 -0.4724 0.183, -0.8006 -0.4724 0.1083, -0.8162 -0.4724 0.0879, -0.8366 -0.4724 0.0722, -0.8604 -0.4724 0.0624, -0.8858 -0.4724 0.0591, -0.9113 -0.4724 0.0624, -0.9809 -0.4724 0.183, -0.9711 -0.4724 0.2067, -0.9554 -0.4724 0.2271, -0.935 -0.4724 0.2427, -0.9711 -0.4724 0.1083, -0.9809 -0.4724 0.132, -0.9843 -0.4724 0.1575, -0.9113 -0.4724 0.2526, -0.8858 -0.4724 0.2559, -0.8604 -0.4724 0.2526, -0.3207 -0.4724 0.0624, -0.3445 -0.4724 0.0722, -0.3649 -0.4724 0.0879, -0.2461 -0.4724 0.2427, -0.2257 -0.4724 0.2271, -0.0 -0.4724 0.4035, -0.21 -0.4724 0.2067, -0.3805 -0.4724 0.1083, -0.3903 -0.4724 0.132, -0.3937 -0.4724 0.1575, -0.3903 -0.4724 0.183, -0.3805 -0.4724 0.2067, -0.3649 -0.4724 0.2271, -0.3445 -0.4724 0.2427, -0.3207 -0.4724 0.2526, -0.2953 -0.4724 0.2559, -0.2698 -0.4724 0.2526, -0.2002 -0.4724 0.183, -0.1969 -0.4724 0.1575, -0.2002 -0.4724 0.132, -0.21 -0.4724 0.1083, -0.2698 -0.4724 0.0624, -0.2953 -0.4724 0.0591, -0.2257 -0.4724 0.0879, -0.2461 -0.4724 0.0722, 0.2953 -0.4724 0.0591, 0.3903 -0.4724 0.183, 0.3937 -0.4724 0.1575, 0.5906 -0.4724 0.4035, 0.3805 -0.4724 0.1083, 0.3649 -0.4724 0.0879, 0.2698 -0.4724 0.0624, 0.2461 -0.4724 0.0722, 0.2257 -0.4724 0.0879, 0.2002 -0.4724 0.183, 0.21 -0.4724 0.2067, 0.2257 -0.4724 0.2271, 0.2461 -0.4724 0.2427, 0.3903 -0.4724 0.132, 0.3445 -0.4724 0.0722, 0.3207 -0.4724 0.0624, 0.21 -0.4724 0.1083, 0.2002 -0.4724 0.132, 0.1969 -0.4724 0.1575, 0.2698 -0.4724 0.2526, 0.2953 -0.4724 0.2559, 0.3207 -0.4724 0.2526, 0.3445 -0.4724 0.2427, 0.3649 -0.4724 0.2271, 0.3805 -0.4724 0.2067, 0.8858 -0.4724 0.0591, 0.935 -0.4724 0.2427, 0.9554 -0.4724 0.2271, 1.1811 -0.4724 0.4035, 0.9843 -0.4724 0.1575, 0.9809 -0.4724 0.132, 0.9711 -0.4724 0.1083, 0.9554 -0.4724 0.0879, 0.8604 -0.4724 0.0624, 0.8366 -0.4724 0.0722, 0.8162 -0.4724 0.0879, 0.9711 -0.4724 0.2067, 0.9809 -0.4724 0.183, 0.935 -0.4724 0.0722, 0.9113 -0.4724 0.0624, 0.8006 -0.4724 0.1083, 0.7908 -0.4724 0.132, 0.7874 -0.4724 0.1575, 0.7908 -0.4724 0.183, 0.8006 -0.4724 0.2067, 0.8162 -0.4724 0.2271, 0.8366 -0.4724 0.2427, 0.8604 -0.4724 0.2526, 0.8858 -0.4724 0.2559, 0.9113 -0.4724 0.2526, 1.4272 -0.4724 0.0722, 1.4068 -0.4724 0.0879, 1.7421 -0.4724 0.4035, 1.5714 -0.4724 0.183, 1.5748 -0.4724 0.1575, 1.5714 -0.4724 0.132, 1.5616 -0.4724 0.1083, 1.4509 -0.4724 0.0624, 1.3911 -0.4724 0.1083, 1.3813 -0.4724 0.132, 1.378 -0.4724 0.1575, 1.3813 -0.4724 0.183, 1.3911 -0.4724 0.2067, 1.4068 -0.4724 0.2271, 1.546 -0.4724 0.0879, 1.5256 -0.4724 0.0722, 1.5019 -0.4724 0.2526, 1.5256 -0.4724 0.2427, 1.4272 -0.4724 0.2427, 1.4509 -0.4724 0.2526, 1.4764 -0.4724 0.2559, 1.546 -0.4724 0.2271, 1.5616 -0.4724 0.2067, 1.5616 -0.4724 0.2067
            ]
        }
        coordIndex [
            0,1,2,-1,3,4,5,-1,5,4,6,-1,7,8,9,-1,10,11,12,-1,0,2,13,-1,13,2,5,-1,13,5,14,-1,14,5,6,-1,14,6,15,-1,7,16,17,-1,17,16,18,-1,17,18,19,-1,9,20,7,-1,7,20,21,-1,7,21,22,-1,9,23,24,-1,12,11,6,-1,1,25,2,-1,2,25,26,-1,2,26,27,-1,28,29,2,-1,2,29,30,-1,31,32,33,-1,33,32,34,-1,30,35,2,-1,2,35,34,-1,2,34,36,-1,36,34,32,-1,27,37,2,-1,2,37,38,-1,2,38,28,-1,39,40,24,-1,24,40,41,-1,24,41,9,-1,19,42,17,-1,17,42,43,-1,17,43,44,-1,44,43,45,-1,44,45,46,-1,11,47,6,-1,6,47,48,-1,6,48,49,-1,22,50,7,-1,7,50,51,-1,7,51,52,-1,53,54,12,-1,12,54,55,-1,12,55,8,-1,8,55,56,-1,57,58,8,-1,8,58,59,-1,8,59,9,-1,9,59,60,-1,9,60,23,-1,61,62,63,-1,64,65,6,-1,6,65,66,-1,6,66,12,-1,12,66,67,-1,12,67,53,-1,45,68,46,-1,46,68,69,-1,46,69,12,-1,12,69,70,-1,12,70,10,-1,49,71,6,-1,6,71,72,-1,6,72,15,-1,63,73,61,-1,61,73,57,-1,61,57,74,-1,74,57,8,-1,74,8,75,-1,75,8,56,-1,52,76,77,-1,76,78,77,-1,77,78,79,-1,77,79,80,-1,81,82,83,-1,83,82,84,-1,83,84,61,-1,61,84,85,-1,61,85,62,-1,86,87,88,-1,89,6,90,-1,90,6,91,-1,88,92,86,-1,86,92,93,-1,86,93,94,-1,95,96,4,-1,4,96,97,-1,4,97,6,-1,6,97,98,-1,6,98,91,-1,99,100,101,-1,102,103,104,-1,104,103,105,-1,106,107,108,-1,108,107,109,-1,108,109,110,-1,110,109,111,-1,109,95,111,-1,111,95,4,-1,111,4,112,-1,113,114,115,-1,115,114,116,-1,115,116,117,-1,118,110,113,-1,119,97,120,-1,120,97,121,-1,120,121,118,-1,118,121,104,-1,118,104,110,-1,110,104,105,-1,110,105,108,-1,119,122,97,-1,97,122,123,-1,97,123,124,-1,124,125,97,-1,97,125,126,-1,97,126,127,-1,127,128,97,-1,97,128,129,-1,97,129,130,-1,130,131,97,-1,97,131,132,-1,97,132,98,-1,117,133,115,-1,115,133,134,-1,115,134,135,-1,101,100,136,-1,101,137,4,-1,135,138,115,-1,115,138,139,-1,115,139,86,-1,86,139,140,-1,86,140,87,-1,113,115,118,-1,118,115,136,-1,118,136,141,-1,142,143,144,-1,144,143,145,-1,146,147,148,-1,148,147,149,-1,148,149,143,-1,143,149,150,-1,143,150,145,-1,151,152,153,-1,154,155,137,-1,137,155,156,-1,137,156,4,-1,4,156,86,-1,4,86,112,-1,112,86,94,-1,157,158,159,-1,159,158,160,-1,159,160,126,-1,126,160,161,-1,126,161,127,-1,100,162,136,-1,136,162,163,-1,136,163,141,-1,141,163,151,-1,141,151,164,-1,164,151,153,-1,3,165,4,-1,4,165,166,-1,4,166,167,-1,166,168,167,-1,167,168,169,-1,167,169,16,-1,52,77,7,-1,7,77,170,-1,7,170,16,-1,16,170,171,-1,16,171,167,-1,167,172,4,-1,4,172,143,-1,4,143,101,-1,101,143,142,-1,101,142,99,-1,173,174,175,-1,175,174,176,-1,177,178,174,-1,174,179,180,-1,181,182,176,-1,180,183,174,-1,174,183,184,-1,174,184,177,-1,185,186,174,-1,174,186,187,-1,174,187,188,-1,189,190,174,-1,174,190,191,-1,174,191,192,-1,192,193,174,-1,174,193,194,-1,174,194,179,-1,188,195,174,-1,174,195,196,-1,174,196,176,-1,176,196,197,-1,176,197,181,-1,182,198,176,-1,176,198,199,-1,176,199,200,-1,200,201,176,-1,176,201,202,-1,176,202,203,-1,77,80,174,-1,174,80,204,-1,174,204,189,-1,174,205,206,-1,206,207,174,-1,174,207,208,-1,174,208,209,-1,209,210,174,-1,174,210,211,-1,174,211,212,-1,174,213,214,-1,178,215,174,-1,174,215,216,-1,174,216,217,-1,217,218,174,-1,174,218,219,-1,174,219,220,-1,220,221,174,-1,174,221,222,-1,174,222,223,-1,212,224,174,-1,174,224,225,-1,174,225,213,-1,226,227,228,-1,226,228,229,-1,203,230,176,-1,176,230,231,-1,176,231,232,-1,233,234,235,-1,233,236,174,-1,174,236,237,-1,174,237,238,-1,238,239,174,-1,174,239,240,-1,174,240,241,-1,241,242,174,-1,174,242,243,-1,174,243,244,-1,245,246,247,-1,248,249,214,-1,214,249,250,-1,214,250,174,-1,174,250,251,-1,174,251,185,-1,227,252,228,-1,228,252,253,-1,228,253,254,-1,223,255,174,-1,174,255,256,-1,174,256,233,-1,233,256,257,-1,233,257,234,-1,244,258,174,-1,174,258,259,-1,174,259,260,-1,260,259,261,-1,260,261,262,-1,262,263,260,-1,260,263,264,-1,260,264,265,-1,260,266,174,-1,174,266,267,-1,174,267,268,-1,268,269,174,-1,174,269,270,-1,174,270,271,-1,271,272,174,-1,174,272,273,-1,174,273,274,-1,275,276,174,-1,174,276,277,-1,174,277,278,-1,278,279,174,-1,174,279,280,-1,174,280,281,-1,281,282,174,-1,174,282,283,-1,174,283,284,-1,214,285,248,-1,248,285,247,-1,248,247,286,-1,286,247,287,-1,235,288,233,-1,233,288,289,-1,233,289,290,-1,274,291,174,-1,174,291,292,-1,174,292,275,-1,275,292,293,-1,275,293,294,-1,294,295,275,-1,275,295,296,-1,275,296,297,-1,284,298,174,-1,174,298,299,-1,174,299,205,-1,205,299,300,-1,205,300,301,-1,301,302,205,-1,205,302,303,-1,205,303,304,-1,229,228,247,-1,247,228,305,-1,247,305,245,-1,246,306,247,-1,247,306,307,-1,247,307,287,-1,232,308,176,-1,176,308,309,-1,176,309,310,-1,176,311,312,-1,265,313,260,-1,260,313,314,-1,260,314,315,-1,254,316,228,-1,228,316,317,-1,228,317,318,-1,228,319,320,-1,321,322,176,-1,176,322,323,-1,176,323,311,-1,324,325,326,-1,297,327,275,-1,275,327,328,-1,275,328,329,-1,304,330,205,-1,205,330,331,-1,205,331,332,-1,333,334,228,-1,228,334,335,-1,228,335,319,-1,310,336,176,-1,176,336,337,-1,176,337,321,-1,290,338,233,-1,233,338,339,-1,233,339,340,-1,341,342,343,-1,318,344,228,-1,228,344,345,-1,228,345,333,-1,146,148,346,-1,346,148,176,-1,346,176,347,-1,347,176,312,-1,324,326,348,-1,325,349,326,-1,326,349,350,-1,326,350,233,-1,315,351,260,-1,260,351,352,-1,260,352,353,-1,354,355,356,-1,357,358,359,-1,153,152,360,-1,360,152,228,-1,360,228,361,-1,361,228,320,-1,340,362,233,-1,233,362,363,-1,233,363,326,-1,341,343,364,-1,342,365,343,-1,343,365,366,-1,343,366,260,-1,329,367,275,-1,275,367,368,-1,275,368,369,-1,332,370,205,-1,205,370,371,-1,205,371,372,-1,353,373,260,-1,260,373,374,-1,260,374,343,-1,355,375,356,-1,356,375,376,-1,356,376,275,-1,357,359,377,-1,358,378,359,-1,359,378,379,-1,359,379,205,-1,369,380,275,-1,275,380,381,-1,275,381,356,-1,372,382,205,-1,205,382,383,-1,205,383,359,-1,326,384,348,-1,348,384,385,-1,348,385,386,-1,386,385,387,-1,386,387,388,-1,388,387,389,-1,388,389,390,-1,390,389,391,-1,390,391,392,-1,392,391,393,-1,392,393,394,-1,394,393,40,-1,394,40,39,-1,356,395,354,-1,354,395,396,-1,354,396,397,-1,397,396,398,-1,397,398,399,-1,343,400,364,-1,364,400,401,-1,364,401,402,-1,402,401,403,-1,402,403,404,-1,404,403,405,-1,404,405,406,-1,406,405,407,-1,406,407,408,-1,408,407,409,-1,408,409,410,-1,410,409,82,-1,410,82,81,-1,399,398,411,-1,411,398,412,-1,411,412,413,-1,413,412,414,-1,413,414,415,-1,64,6,416,-1,416,6,414,-1,359,417,377,-1,377,417,418,-1,377,418,419,-1,419,418,420,-1,419,420,421,-1,421,420,422,-1,421,422,423,-1,423,422,424,-1,423,424,425,-1,425,424,426,-1,425,426,427,-1,427,426,158,-1,427,158,157,-1,415,414,428,-1,428,414,6,-1,428,6,89,-1,429,430,431,-1,431,430,432,-1,431,432,433,-1,433,432,434,-1,433,434,435,-1,435,434,436,-1,431,437,429,-1,429,437,438,-1,439,433,440,-1,440,433,435,-1,175,176,441,-1,441,176,148,-1,441,148,442,-1,443,442,444,-1,444,442,445,-1,148,143,442,-1,442,143,172,-1,442,172,445,-1,445,172,446,-1,447,448,172,-1,172,448,449,-1,172,449,446,-1,443,450,442,-1,442,450,451,-1,442,451,452,-1,452,451,453,-1,452,453,454,-1,454,455,452,-1,452,455,456,-1,452,456,434,-1,434,456,457,-1,434,457,436,-1,77,174,458,-1,458,174,173,-1,459,460,461,-1,462,463,464,-1,464,463,465,-1,464,465,466,-1,77,458,170,-1,170,458,464,-1,170,464,171,-1,171,464,466,-1,171,466,467,-1,460,468,461,-1,461,468,469,-1,461,469,464,-1,464,469,470,-1,464,470,462,-1,467,471,171,-1,171,471,472,-1,171,472,473,-1,459,461,474,-1,474,461,432,-1,474,432,430,-1,452,434,461,-1,461,434,432,-1,475,476,447,-1,447,172,475,-1,475,172,167,-1,475,167,477,-1,477,167,171,-1,477,171,478,-1,478,171,473,-1,439,479,480,-1,480,481,439,-1,439,481,482,-1,439,482,437,-1,437,482,483,-1,483,484,437,-1,437,484,485,-1,437,485,486,-1,487,488,489,-1,489,488,490,-1,490,491,489,-1,489,491,492,-1,489,492,493,-1,487,489,494,-1,494,489,495,-1,494,495,496,-1,492,497,493,-1,493,497,498,-1,493,498,486,-1,486,498,499,-1,486,499,500,-1,500,501,486,-1,486,501,502,-1,486,502,437,-1,437,502,503,-1,437,503,438,-1,495,489,504,-1,504,505,495,-1,495,505,506,-1,495,506,507,-1,507,506,508,-1,508,509,507,-1,507,509,510,-1,507,510,511,-1,512,513,479,-1,511,514,515,-1,515,516,511,-1,511,516,517,-1,511,517,518,-1,512,479,519,-1,519,479,439,-1,519,439,440,-1,513,520,479,-1,479,520,521,-1,479,521,514,-1,514,521,522,-1,514,522,515,-1,518,523,511,-1,511,523,524,-1,511,524,507,-1,507,524,525,-1,507,525,526,-1,479,514,527,-1,528,529,504,-1,530,510,531,-1,531,510,527,-1,511,532,533,-1,533,534,511,-1,511,534,535,-1,511,535,514,-1,514,535,536,-1,530,537,510,-1,510,537,538,-1,510,538,539,-1,539,540,510,-1,510,540,541,-1,510,541,511,-1,511,541,542,-1,511,542,532,-1,536,543,514,-1,514,543,544,-1,514,544,545,-1,546,527,547,-1,547,527,514,-1,547,514,548,-1,548,514,545,-1,546,549,527,-1,527,549,550,-1,527,550,551,-1,551,552,527,-1,527,552,553,-1,527,553,531,-1,554,555,510,-1,556,557,558,-1,558,557,559,-1,560,509,561,-1,561,509,558,-1,561,558,562,-1,562,558,559,-1,560,563,509,-1,509,563,564,-1,509,564,565,-1,565,566,509,-1,509,566,567,-1,509,567,510,-1,510,567,568,-1,510,568,554,-1,569,570,527,-1,527,570,571,-1,527,571,572,-1,555,573,510,-1,510,573,574,-1,510,574,527,-1,527,574,575,-1,527,575,569,-1,572,576,527,-1,527,576,577,-1,527,577,558,-1,558,577,578,-1,558,578,556,-1,579,580,509,-1,509,580,581,-1,582,583,584,-1,584,583,585,-1,581,586,509,-1,509,586,587,-1,509,587,558,-1,558,587,588,-1,558,588,589,-1,589,590,558,-1,558,590,591,-1,558,591,592,-1,592,593,558,-1,558,593,594,-1,558,594,584,-1,584,594,595,-1,584,595,582,-1,585,596,584,-1,584,596,597,-1,584,597,508,-1,508,597,598,-1,508,598,599,-1,508,600,509,-1,509,600,601,-1,509,601,579,-1,599,602,508,-1,508,602,603,-1,508,603,600,-1,508,506,604,-1,605,606,607,-1,608,609,506,-1,604,610,508,-1,508,610,611,-1,508,611,612,-1,613,614,584,-1,584,614,615,-1,584,615,616,-1,607,606,506,-1,506,606,617,-1,506,617,608,-1,609,618,506,-1,506,618,619,-1,506,619,604,-1,612,620,508,-1,508,620,621,-1,508,621,584,-1,584,621,622,-1,584,622,613,-1,616,623,584,-1,584,623,624,-1,584,624,607,-1,607,624,625,-1,607,625,626,-1,626,627,607,-1,607,627,628,-1,607,628,605,-1,506,505,629,-1,630,631,632,-1,505,632,633,-1,633,634,505,-1,505,634,635,-1,505,635,636,-1,629,637,506,-1,506,637,638,-1,506,638,639,-1,631,640,632,-1,632,640,641,-1,632,641,633,-1,636,642,505,-1,505,642,643,-1,505,643,629,-1,639,644,506,-1,506,644,645,-1,506,645,607,-1,607,645,646,-1,607,646,647,-1,647,648,607,-1,607,648,649,-1,607,649,650,-1,650,651,607,-1,607,651,652,-1,607,652,632,-1,632,652,653,-1,632,653,630,-1,654,655,505,-1,656,657,658,-1,658,659,504,-1,504,659,660,-1,504,529,505,-1,505,529,661,-1,505,661,654,-1,655,662,505,-1,505,662,663,-1,505,663,632,-1,632,663,664,-1,664,665,632,-1,632,665,666,-1,632,666,667,-1,660,668,504,-1,504,668,669,-1,504,669,528,-1,656,670,671,-1,667,672,632,-1,632,672,673,-1,632,673,656,-1,656,673,674,-1,656,674,670,-1,671,675,656,-1,656,675,676,-1,656,676,657,-1,658,504,656,-1,656,504,489,-1,656,489,493,-1,479,527,480,-1,480,527,558,-1,480,558,481,-1,481,558,584,-1,481,584,482,-1,482,584,607,-1,482,607,483,-1,483,607,632,-1,483,632,484,-1,484,632,656,-1,484,656,485,-1,485,656,493,-1,485,493,486,-1,477,495,475,-1,475,495,507,-1,495,477,496,-1,496,477,478,-1,475,507,476,-1,476,507,526,-1,433,439,431,-1,431,439,437,-1,526,525,476,-1,476,525,448,-1,476,448,447,-1,519,440,457,-1,457,440,435,-1,457,435,436,-1,448,525,449,-1,449,525,524,-1,449,524,446,-1,446,524,523,-1,446,523,445,-1,445,523,518,-1,445,518,444,-1,444,518,517,-1,444,517,443,-1,443,517,516,-1,443,516,450,-1,450,516,515,-1,450,515,451,-1,451,515,522,-1,451,522,453,-1,453,522,521,-1,453,521,454,-1,454,521,520,-1,454,520,455,-1,455,520,513,-1,455,513,456,-1,456,513,512,-1,456,512,457,-1,457,512,519,-1,494,472,487,-1,487,472,471,-1,487,471,488,-1,488,471,467,-1,488,467,490,-1,490,467,466,-1,490,466,491,-1,491,466,465,-1,491,465,492,-1,492,465,463,-1,492,463,497,-1,497,463,462,-1,497,462,498,-1,498,462,470,-1,498,470,499,-1,499,470,469,-1,499,469,500,-1,500,469,468,-1,500,468,501,-1,501,468,460,-1,501,460,502,-1,502,460,459,-1,502,459,503,-1,503,459,474,-1,438,503,429,-1,429,503,474,-1,429,474,430,-1,494,496,472,-1,472,496,478,-1,472,478,473,-1,
        ]
    }
}
Shape{
    appearance Appearance {
        material  Material 	{
            diffuseColor 0.6666666666666666 0.6666666666666666 0.6666666666666666
            specularColor 0.4666666666666667 0.4666666666666667 0.4666666666666667
            ambientIntensity 0.2
            transparency 0
            shininess 0.5
        }
    }
    geometry IndexedFaceSet {
        ccw TRUE
        solid FALSE
        coord DEF co Coordinate {
            point [
                1.5748 -0.4724 0.1575, 1.5714 -1.5157 0.132, 1.5714 -0.4724 0.132, 1.5616 -1.5157 0.1083, 1.5616 -0.4724 0.1083, 1.546 -1.5157 0.0879, 1.546 -0.4724 0.0879, 1.5256 -1.5157 0.0722, 1.5256 -0.4724 0.0722, 1.5019 -1.5157 0.0624, 1.5019 -0.4724 0.0624, 1.4764 -1.5157 0.0591, 1.4764 -0.4724 0.0591, 1.4509 -1.5157 0.0624, 1.4509 -0.4724 0.0624, 1.4272 -1.5157 0.0722, 1.4272 -0.4724 0.0722, 1.4068 -1.5157 0.0879, 1.4068 -0.4724 0.0879, 1.3911 -1.5157 0.1083, 1.3911 -0.4724 0.1083, 1.3813 -1.5157 0.132, 1.3813 -0.4724 0.132, 1.378 -1.5157 0.1575, 1.378 -0.4724 0.1575, 1.3813 -1.5157 0.183, 1.3813 -0.4724 0.183, 1.3911 -1.5157 0.2067, 1.3911 -0.4724 0.2067, 1.4068 -1.5157 0.2271, 1.4068 -0.4724 0.2271, 1.4272 -1.5157 0.2427, 1.4272 -0.4724 0.2427, 1.4509 -1.5157 0.2526, 1.4509 -0.4724 0.2526, 1.4764 -1.5157 0.2559, 1.4764 -0.4724 0.2559, 1.5019 -1.5157 0.2526, 1.5019 -0.4724 0.2526, 1.5256 -1.5157 0.2427, 1.5256 -0.4724 0.2427, 1.546 -1.5157 0.2271, 1.546 -0.4724 0.2271, 1.5616 -1.5157 0.2067, 1.5616 -0.4724 0.2067, 1.5714 -1.5157 0.183, 1.5714 -0.4724 0.183, 1.5748 -1.5157 0.1575, 1.3783 -0.0 0.1226, 1.3784 -0.0 0.126, 1.3821 0.0181 0.1406, 1.4034 -0.0 0.2034, 1.4083 -0.0 0.2083, 1.408 0.022 0.195, 1.5744 -0.0 0.1013, 1.5743 -0.0 0.099, 1.5747 0.0121 0.1048, 1.5728 -0.0 0.0591, 1.5745 0.0197 0.0591, 1.5735 -0.0 0.0784, 1.5747 0.0202 0.0826, 1.5743 -0.0 0.1218, 1.5707 0.0343 0.116, 1.5743 -0.0 0.1262, 1.5729 -0.0 0.1463, 1.5743 -0.0 0.1334, 1.5707 0.0181 0.1406, 1.5605 0.0357 0.1554, 1.5683 -0.0 0.1658, 1.5703 -0.0 0.1575, 1.5605 0.0103 0.1792, 1.5603 -0.0 0.1859, 1.5672 -0.0 0.1704, 1.5587 -0.0 0.1895, 1.5448 0.022 0.195, 1.5455 -0.0 0.208, 1.5376 -0.0 0.2159, 1.5246 0.0309 0.207, 1.5244 -0.0 0.2251, 1.5196 -0.0 0.2285, 1.5013 0.0366 0.2146, 1.5086 -0.0 0.2335, 1.4764 0.0385 0.2172, 1.4878 -0.0 0.2388, 1.5012 -0.0 0.2354, 1.4514 0.0366 0.2146, 1.4551 -0.0 0.2369, 1.4764 -0.0 0.2395, 1.4265 -0.0 0.2245, 1.4282 -0.0 0.2254, 1.4281 0.0309 0.207, 1.4461 -0.0 0.2343, 1.4515 -0.0 0.2358, 1.4193 -0.0 0.2194, 1.3923 0.0103 0.1792, 1.384 -0.0 0.1654, 1.3841 -0.0 0.166, 1.3872 -0.0 0.175, 1.3927 -0.0 0.1856, 1.3982 -0.0 0.1963, 1.3789 -0.0 0.1384, 1.3825 -0.0 0.1574, 1.3923 0.0357 0.1554, 1.3799 -0.0 0.0591, 1.3792 -0.0 0.0788, 1.3783 0.0197 0.0591, 1.378 0.0202 0.0826, 1.3821 0.0444 0.0883, 1.3816 0.0451 0.0591, 1.378 0.023 0.0591, 1.3923 0.0667 0.0936, 1.3914 0.0688 0.0591, 1.3821 0.0478 0.0591, 1.408 0.0859 0.0982, 1.4069 0.0892 0.0591, 1.3923 0.0708 0.0591, 1.4281 0.1005 0.1016, 1.4272 0.1048 0.0591, 1.408 0.0904 0.0591, 1.4514 0.1097 0.1038, 1.4509 0.1147 0.0591, 1.4281 0.1055 0.0591, 1.5246 0.1005 0.1016, 1.5018 0.1147 0.0591, 1.5013 0.1097 0.1038, 1.5013 0.1149 0.0591, 1.4764 0.1128 0.1046, 1.4764 0.1181 0.0591, 1.4514 0.1149 0.0591, 1.5448 0.0859 0.0982, 1.5255 0.1048 0.0591, 1.5246 0.1055 0.0591, 1.5605 0.0667 0.0936, 1.5458 0.0892 0.0591, 1.5448 0.0904 0.0591, 1.408 0.0507 0.168, 1.4281 0.0622 0.1777, 1.4514 0.0694 0.1838, 1.4764 0.0719 0.1858, 1.5013 0.0694 0.1838, 1.5246 0.0622 0.1777, 1.5448 0.0507 0.168, 1.5707 0.0444 0.0883, 1.5614 0.0688 0.0591, 1.5605 0.0708 0.0591, 1.3785 -0.0 0.1005, 1.378 -0.0 0.1147, 1.378 0.0121 0.1048, 1.3821 0.0343 0.116, 1.3923 0.0548 0.1263, 1.408 0.0724 0.1351, 1.4281 0.0858 0.1419, 1.4514 0.0942 0.1461, 1.4764 0.0971 0.1476, 1.5013 0.0942 0.1461, 1.5246 0.0858 0.1419, 1.5448 0.0724 0.1351, 1.5605 0.0548 0.1263, 1.5747 0.023 0.0591, 1.5711 0.0451 0.0591, 1.5707 0.0478 0.0591, 1.3799 0.0 -0.7087, 1.5714 -0.0058 -1.5945, 1.5616 -0.0295 -0.7087, 1.5616 -0.0295 -1.5945, 1.546 -0.0499 -0.7087, 1.546 -0.0499 -1.5945, 1.5256 -0.0656 -0.7087, 1.5256 -0.0656 -1.5945, 1.5019 -0.0754 -0.7087, 1.5019 -0.0754 -1.5945, 1.4764 -0.0787 -0.7087, 1.4764 -0.0787 -1.5945, 1.4509 -0.0754 -0.7087, 1.4509 -0.0754 -1.5945, 1.4272 -0.0656 -0.7087, 1.4272 -0.0656 -1.5945, 1.4068 -0.0499 -0.7087, 1.4068 -0.0499 -1.5945, 1.3911 -0.0295 -0.7087, 1.3911 -0.0295 -1.5945, 1.3813 -0.0058 -0.7087, 1.3813 -0.0058 -1.5945, 1.378 0.0197 -1.5945, 1.5748 0.0197 -1.5945, 1.5728 0.0 -0.7087, 1.5714 -0.0058 -0.7087, 1.5714 0.0452 -1.5945, 1.5616 0.0689 -1.5945, 1.546 0.0893 -1.5945, 1.5256 0.1049 -1.5945, 1.5019 0.1148 -1.5945, 1.4764 0.1181 -1.5945, 1.4509 0.1148 -1.5945, 1.4272 0.1049 -1.5945, 1.4068 0.0893 -1.5945, 1.3911 0.0689 -1.5945, 1.3813 0.0452 -1.5945, 1.4636 0.0417 -1.6896, 1.4698 0.0443 -1.6896, 1.4764 0.0197 -1.6929, 1.4584 0.0377 -1.6896, 1.4543 0.0324 -1.6896, 1.4518 0.0263 -1.6896, 1.4509 0.0197 -1.6896, 1.4518 0.0131 -1.6896, 1.4543 0.0069 -1.6896, 1.4584 0.0017 -1.6896, 1.4636 -0.0024 -1.6896, 1.4698 -0.0049 -1.6896, 1.4764 -0.0058 -1.6896, 1.483 -0.0049 -1.6896, 1.4891 -0.0024 -1.6896, 1.4944 0.0017 -1.6896, 1.4984 0.0069 -1.6896, 1.501 0.0131 -1.6896, 1.5019 0.0197 -1.6896, 1.501 0.0263 -1.6896, 1.4984 0.0324 -1.6896, 1.4944 0.0377 -1.6896, 1.4891 0.0417 -1.6896, 1.483 0.0443 -1.6896, 1.4764 0.0452 -1.6896, 1.4518 0.1115 -1.62, 1.4288 0.102 -1.62, 1.4092 0.0869 -1.62, 1.394 0.0672 -1.62, 1.3845 0.0443 -1.62, 1.3813 0.0197 -1.62, 1.3845 -0.0049 -1.62, 1.394 -0.0279 -1.62, 1.4092 -0.0475 -1.62, 1.4288 -0.0626 -1.62, 1.4518 -0.0721 -1.62, 1.4764 -0.0754 -1.62, 1.501 -0.0721 -1.62, 1.5239 -0.0626 -1.62, 1.5436 -0.0475 -1.62, 1.5587 -0.0279 -1.62, 1.5682 -0.0049 -1.62, 1.5714 0.0197 -1.62, 1.5682 0.0443 -1.62, 1.5587 0.0672 -1.62, 1.5436 0.0869 -1.62, 1.5239 0.102 -1.62, 1.501 0.1115 -1.62, 1.4764 0.1148 -1.62, 1.4543 0.102 -1.6437, 1.4338 0.0935 -1.6437, 1.4161 0.08 -1.6437, 1.4026 0.0623 -1.6437, 1.394 0.0417 -1.6437, 1.3911 0.0197 -1.6437, 1.394 -0.0024 -1.6437, 1.4026 -0.0229 -1.6437, 1.4161 -0.0406 -1.6437, 1.4338 -0.0541 -1.6437, 1.4543 -0.0626 -1.6437, 1.4764 -0.0656 -1.6437, 1.4984 -0.0626 -1.6437, 1.519 -0.0541 -1.6437, 1.5367 -0.0406 -1.6437, 1.5502 -0.0229 -1.6437, 1.5587 -0.0024 -1.6437, 1.5616 0.0197 -1.6437, 1.5587 0.0417 -1.6437, 1.5502 0.0623 -1.6437, 1.5367 0.08 -1.6437, 1.519 0.0935 -1.6437, 1.4984 0.102 -1.6437, 1.4764 0.1049 -1.6437, 1.4584 0.0869 -1.6641, 1.4416 0.08 -1.6641, 1.4272 0.0689 -1.6641, 1.4161 0.0545 -1.6641, 1.4092 0.0377 -1.6641, 1.4068 0.0197 -1.6641, 1.4092 0.0017 -1.6641, 1.4161 -0.0151 -1.6641, 1.4272 -0.0295 -1.6641, 1.4416 -0.0406 -1.6641, 1.4584 -0.0475 -1.6641, 1.4764 -0.0499 -1.6641, 1.4944 -0.0475 -1.6641, 1.5112 -0.0406 -1.6641, 1.5256 -0.0295 -1.6641, 1.5367 -0.0151 -1.6641, 1.5436 0.0017 -1.6641, 1.546 0.0197 -1.6641, 1.5436 0.0377 -1.6641, 1.5367 0.0545 -1.6641, 1.5256 0.0689 -1.6641, 1.5112 0.08 -1.6641, 1.4944 0.0869 -1.6641, 1.4764 0.0893 -1.6641, 1.4636 0.0672 -1.6797, 1.4518 0.0623 -1.6797, 1.4416 0.0545 -1.6797, 1.4338 0.0443 -1.6797, 1.4288 0.0324 -1.6797, 1.4272 0.0197 -1.6797, 1.4288 0.0069 -1.6797, 1.4338 -0.0049 -1.6797, 1.4416 -0.0151 -1.6797, 1.4518 -0.0229 -1.6797, 1.4636 -0.0279 -1.6797, 1.4764 -0.0295 -1.6797, 1.4891 -0.0279 -1.6797, 1.501 -0.0229 -1.6797, 1.5112 -0.0151 -1.6797, 1.519 -0.0049 -1.6797, 1.5239 0.0069 -1.6797, 1.5256 0.0197 -1.6797, 1.5239 0.0324 -1.6797, 1.519 0.0443 -1.6797, 1.5112 0.0545 -1.6797, 1.501 0.0623 -1.6797, 1.4891 0.0672 -1.6797, 1.4764 0.0689 -1.6797, 1.4764 -1.6142 0.1575, 1.4518 -1.6108 0.1509, 1.4543 -1.6108 0.1447, 1.4509 -1.6108 0.1575, 1.4636 -1.6108 0.1354, 1.4698 -1.6108 0.1329, 1.4584 -1.6108 0.1395, 1.483 -1.6108 0.1329, 1.4891 -1.6108 0.1354, 1.4764 -1.6108 0.132, 1.4984 -1.6108 0.1447, 1.501 -1.6108 0.1509, 1.4944 -1.6108 0.1395, 1.501 -1.6108 0.1641, 1.4984 -1.6108 0.1702, 1.5019 -1.6108 0.1575, 1.4891 -1.6108 0.1795, 1.483 -1.6108 0.1821, 1.4944 -1.6108 0.1755, 1.4698 -1.6108 0.1821, 1.4636 -1.6108 0.1795, 1.4764 -1.6108 0.183, 1.4543 -1.6108 0.1702, 1.4518 -1.6108 0.1641, 1.4584 -1.6108 0.1755, 1.4288 -1.601 0.1447, 1.4338 -1.601 0.1329, 1.4416 -1.601 0.1227, 1.4518 -1.601 0.1149, 1.4636 -1.601 0.1099, 1.4764 -1.601 0.1083, 1.4891 -1.601 0.1099, 1.501 -1.601 0.1149, 1.5112 -1.601 0.1227, 1.519 -1.601 0.1329, 1.5239 -1.601 0.1447, 1.5256 -1.601 0.1575, 1.5239 -1.601 0.1702, 1.519 -1.601 0.1821, 1.5112 -1.601 0.1923, 1.501 -1.601 0.2001, 1.4891 -1.601 0.205, 1.4764 -1.601 0.2067, 1.4636 -1.601 0.205, 1.4518 -1.601 0.2001, 1.4416 -1.601 0.1923, 1.4338 -1.601 0.1821, 1.4288 -1.601 0.1702, 1.4272 -1.601 0.1575, 1.4092 -1.5853 0.1395, 1.4161 -1.5853 0.1227, 1.4272 -1.5853 0.1083, 1.4416 -1.5853 0.0972, 1.4584 -1.5853 0.0903, 1.4764 -1.5853 0.0879, 1.4944 -1.5853 0.0903, 1.5112 -1.5853 0.0972, 1.5256 -1.5853 0.1083, 1.5367 -1.5853 0.1227, 1.5436 -1.5853 0.1395, 1.546 -1.5853 0.1575, 1.5436 -1.5853 0.1755, 1.5367 -1.5853 0.1923, 1.5256 -1.5853 0.2067, 1.5112 -1.5853 0.2178, 1.4944 -1.5853 0.2247, 1.4764 -1.5853 0.2271, 1.4584 -1.5853 0.2247, 1.4416 -1.5853 0.2178, 1.4272 -1.5853 0.2067, 1.4161 -1.5853 0.1923, 1.4092 -1.5853 0.1755, 1.4068 -1.5853 0.1575, 1.394 -1.565 0.1354, 1.4026 -1.565 0.1149, 1.4161 -1.565 0.0972, 1.4338 -1.565 0.0837, 1.4543 -1.565 0.0751, 1.4764 -1.565 0.0722, 1.4984 -1.565 0.0751, 1.519 -1.565 0.0837, 1.5367 -1.565 0.0972, 1.5502 -1.565 0.1149, 1.5587 -1.565 0.1354, 1.5616 -1.565 0.1575, 1.5587 -1.565 0.1795, 1.5502 -1.565 0.2001, 1.5367 -1.565 0.2178, 1.519 -1.565 0.2313, 1.4984 -1.565 0.2398, 1.4764 -1.565 0.2427, 1.4543 -1.565 0.2398, 1.4338 -1.565 0.2313, 1.4161 -1.565 0.2178, 1.4026 -1.565 0.2001, 1.394 -1.565 0.1795, 1.3911 -1.565 0.1575, 1.3845 -1.5412 0.1329, 1.394 -1.5412 0.1099, 1.4092 -1.5412 0.0903, 1.4288 -1.5412 0.0751, 1.4518 -1.5412 0.0656, 1.4764 -1.5412 0.0624, 1.501 -1.5412 0.0656, 1.5239 -1.5412 0.0751, 1.5436 -1.5412 0.0903, 1.5587 -1.5412 0.1099, 1.5682 -1.5412 0.1329, 1.5714 -1.5412 0.1575, 1.5682 -1.5412 0.1821, 1.5587 -1.5412 0.205, 1.5436 -1.5412 0.2247, 1.5239 -1.5412 0.2398, 1.501 -1.5412 0.2493, 1.4764 -1.5412 0.2526, 1.4518 -1.5412 0.2493, 1.4288 -1.5412 0.2398, 1.4092 -1.5412 0.2247, 1.394 -1.5412 0.205, 1.3845 -1.5412 0.1821, 1.3813 -1.5412 0.1575, 0.9843 -0.4724 0.1575, 0.9809 -1.5157 0.132, 0.9809 -0.4724 0.132, 0.9711 -1.5157 0.1083, 0.9711 -0.4724 0.1083, 0.9554 -1.5157 0.0879, 0.9554 -0.4724 0.0879, 0.935 -1.5157 0.0722, 0.935 -0.4724 0.0722, 0.9113 -1.5157 0.0624, 0.9113 -0.4724 0.0624, 0.8858 -1.5157 0.0591, 0.8858 -0.4724 0.0591, 0.8604 -1.5157 0.0624, 0.8604 -0.4724 0.0624, 0.8366 -1.5157 0.0722, 0.8366 -0.4724 0.0722, 0.8162 -1.5157 0.0879, 0.8162 -0.4724 0.0879, 0.8006 -1.5157 0.1083, 0.8006 -0.4724 0.1083, 0.7908 -1.5157 0.132, 0.7908 -0.4724 0.132, 0.7874 -1.5157 0.1575, 0.7874 -0.4724 0.1575, 0.7908 -1.5157 0.183, 0.7908 -0.4724 0.183, 0.8006 -1.5157 0.2067, 0.8006 -0.4724 0.2067, 0.8162 -1.5157 0.2271, 0.8162 -0.4724 0.2271, 0.8366 -1.5157 0.2427, 0.8366 -0.4724 0.2427, 0.8604 -1.5157 0.2526, 0.8604 -0.4724 0.2526, 0.8858 -1.5157 0.2559, 0.8858 -0.4724 0.2559, 0.9113 -1.5157 0.2526, 0.9113 -0.4724 0.2526, 0.935 -1.5157 0.2427, 0.935 -0.4724 0.2427, 0.9554 -1.5157 0.2271, 0.9554 -0.4724 0.2271, 0.9711 -1.5157 0.2067, 0.9711 -0.4724 0.2067, 0.9809 -1.5157 0.183, 0.9809 -0.4724 0.183, 0.9843 -1.5157 0.1575, 0.7877 -0.0 0.1226, 0.7878 -0.0 0.126, 0.7915 0.0181 0.1406, 0.8128 -0.0 0.2034, 0.8177 -0.0 0.2083, 0.8174 0.022 0.195, 0.9838 -0.0 0.1013, 0.9837 -0.0 0.099, 0.9842 0.0121 0.1048, 0.9823 -0.0 0.0591, 0.9839 0.0197 0.0591, 0.983 -0.0 0.0784, 0.9842 0.0202 0.0826, 0.9838 -0.0 0.1218, 0.9801 0.0343 0.116, 0.9838 -0.0 0.1262, 0.9824 -0.0 0.1463, 0.9838 -0.0 0.1334, 0.9801 0.0181 0.1406, 0.9699 0.0357 0.1554, 0.9777 -0.0 0.1658, 0.9797 -0.0 0.1575, 0.9699 0.0103 0.1792, 0.9697 -0.0 0.1859, 0.9766 -0.0 0.1704, 0.9682 -0.0 0.1895, 0.9542 0.022 0.195, 0.9549 -0.0 0.208, 0.947 -0.0 0.2159, 0.9341 0.0309 0.207, 0.9338 -0.0 0.2251, 0.929 -0.0 0.2285, 0.9108 0.0366 0.2146, 0.9181 -0.0 0.2335, 0.8858 0.0385 0.2172, 0.8972 -0.0 0.2388, 0.9106 -0.0 0.2354, 0.8609 0.0366 0.2146, 0.8645 -0.0 0.2369, 0.8858 -0.0 0.2395, 0.8359 -0.0 0.2245, 0.8376 -0.0 0.2254, 0.8376 0.0309 0.207, 0.8556 -0.0 0.2343, 0.8609 -0.0 0.2358, 0.8288 -0.0 0.2194, 0.8017 0.0103 0.1792, 0.7935 -0.0 0.1654, 0.7936 -0.0 0.166, 0.7967 -0.0 0.175, 0.8022 -0.0 0.1856, 0.8076 -0.0 0.1963, 0.7883 -0.0 0.1384, 0.792 -0.0 0.1574, 0.8017 0.0357 0.1554, 0.7894 -0.0 0.0591, 0.7887 -0.0 0.0788, 0.7877 0.0197 0.0591, 0.7875 0.0202 0.0826, 0.7915 0.0444 0.0883, 0.7911 0.0451 0.0591, 0.7875 0.023 0.0591, 0.8017 0.0667 0.0936, 0.8008 0.0688 0.0591, 0.7915 0.0478 0.0591, 0.8174 0.0859 0.0982, 0.8164 0.0892 0.0591, 0.8017 0.0708 0.0591, 0.8376 0.1005 0.1016, 0.8367 0.1048 0.0591, 0.8174 0.0904 0.0591, 0.8609 0.1097 0.1038, 0.8604 0.1147 0.0591, 0.8376 0.1055 0.0591, 0.9341 0.1005 0.1016, 0.9113 0.1147 0.0591, 0.9108 0.1097 0.1038, 0.9108 0.1149 0.0591, 0.8858 0.1128 0.1046, 0.8858 0.1181 0.0591, 0.8609 0.1149 0.0591, 0.9542 0.0859 0.0982, 0.935 0.1048 0.0591, 0.9341 0.1055 0.0591, 0.9699 0.0667 0.0936, 0.9553 0.0892 0.0591, 0.9542 0.0904 0.0591, 0.8174 0.0507 0.168, 0.8376 0.0622 0.1777, 0.8609 0.0694 0.1838, 0.8858 0.0719 0.1858, 0.9108 0.0694 0.1838, 0.9341 0.0622 0.1777, 0.9542 0.0507 0.168, 0.9801 0.0444 0.0883, 0.9708 0.0688 0.0591, 0.9699 0.0708 0.0591, 0.7879 -0.0 0.1005, 0.7874 -0.0 0.1147, 0.7875 0.0121 0.1048, 0.7915 0.0343 0.116, 0.8017 0.0548 0.1263, 0.8174 0.0724 0.1351, 0.8376 0.0858 0.1419, 0.8609 0.0942 0.1461, 0.8858 0.0971 0.1476, 0.9108 0.0942 0.1461, 0.9341 0.0858 0.1419, 0.9542 0.0724 0.1351, 0.9699 0.0548 0.1263, 0.9842 0.023 0.0591, 0.9806 0.0451 0.0591, 0.9801 0.0478 0.0591, 0.7894 0.0 -0.7087, 0.9809 -0.0058 -1.5945, 0.9711 -0.0295 -0.7087, 0.9711 -0.0295 -1.5945, 0.9554 -0.0499 -0.7087, 0.9554 -0.0499 -1.5945, 0.935 -0.0656 -0.7087, 0.935 -0.0656 -1.5945, 0.9113 -0.0754 -0.7087, 0.9113 -0.0754 -1.5945, 0.8858 -0.0787 -0.7087, 0.8858 -0.0787 -1.5945, 0.8604 -0.0754 -0.7087, 0.8604 -0.0754 -1.5945, 0.8366 -0.0656 -0.7087, 0.8366 -0.0656 -1.5945, 0.8162 -0.0499 -0.7087, 0.8162 -0.0499 -1.5945, 0.8006 -0.0295 -0.7087, 0.8006 -0.0295 -1.5945, 0.7908 -0.0058 -0.7087, 0.7908 -0.0058 -1.5945, 0.7874 0.0197 -1.5945, 0.9843 0.0197 -1.5945, 0.9823 0.0 -0.7087, 0.9809 -0.0058 -0.7087, 0.9809 0.0452 -1.5945, 0.9711 0.0689 -1.5945, 0.9554 0.0893 -1.5945, 0.935 0.1049 -1.5945, 0.9113 0.1148 -1.5945, 0.8858 0.1181 -1.5945, 0.8604 0.1148 -1.5945, 0.8366 0.1049 -1.5945, 0.8162 0.0893 -1.5945, 0.8006 0.0689 -1.5945, 0.7908 0.0452 -1.5945, 0.3937 -0.4724 0.1575, 0.3903 -1.5157 0.132, 0.3903 -0.4724 0.132, 0.3805 -1.5157 0.1083, 0.3805 -0.4724 0.1083, 0.3649 -1.5157 0.0879, 0.3649 -0.4724 0.0879, 0.3445 -1.5157 0.0722, 0.3445 -0.4724 0.0722, 0.3207 -1.5157 0.0624, 0.3207 -0.4724 0.0624, 0.2953 -1.5157 0.0591, 0.2953 -0.4724 0.0591, 0.2698 -1.5157 0.0624, 0.2698 -0.4724 0.0624, 0.2461 -1.5157 0.0722, 0.2461 -0.4724 0.0722, 0.2257 -1.5157 0.0879, 0.2257 -0.4724 0.0879, 0.21 -1.5157 0.1083, 0.21 -0.4724 0.1083, 0.2002 -1.5157 0.132, 0.2002 -0.4724 0.132, 0.1969 -1.5157 0.1575, 0.1969 -0.4724 0.1575, 0.2002 -1.5157 0.183, 0.2002 -0.4724 0.183, 0.21 -1.5157 0.2067, 0.21 -0.4724 0.2067, 0.2257 -1.5157 0.2271, 0.2257 -0.4724 0.2271, 0.2461 -1.5157 0.2427, 0.2461 -0.4724 0.2427, 0.2698 -1.5157 0.2526, 0.2698 -0.4724 0.2526, 0.2953 -1.5157 0.2559, 0.2953 -0.4724 0.2559, 0.3207 -1.5157 0.2526, 0.3207 -0.4724 0.2526, 0.3445 -1.5157 0.2427, 0.3445 -0.4724 0.2427, 0.3649 -1.5157 0.2271, 0.3649 -0.4724 0.2271, 0.3805 -1.5157 0.2067, 0.3805 -0.4724 0.2067, 0.3903 -1.5157 0.183, 0.3903 -0.4724 0.183, 0.3937 -1.5157 0.1575, 0.1972 -0.0 0.1226, 0.1973 -0.0 0.126, 0.201 0.0181 0.1406, 0.2223 -0.0 0.2034, 0.2272 -0.0 0.2083, 0.2269 0.022 0.195, 0.3933 -0.0 0.1013, 0.3932 -0.0 0.099, 0.3936 0.0121 0.1048, 0.3917 -0.0 0.0591, 0.3934 0.0197 0.0591, 0.3924 -0.0 0.0784, 0.3936 0.0202 0.0826, 0.3932 -0.0 0.1218, 0.3896 0.0343 0.116, 0.3932 -0.0 0.1262, 0.3918 -0.0 0.1463, 0.3932 -0.0 0.1334, 0.3896 0.0181 0.1406, 0.3794 0.0357 0.1554, 0.3872 -0.0 0.1658, 0.3892 -0.0 0.1575, 0.3794 0.0103 0.1792, 0.3792 -0.0 0.1859, 0.3861 -0.0 0.1704, 0.3776 -0.0 0.1895, 0.3637 0.022 0.195, 0.3644 -0.0 0.208, 0.3565 -0.0 0.2159, 0.3435 0.0309 0.207, 0.3433 -0.0 0.2251, 0.3385 -0.0 0.2285, 0.3202 0.0366 0.2146, 0.3275 -0.0 0.2335, 0.2953 0.0385 0.2172, 0.3067 -0.0 0.2388, 0.3201 -0.0 0.2354, 0.2703 0.0366 0.2146, 0.274 -0.0 0.2369, 0.2953 -0.0 0.2395, 0.2454 -0.0 0.2245, 0.2471 -0.0 0.2254, 0.247 0.0309 0.207, 0.265 -0.0 0.2343, 0.2704 -0.0 0.2358, 0.2382 -0.0 0.2194, 0.2112 0.0103 0.1792, 0.2029 -0.0 0.1654, 0.203 -0.0 0.166, 0.2061 -0.0 0.175, 0.2116 -0.0 0.1856, 0.2171 -0.0 0.1963, 0.1978 -0.0 0.1384, 0.2014 -0.0 0.1574, 0.2112 0.0357 0.1554, 0.1988 -0.0 0.0591, 0.1981 -0.0 0.0788, 0.1972 0.0197 0.0591, 0.1969 0.0202 0.0826, 0.201 0.0444 0.0883, 0.2005 0.0451 0.0591, 0.1969 0.023 0.0591, 0.2112 0.0667 0.0936, 0.2103 0.0688 0.0591, 0.201 0.0478 0.0591, 0.2269 0.0859 0.0982, 0.2258 0.0892 0.0591, 0.2112 0.0708 0.0591, 0.247 0.1005 0.1016, 0.2461 0.1048 0.0591, 0.2269 0.0904 0.0591, 0.2703 0.1097 0.1038, 0.2698 0.1147 0.0591, 0.247 0.1055 0.0591, 0.3435 0.1005 0.1016, 0.3207 0.1147 0.0591, 0.3202 0.1097 0.1038, 0.3202 0.1149 0.0591, 0.2953 0.1128 0.1046, 0.2953 0.1181 0.0591, 0.2703 0.1149 0.0591, 0.3637 0.0859 0.0982, 0.3444 0.1048 0.0591, 0.3435 0.1055 0.0591, 0.3794 0.0667 0.0936, 0.3647 0.0892 0.0591, 0.3637 0.0904 0.0591, 0.2269 0.0507 0.168, 0.247 0.0622 0.1777, 0.2703 0.0694 0.1838, 0.2953 0.0719 0.1858, 0.3202 0.0694 0.1838, 0.3435 0.0622 0.1777, 0.3637 0.0507 0.168, 0.3896 0.0444 0.0883, 0.3803 0.0688 0.0591, 0.3794 0.0708 0.0591, 0.1974 -0.0 0.1005, 0.1969 -0.0 0.1147, 0.1969 0.0121 0.1048, 0.201 0.0343 0.116, 0.2112 0.0548 0.1263, 0.2269 0.0724 0.1351, 0.247 0.0858 0.1419, 0.2703 0.0942 0.1461, 0.2953 0.0971 0.1476, 0.3202 0.0942 0.1461, 0.3435 0.0858 0.1419, 0.3637 0.0724 0.1351, 0.3794 0.0548 0.1263, 0.3936 0.023 0.0591, 0.39 0.0451 0.0591, 0.3896 0.0478 0.0591, 0.1988 0.0 -0.7087, 0.3903 -0.0058 -1.5945, 0.3805 -0.0295 -0.7087, 0.3805 -0.0295 -1.5945, 0.3649 -0.0499 -0.7087, 0.3649 -0.0499 -1.5945, 0.3445 -0.0656 -0.7087, 0.3445 -0.0656 -1.5945, 0.3207 -0.0754 -0.7087, 0.3207 -0.0754 -1.5945, 0.2953 -0.0787 -0.7087, 0.2953 -0.0787 -1.5945, 0.2698 -0.0754 -0.7087, 0.2698 -0.0754 -1.5945, 0.2461 -0.0656 -0.7087, 0.2461 -0.0656 -1.5945, 0.2257 -0.0499 -0.7087, 0.2257 -0.0499 -1.5945, 0.21 -0.0295 -0.7087, 0.21 -0.0295 -1.5945, 0.2002 -0.0058 -0.7087, 0.2002 -0.0058 -1.5945, 0.1969 0.0197 -1.5945, 0.3937 0.0197 -1.5945, 0.3917 0.0 -0.7087, 0.3903 -0.0058 -0.7087, 0.3903 0.0452 -1.5945, 0.3805 0.0689 -1.5945, 0.3649 0.0893 -1.5945, 0.3445 0.1049 -1.5945, 0.3207 0.1148 -1.5945, 0.2953 0.1181 -1.5945, 0.2698 0.1148 -1.5945, 0.2461 0.1049 -1.5945, 0.2257 0.0893 -1.5945, 0.21 0.0689 -1.5945, 0.2002 0.0452 -1.5945, -0.1969 -0.4724 0.1575, -0.2002 -1.5157 0.132, -0.2002 -0.4724 0.132, -0.21 -1.5157 0.1083, -0.21 -0.4724 0.1083, -0.2257 -1.5157 0.0879, -0.2257 -0.4724 0.0879, -0.2461 -1.5157 0.0722, -0.2461 -0.4724 0.0722, -0.2698 -1.5157 0.0624, -0.2698 -0.4724 0.0624, -0.2953 -1.5157 0.0591, -0.2953 -0.4724 0.0591, -0.3207 -1.5157 0.0624, -0.3207 -0.4724 0.0624, -0.3445 -1.5157 0.0722, -0.3445 -0.4724 0.0722, -0.3649 -1.5157 0.0879, -0.3649 -0.4724 0.0879, -0.3805 -1.5157 0.1083, -0.3805 -0.4724 0.1083, -0.3903 -1.5157 0.132, -0.3903 -0.4724 0.132, -0.3937 -1.5157 0.1575, -0.3937 -0.4724 0.1575, -0.3903 -1.5157 0.183, -0.3903 -0.4724 0.183, -0.3805 -1.5157 0.2067, -0.3805 -0.4724 0.2067, -0.3649 -1.5157 0.2271, -0.3649 -0.4724 0.2271, -0.3445 -1.5157 0.2427, -0.3445 -0.4724 0.2427, -0.3207 -1.5157 0.2526, -0.3207 -0.4724 0.2526, -0.2953 -1.5157 0.2559, -0.2953 -0.4724 0.2559, -0.2698 -1.5157 0.2526, -0.2698 -0.4724 0.2526, -0.2461 -1.5157 0.2427, -0.2461 -0.4724 0.2427, -0.2257 -1.5157 0.2271, -0.2257 -0.4724 0.2271, -0.21 -1.5157 0.2067, -0.21 -0.4724 0.2067, -0.2002 -1.5157 0.183, -0.2002 -0.4724 0.183, -0.1969 -1.5157 0.1575, -0.3934 -0.0 0.1226, -0.3933 -0.0 0.126, -0.3896 0.0181 0.1406, -0.3683 -0.0 0.2034, -0.3634 -0.0 0.2083, -0.3637 0.022 0.195, -0.1973 -0.0 0.1013, -0.1974 -0.0 0.099, -0.1969 0.0121 0.1048, -0.1988 -0.0 0.0591, -0.1972 0.0197 0.0591, -0.1981 -0.0 0.0784, -0.1969 0.0202 0.0826, -0.1973 -0.0 0.1218, -0.201 0.0343 0.116, -0.1973 -0.0 0.1262, -0.1987 -0.0 0.1463, -0.1973 -0.0 0.1334, -0.201 0.0181 0.1406, -0.2112 0.0357 0.1554, -0.2034 -0.0 0.1658, -0.2014 -0.0 0.1575, -0.2112 0.0103 0.1792, -0.2114 -0.0 0.1859, -0.2045 -0.0 0.1704, -0.2129 -0.0 0.1895, -0.2269 0.022 0.195, -0.2262 -0.0 0.208, -0.2341 -0.0 0.2159, -0.247 0.0309 0.207, -0.2473 -0.0 0.2251, -0.2521 -0.0 0.2285, -0.2703 0.0366 0.2146, -0.263 -0.0 0.2335, -0.2953 0.0385 0.2172, -0.2839 -0.0 0.2388, -0.2705 -0.0 0.2354, -0.3202 0.0366 0.2146, -0.3166 -0.0 0.2369, -0.2953 -0.0 0.2395, -0.3452 -0.0 0.2245, -0.3435 -0.0 0.2254, -0.3435 0.0309 0.207, -0.3255 -0.0 0.2343, -0.3202 -0.0 0.2358, -0.3523 -0.0 0.2194, -0.3794 0.0103 0.1792, -0.3876 -0.0 0.1654, -0.3875 -0.0 0.166, -0.3844 -0.0 0.175, -0.3789 -0.0 0.1856, -0.3735 -0.0 0.1963, -0.3928 -0.0 0.1384, -0.3891 -0.0 0.1574, -0.3794 0.0357 0.1554, -0.3917 -0.0 0.0591, -0.3924 -0.0 0.0788, -0.3934 0.0197 0.0591, -0.3936 0.0202 0.0826, -0.3896 0.0444 0.0883, -0.39 0.0451 0.0591, -0.3936 0.023 0.0591, -0.3794 0.0667 0.0936, -0.3803 0.0688 0.0591, -0.3896 0.0478 0.0591, -0.3637 0.0859 0.0982, -0.3647 0.0892 0.0591, -0.3794 0.0708 0.0591, -0.3435 0.1005 0.1016, -0.3444 0.1048 0.0591, -0.3637 0.0904 0.0591, -0.3202 0.1097 0.1038, -0.3207 0.1147 0.0591, -0.3435 0.1055 0.0591, -0.247 0.1005 0.1016, -0.2698 0.1147 0.0591, -0.2703 0.1097 0.1038, -0.2703 0.1149 0.0591, -0.2953 0.1128 0.1046, -0.2953 0.1181 0.0591, -0.3202 0.1149 0.0591, -0.2269 0.0859 0.0982, -0.2461 0.1048 0.0591, -0.247 0.1055 0.0591, -0.2112 0.0667 0.0936, -0.2258 0.0892 0.0591, -0.2269 0.0904 0.0591, -0.3637 0.0507 0.168, -0.3435 0.0622 0.1777, -0.3202 0.0694 0.1838, -0.2953 0.0719 0.1858, -0.2703 0.0694 0.1838, -0.247 0.0622 0.1777, -0.2269 0.0507 0.168, -0.201 0.0444 0.0883, -0.2103 0.0688 0.0591, -0.2112 0.0708 0.0591, -0.3932 -0.0 0.1005, -0.3937 -0.0 0.1147, -0.3936 0.0121 0.1048, -0.3896 0.0343 0.116, -0.3794 0.0548 0.1263, -0.3637 0.0724 0.1351, -0.3435 0.0858 0.1419, -0.3202 0.0942 0.1461, -0.2953 0.0971 0.1476, -0.2703 0.0942 0.1461, -0.247 0.0858 0.1419, -0.2269 0.0724 0.1351, -0.2112 0.0548 0.1263, -0.1969 0.023 0.0591, -0.2005 0.0451 0.0591, -0.201 0.0478 0.0591, -0.3917 0.0 -0.7087, -0.2002 -0.0058 -1.5945, -0.21 -0.0295 -0.7087, -0.21 -0.0295 -1.5945, -0.2257 -0.0499 -0.7087, -0.2257 -0.0499 -1.5945, -0.2461 -0.0656 -0.7087, -0.2461 -0.0656 -1.5945, -0.2698 -0.0754 -0.7087, -0.2698 -0.0754 -1.5945, -0.2953 -0.0787 -0.7087, -0.2953 -0.0787 -1.5945, -0.3207 -0.0754 -0.7087, -0.3207 -0.0754 -1.5945, -0.3445 -0.0656 -0.7087, -0.3445 -0.0656 -1.5945, -0.3649 -0.0499 -0.7087, -0.3649 -0.0499 -1.5945, -0.3805 -0.0295 -0.7087, -0.3805 -0.0295 -1.5945, -0.3903 -0.0058 -0.7087, -0.3903 -0.0058 -1.5945, -0.3937 0.0197 -1.5945, -0.1969 0.0197 -1.5945, -0.1988 0.0 -0.7087, -0.2002 -0.0058 -0.7087, -0.2002 0.0452 -1.5945, -0.21 0.0689 -1.5945, -0.2257 0.0893 -1.5945, -0.2461 0.1049 -1.5945, -0.2698 0.1148 -1.5945, -0.2953 0.1181 -1.5945, -0.3207 0.1148 -1.5945, -0.3445 0.1049 -1.5945, -0.3649 0.0893 -1.5945, -0.3805 0.0689 -1.5945, -0.3903 0.0452 -1.5945, -0.7874 -0.4724 0.1575, -0.7908 -1.5157 0.132, -0.7908 -0.4724 0.132, -0.8006 -1.5157 0.1083, -0.8006 -0.4724 0.1083, -0.8162 -1.5157 0.0879, -0.8162 -0.4724 0.0879, -0.8366 -1.5157 0.0722, -0.8366 -0.4724 0.0722, -0.8604 -1.5157 0.0624, -0.8604 -0.4724 0.0624, -0.8858 -1.5157 0.0591, -0.8858 -0.4724 0.0591, -0.9113 -1.5157 0.0624, -0.9113 -0.4724 0.0624, -0.935 -1.5157 0.0722, -0.935 -0.4724 0.0722, -0.9554 -1.5157 0.0879, -0.9554 -0.4724 0.0879, -0.9711 -1.5157 0.1083, -0.9711 -0.4724 0.1083, -0.9809 -1.5157 0.132, -0.9809 -0.4724 0.132, -0.9843 -1.5157 0.1575, -0.9843 -0.4724 0.1575, -0.9809 -1.5157 0.183, -0.9809 -0.4724 0.183, -0.9711 -1.5157 0.2067, -0.9711 -0.4724 0.2067, -0.9554 -1.5157 0.2271, -0.9554 -0.4724 0.2271, -0.935 -1.5157 0.2427, -0.935 -0.4724 0.2427, -0.9113 -1.5157 0.2526, -0.9113 -0.4724 0.2526, -0.8858 -1.5157 0.2559, -0.8858 -0.4724 0.2559, -0.8604 -1.5157 0.2526, -0.8604 -0.4724 0.2526, -0.8366 -1.5157 0.2427, -0.8366 -0.4724 0.2427, -0.8162 -1.5157 0.2271, -0.8162 -0.4724 0.2271, -0.8006 -1.5157 0.2067, -0.8006 -0.4724 0.2067, -0.7908 -1.5157 0.183, -0.7908 -0.4724 0.183, -0.7874 -1.5157 0.1575, -0.9839 -0.0 0.1226, -0.9838 -0.0 0.126, -0.9801 0.0181 0.1406, -0.9588 -0.0 0.2034, -0.9539 -0.0 0.2083, -0.9542 0.022 0.195, -0.7878 -0.0 0.1013, -0.7879 -0.0 0.099, -0.7875 0.0121 0.1048, -0.7894 -0.0 0.0591, -0.7877 0.0197 0.0591, -0.7887 -0.0 0.0784, -0.7875 0.0202 0.0826, -0.7879 -0.0 0.1218, -0.7915 0.0343 0.116, -0.7879 -0.0 0.1262, -0.7893 -0.0 0.1463, -0.7879 -0.0 0.1334, -0.7915 0.0181 0.1406, -0.8017 0.0357 0.1554, -0.7939 -0.0 0.1658, -0.7919 -0.0 0.1575, -0.8017 0.0103 0.1792, -0.8019 -0.0 0.1859, -0.795 -0.0 0.1704, -0.8035 -0.0 0.1895, -0.8174 0.022 0.195, -0.8167 -0.0 0.208, -0.8246 -0.0 0.2159, -0.8376 0.0309 0.207, -0.8378 -0.0 0.2251, -0.8426 -0.0 0.2285, -0.8609 0.0366 0.2146, -0.8536 -0.0 0.2335, -0.8858 0.0385 0.2172, -0.8745 -0.0 0.2388, -0.861 -0.0 0.2354, -0.9108 0.0366 0.2146, -0.9071 -0.0 0.2369, -0.8858 -0.0 0.2395, -0.9357 -0.0 0.2245, -0.934 -0.0 0.2254, -0.9341 0.0309 0.207, -0.9161 -0.0 0.2343, -0.9107 -0.0 0.2358, -0.9429 -0.0 0.2194, -0.9699 0.0103 0.1792, -0.9782 -0.0 0.1654, -0.9781 -0.0 0.166, -0.975 -0.0 0.175, -0.9695 -0.0 0.1856, -0.964 -0.0 0.1963, -0.9833 -0.0 0.1384, -0.9797 -0.0 0.1574, -0.9699 0.0357 0.1554, -0.9823 -0.0 0.0591, -0.983 -0.0 0.0788, -0.9839 0.0197 0.0591, -0.9842 0.0202 0.0826, -0.9801 0.0444 0.0883, -0.9806 0.0451 0.0591, -0.9842 0.023 0.0591, -0.9699 0.0667 0.0936, -0.9708 0.0688 0.0591, -0.9801 0.0478 0.0591, -0.9542 0.0859 0.0982, -0.9553 0.0892 0.0591, -0.9699 0.0708 0.0591, -0.9341 0.1005 0.1016, -0.935 0.1048 0.0591, -0.9542 0.0904 0.0591, -0.9108 0.1097 0.1038, -0.9113 0.1147 0.0591, -0.9341 0.1055 0.0591, -0.8376 0.1005 0.1016, -0.8604 0.1147 0.0591, -0.8609 0.1097 0.1038, -0.8609 0.1149 0.0591, -0.8858 0.1128 0.1046, -0.8858 0.1181 0.0591, -0.9108 0.1149 0.0591, -0.8174 0.0859 0.0982, -0.8367 0.1048 0.0591, -0.8376 0.1055 0.0591, -0.8017 0.0667 0.0936, -0.8164 0.0892 0.0591, -0.8174 0.0904 0.0591, -0.9542 0.0507 0.168, -0.9341 0.0622 0.1777, -0.9108 0.0694 0.1838, -0.8858 0.0719 0.1858, -0.8609 0.0694 0.1838, -0.8376 0.0622 0.1777, -0.8174 0.0507 0.168, -0.7915 0.0444 0.0883, -0.8008 0.0688 0.0591, -0.8017 0.0708 0.0591, -0.9837 -0.0 0.1005, -0.9842 -0.0 0.1147, -0.9842 0.0121 0.1048, -0.9801 0.0343 0.116, -0.9699 0.0548 0.1263, -0.9542 0.0724 0.1351, -0.9341 0.0858 0.1419, -0.9108 0.0942 0.1461, -0.8858 0.0971 0.1476, -0.8609 0.0942 0.1461, -0.8376 0.0858 0.1419, -0.8174 0.0724 0.1351, -0.8017 0.0548 0.1263, -0.7875 0.023 0.0591, -0.7911 0.0451 0.0591, -0.7915 0.0478 0.0591, -0.9823 0.0 -0.7087, -0.7908 -0.0058 -1.5945, -0.8006 -0.0295 -0.7087, -0.8006 -0.0295 -1.5945, -0.8162 -0.0499 -0.7087, -0.8162 -0.0499 -1.5945, -0.8366 -0.0656 -0.7087, -0.8366 -0.0656 -1.5945, -0.8604 -0.0754 -0.7087, -0.8604 -0.0754 -1.5945, -0.8858 -0.0787 -0.7087, -0.8858 -0.0787 -1.5945, -0.9113 -0.0754 -0.7087, -0.9113 -0.0754 -1.5945, -0.935 -0.0656 -0.7087, -0.935 -0.0656 -1.5945, -0.9554 -0.0499 -0.7087, -0.9554 -0.0499 -1.5945, -0.9711 -0.0295 -0.7087, -0.9711 -0.0295 -1.5945, -0.9809 -0.0058 -0.7087, -0.9809 -0.0058 -1.5945, -0.9843 0.0197 -1.5945, -0.7874 0.0197 -1.5945, -0.7894 0.0 -0.7087, -0.7908 -0.0058 -0.7087, -0.7908 0.0452 -1.5945, -0.8006 0.0689 -1.5945, -0.8162 0.0893 -1.5945, -0.8366 0.1049 -1.5945, -0.8604 0.1148 -1.5945, -0.8858 0.1181 -1.5945, -0.9113 0.1148 -1.5945, -0.935 0.1049 -1.5945, -0.9554 0.0893 -1.5945, -0.9711 0.0689 -1.5945, -0.9809 0.0452 -1.5945, -1.378 -0.4724 0.1575, -1.3813 -1.5157 0.132, -1.3813 -0.4724 0.132, -1.3911 -1.5157 0.1083, -1.3911 -0.4724 0.1083, -1.4068 -1.5157 0.0879, -1.4068 -0.4724 0.0879, -1.4272 -1.5157 0.0722, -1.4272 -0.4724 0.0722, -1.4509 -1.5157 0.0624, -1.4509 -0.4724 0.0624, -1.4764 -1.5157 0.0591, -1.4764 -0.4724 0.0591, -1.5019 -1.5157 0.0624, -1.5019 -0.4724 0.0624, -1.5256 -1.5157 0.0722, -1.5256 -0.4724 0.0722, -1.546 -1.5157 0.0879, -1.546 -0.4724 0.0879, -1.5616 -1.5157 0.1083, -1.5616 -0.4724 0.1083, -1.5714 -1.5157 0.132, -1.5714 -0.4724 0.132, -1.5748 -1.5157 0.1575, -1.5748 -0.4724 0.1575, -1.5714 -1.5157 0.183, -1.5714 -0.4724 0.183, -1.5616 -1.5157 0.2067, -1.5616 -0.4724 0.2067, -1.546 -1.5157 0.2271, -1.546 -0.4724 0.2271, -1.5256 -1.5157 0.2427, -1.5256 -0.4724 0.2427, -1.5019 -1.5157 0.2526, -1.5019 -0.4724 0.2526, -1.4764 -1.5157 0.2559, -1.4764 -0.4724 0.2559, -1.4509 -1.5157 0.2526, -1.4509 -0.4724 0.2526, -1.4272 -1.5157 0.2427, -1.4272 -0.4724 0.2427, -1.4068 -1.5157 0.2271, -1.4068 -0.4724 0.2271, -1.3911 -1.5157 0.2067, -1.3911 -0.4724 0.2067, -1.3813 -1.5157 0.183, -1.3813 -0.4724 0.183, -1.378 -1.5157 0.1575, -1.5745 -0.0 0.1226, -1.5744 -0.0 0.126, -1.5707 0.0181 0.1406, -1.5494 -0.0 0.2034, -1.5445 -0.0 0.2083, -1.5448 0.022 0.195, -1.3784 -0.0 0.1013, -1.3785 -0.0 0.099, -1.378 0.0121 0.1048, -1.3799 -0.0 0.0591, -1.3783 0.0197 0.0591, -1.3792 -0.0 0.0784, -1.378 0.0202 0.0826, -1.3784 -0.0 0.1218, -1.3821 0.0343 0.116, -1.3784 -0.0 0.1262, -1.3798 -0.0 0.1463, -1.3784 -0.0 0.1334, -1.3821 0.0181 0.1406, -1.3923 0.0357 0.1554, -1.3845 -0.0 0.1658, -1.3825 -0.0 0.1575, -1.3923 0.0103 0.1792, -1.3925 -0.0 0.1859, -1.3856 -0.0 0.1704, -1.394 -0.0 0.1895, -1.408 0.022 0.195, -1.4073 -0.0 0.208, -1.4152 -0.0 0.2159, -1.4281 0.0309 0.207, -1.4284 -0.0 0.2251, -1.4332 -0.0 0.2285, -1.4514 0.0366 0.2146, -1.4441 -0.0 0.2335, -1.4764 0.0385 0.2172, -1.465 -0.0 0.2388, -1.4516 -0.0 0.2354, -1.5013 0.0366 0.2146, -1.4977 -0.0 0.2369, -1.4764 -0.0 0.2395, -1.5263 -0.0 0.2245, -1.5246 -0.0 0.2254, -1.5246 0.0309 0.207, -1.5066 -0.0 0.2343, -1.5013 -0.0 0.2358, -1.5334 -0.0 0.2194, -1.5605 0.0103 0.1792, -1.5687 -0.0 0.1654, -1.5686 -0.0 0.166, -1.5655 -0.0 0.175, -1.56 -0.0 0.1856, -1.5546 -0.0 0.1963, -1.5739 -0.0 0.1384, -1.5702 -0.0 0.1574, -1.5605 0.0357 0.1554, -1.5728 -0.0 0.0591, -1.5735 -0.0 0.0788, -1.5745 0.0197 0.0591, -1.5747 0.0202 0.0826, -1.5707 0.0444 0.0883, -1.5711 0.0451 0.0591, -1.5747 0.023 0.0591, -1.5605 0.0667 0.0936, -1.5614 0.0688 0.0591, -1.5707 0.0478 0.0591, -1.5448 0.0859 0.0982, -1.5458 0.0892 0.0591, -1.5605 0.0708 0.0591, -1.5246 0.1005 0.1016, -1.5255 0.1048 0.0591, -1.5448 0.0904 0.0591, -1.5013 0.1097 0.1038, -1.5018 0.1147 0.0591, -1.5246 0.1055 0.0591, -1.4281 0.1005 0.1016, -1.4509 0.1147 0.0591, -1.4514 0.1097 0.1038, -1.4514 0.1149 0.0591, -1.4764 0.1128 0.1046, -1.4764 0.1181 0.0591, -1.5013 0.1149 0.0591, -1.408 0.0859 0.0982, -1.4272 0.1048 0.0591, -1.4281 0.1055 0.0591, -1.3923 0.0667 0.0936, -1.4069 0.0892 0.0591, -1.408 0.0904 0.0591, -1.5448 0.0507 0.168, -1.5246 0.0622 0.1777, -1.5013 0.0694 0.1838, -1.4764 0.0719 0.1858, -1.4514 0.0694 0.1838, -1.4281 0.0622 0.1777, -1.408 0.0507 0.168, -1.3821 0.0444 0.0883, -1.3914 0.0688 0.0591, -1.3923 0.0708 0.0591, -1.5743 -0.0 0.1005, -1.5748 -0.0 0.1147, -1.5747 0.0121 0.1048, -1.5707 0.0343 0.116, -1.5605 0.0548 0.1263, -1.5448 0.0724 0.1351, -1.5246 0.0858 0.1419, -1.5013 0.0942 0.1461, -1.4764 0.0971 0.1476, -1.4514 0.0942 0.1461, -1.4281 0.0858 0.1419, -1.408 0.0724 0.1351, -1.3923 0.0548 0.1263, -1.378 0.023 0.0591, -1.3816 0.0451 0.0591, -1.3821 0.0478 0.0591, -1.5728 0.0 -0.7087, -1.3813 -0.0058 -1.5945, -1.3911 -0.0295 -0.7087, -1.3911 -0.0295 -1.5945, -1.4068 -0.0499 -0.7087, -1.4068 -0.0499 -1.5945, -1.4272 -0.0656 -0.7087, -1.4272 -0.0656 -1.5945, -1.4509 -0.0754 -0.7087, -1.4509 -0.0754 -1.5945, -1.4764 -0.0787 -0.7087, -1.4764 -0.0787 -1.5945, -1.5019 -0.0754 -0.7087, -1.5019 -0.0754 -1.5945, -1.5256 -0.0656 -0.7087, -1.5256 -0.0656 -1.5945, -1.546 -0.0499 -0.7087, -1.546 -0.0499 -1.5945, -1.5616 -0.0295 -0.7087, -1.5616 -0.0295 -1.5945, -1.5714 -0.0058 -0.7087, -1.5714 -0.0058 -1.5945, -1.5748 0.0197 -1.5945, -1.378 0.0197 -1.5945, -1.3799 0.0 -0.7087, -1.3813 -0.0058 -0.7087, -1.3813 0.0452 -1.5945, -1.3911 0.0689 -1.5945, -1.4068 0.0893 -1.5945, -1.4272 0.1049 -1.5945, -1.4509 0.1148 -1.5945, -1.4764 0.1181 -1.5945, -1.5019 0.1148 -1.5945, -1.5256 0.1049 -1.5945, -1.546 0.0893 -1.5945, -1.5616 0.0689 -1.5945, -1.5714 0.0452 -1.5945, 0.8731 0.0417 -1.6896, 0.8792 0.0443 -1.6896, 0.8858 0.0197 -1.6929, 0.8678 0.0377 -1.6896, 0.8638 0.0324 -1.6896, 0.8612 0.0263 -1.6896, 0.8604 0.0197 -1.6896, 0.8612 0.0131 -1.6896, 0.8638 0.0069 -1.6896, 0.8678 0.0017 -1.6896, 0.8731 -0.0024 -1.6896, 0.8792 -0.0049 -1.6896, 0.8858 -0.0058 -1.6896, 0.8924 -0.0049 -1.6896, 0.8986 -0.0024 -1.6896, 0.9038 0.0017 -1.6896, 0.9079 0.0069 -1.6896, 0.9104 0.0131 -1.6896, 0.9113 0.0197 -1.6896, 0.9104 0.0263 -1.6896, 0.9079 0.0324 -1.6896, 0.9038 0.0377 -1.6896, 0.8986 0.0417 -1.6896, 0.8924 0.0443 -1.6896, 0.8858 0.0452 -1.6896, 0.8612 0.1115 -1.62, 0.8383 0.102 -1.62, 0.8186 0.0869 -1.62, 0.8035 0.0672 -1.62, 0.794 0.0443 -1.62, 0.7908 0.0197 -1.62, 0.794 -0.0049 -1.62, 0.8035 -0.0279 -1.62, 0.8186 -0.0475 -1.62, 0.8383 -0.0626 -1.62, 0.8612 -0.0721 -1.62, 0.8858 -0.0754 -1.62, 0.9104 -0.0721 -1.62, 0.9334 -0.0626 -1.62, 0.9531 -0.0475 -1.62, 0.9682 -0.0279 -1.62, 0.9777 -0.0049 -1.62, 0.9809 0.0197 -1.62, 0.9777 0.0443 -1.62, 0.9682 0.0672 -1.62, 0.9531 0.0869 -1.62, 0.9334 0.102 -1.62, 0.9104 0.1115 -1.62, 0.8858 0.1148 -1.62, 0.8638 0.102 -1.6437, 0.8432 0.0935 -1.6437, 0.8256 0.08 -1.6437, 0.812 0.0623 -1.6437, 0.8035 0.0417 -1.6437, 0.8006 0.0197 -1.6437, 0.8035 -0.0024 -1.6437, 0.812 -0.0229 -1.6437, 0.8256 -0.0406 -1.6437, 0.8432 -0.0541 -1.6437, 0.8638 -0.0626 -1.6437, 0.8858 -0.0656 -1.6437, 0.9079 -0.0626 -1.6437, 0.9284 -0.0541 -1.6437, 0.9461 -0.0406 -1.6437, 0.9596 -0.0229 -1.6437, 0.9682 -0.0024 -1.6437, 0.9711 0.0197 -1.6437, 0.9682 0.0417 -1.6437, 0.9596 0.0623 -1.6437, 0.9461 0.08 -1.6437, 0.9284 0.0935 -1.6437, 0.9079 0.102 -1.6437, 0.8858 0.1049 -1.6437, 0.8678 0.0869 -1.6641, 0.851 0.08 -1.6641, 0.8366 0.0689 -1.6641, 0.8256 0.0545 -1.6641, 0.8186 0.0377 -1.6641, 0.8162 0.0197 -1.6641, 0.8186 0.0017 -1.6641, 0.8256 -0.0151 -1.6641, 0.8366 -0.0295 -1.6641, 0.851 -0.0406 -1.6641, 0.8678 -0.0475 -1.6641, 0.8858 -0.0499 -1.6641, 0.9038 -0.0475 -1.6641, 0.9206 -0.0406 -1.6641, 0.935 -0.0295 -1.6641, 0.9461 -0.0151 -1.6641, 0.9531 0.0017 -1.6641, 0.9554 0.0197 -1.6641, 0.9531 0.0377 -1.6641, 0.9461 0.0545 -1.6641, 0.935 0.0689 -1.6641, 0.9206 0.08 -1.6641, 0.9038 0.0869 -1.6641, 0.8858 0.0893 -1.6641, 0.8731 0.0672 -1.6797, 0.8612 0.0623 -1.6797, 0.851 0.0545 -1.6797, 0.8432 0.0443 -1.6797, 0.8383 0.0324 -1.6797, 0.8366 0.0197 -1.6797, 0.8383 0.0069 -1.6797, 0.8432 -0.0049 -1.6797, 0.851 -0.0151 -1.6797, 0.8612 -0.0229 -1.6797, 0.8731 -0.0279 -1.6797, 0.8858 -0.0295 -1.6797, 0.8986 -0.0279 -1.6797, 0.9104 -0.0229 -1.6797, 0.9206 -0.0151 -1.6797, 0.9284 -0.0049 -1.6797, 0.9334 0.0069 -1.6797, 0.935 0.0197 -1.6797, 0.9334 0.0324 -1.6797, 0.9284 0.0443 -1.6797, 0.9206 0.0545 -1.6797, 0.9104 0.0623 -1.6797, 0.8986 0.0672 -1.6797, 0.8858 0.0689 -1.6797, 0.8858 -1.6142 0.1575, 0.8612 -1.6108 0.1509, 0.8638 -1.6108 0.1447, 0.8604 -1.6108 0.1575, 0.8731 -1.6108 0.1354, 0.8792 -1.6108 0.1329, 0.8678 -1.6108 0.1395, 0.8924 -1.6108 0.1329, 0.8986 -1.6108 0.1354, 0.8858 -1.6108 0.132, 0.9079 -1.6108 0.1447, 0.9104 -1.6108 0.1509, 0.9038 -1.6108 0.1395, 0.9104 -1.6108 0.1641, 0.9079 -1.6108 0.1702, 0.9113 -1.6108 0.1575, 0.8986 -1.6108 0.1795, 0.8924 -1.6108 0.1821, 0.9038 -1.6108 0.1755, 0.8792 -1.6108 0.1821, 0.8731 -1.6108 0.1795, 0.8858 -1.6108 0.183, 0.8638 -1.6108 0.1702, 0.8612 -1.6108 0.1641, 0.8678 -1.6108 0.1755, 0.8383 -1.601 0.1447, 0.8432 -1.601 0.1329, 0.851 -1.601 0.1227, 0.8612 -1.601 0.1149, 0.8731 -1.601 0.1099, 0.8858 -1.601 0.1083, 0.8986 -1.601 0.1099, 0.9104 -1.601 0.1149, 0.9206 -1.601 0.1227, 0.9284 -1.601 0.1329, 0.9334 -1.601 0.1447, 0.935 -1.601 0.1575, 0.9334 -1.601 0.1702, 0.9284 -1.601 0.1821, 0.9206 -1.601 0.1923, 0.9104 -1.601 0.2001, 0.8986 -1.601 0.205, 0.8858 -1.601 0.2067, 0.8731 -1.601 0.205, 0.8612 -1.601 0.2001, 0.851 -1.601 0.1923, 0.8432 -1.601 0.1821, 0.8383 -1.601 0.1702, 0.8366 -1.601 0.1575, 0.8186 -1.5853 0.1395, 0.8256 -1.5853 0.1227, 0.8366 -1.5853 0.1083, 0.851 -1.5853 0.0972, 0.8678 -1.5853 0.0903, 0.8858 -1.5853 0.0879, 0.9038 -1.5853 0.0903, 0.9206 -1.5853 0.0972, 0.935 -1.5853 0.1083, 0.9461 -1.5853 0.1227, 0.9531 -1.5853 0.1395, 0.9554 -1.5853 0.1575, 0.9531 -1.5853 0.1755, 0.9461 -1.5853 0.1923, 0.935 -1.5853 0.2067, 0.9206 -1.5853 0.2178, 0.9038 -1.5853 0.2247, 0.8858 -1.5853 0.2271, 0.8678 -1.5853 0.2247, 0.851 -1.5853 0.2178, 0.8366 -1.5853 0.2067, 0.8256 -1.5853 0.1923, 0.8186 -1.5853 0.1755, 0.8162 -1.5853 0.1575, 0.8035 -1.565 0.1354, 0.812 -1.565 0.1149, 0.8256 -1.565 0.0972, 0.8432 -1.565 0.0837, 0.8638 -1.565 0.0751, 0.8858 -1.565 0.0722, 0.9079 -1.565 0.0751, 0.9284 -1.565 0.0837, 0.9461 -1.565 0.0972, 0.9596 -1.565 0.1149, 0.9682 -1.565 0.1354, 0.9711 -1.565 0.1575, 0.9682 -1.565 0.1795, 0.9596 -1.565 0.2001, 0.9461 -1.565 0.2178, 0.9284 -1.565 0.2313, 0.9079 -1.565 0.2398, 0.8858 -1.565 0.2427, 0.8638 -1.565 0.2398, 0.8432 -1.565 0.2313, 0.8256 -1.565 0.2178, 0.812 -1.565 0.2001, 0.8035 -1.565 0.1795, 0.8006 -1.565 0.1575, 0.794 -1.5412 0.1329, 0.8035 -1.5412 0.1099, 0.8186 -1.5412 0.0903, 0.8383 -1.5412 0.0751, 0.8612 -1.5412 0.0656, 0.8858 -1.5412 0.0624, 0.9104 -1.5412 0.0656, 0.9334 -1.5412 0.0751, 0.9531 -1.5412 0.0903, 0.9682 -1.5412 0.1099, 0.9777 -1.5412 0.1329, 0.9809 -1.5412 0.1575, 0.9777 -1.5412 0.1821, 0.9682 -1.5412 0.205, 0.9531 -1.5412 0.2247, 0.9334 -1.5412 0.2398, 0.9104 -1.5412 0.2493, 0.8858 -1.5412 0.2526, 0.8612 -1.5412 0.2493, 0.8383 -1.5412 0.2398, 0.8186 -1.5412 0.2247, 0.8035 -1.5412 0.205, 0.794 -1.5412 0.1821, 0.7908 -1.5412 0.1575, 0.2825 0.0417 -1.6896, 0.2887 0.0443 -1.6896, 0.2953 0.0197 -1.6929, 0.2773 0.0377 -1.6896, 0.2732 0.0324 -1.6896, 0.2707 0.0263 -1.6896, 0.2698 0.0197 -1.6896, 0.2707 0.0131 -1.6896, 0.2732 0.0069 -1.6896, 0.2773 0.0017 -1.6896, 0.2825 -0.0024 -1.6896, 0.2887 -0.0049 -1.6896, 0.2953 -0.0058 -1.6896, 0.3019 -0.0049 -1.6896, 0.308 -0.0024 -1.6896, 0.3133 0.0017 -1.6896, 0.3173 0.0069 -1.6896, 0.3199 0.0131 -1.6896, 0.3207 0.0197 -1.6896, 0.3199 0.0263 -1.6896, 0.3173 0.0324 -1.6896, 0.3133 0.0377 -1.6896, 0.308 0.0417 -1.6896, 0.3019 0.0443 -1.6896, 0.2953 0.0452 -1.6896, 0.2707 0.1115 -1.62, 0.2477 0.102 -1.62, 0.228 0.0869 -1.62, 0.2129 0.0672 -1.62, 0.2034 0.0443 -1.62, 0.2002 0.0197 -1.62, 0.2034 -0.0049 -1.62, 0.2129 -0.0279 -1.62, 0.228 -0.0475 -1.62, 0.2477 -0.0626 -1.62, 0.2707 -0.0721 -1.62, 0.2953 -0.0754 -1.62, 0.3199 -0.0721 -1.62, 0.3428 -0.0626 -1.62, 0.3625 -0.0475 -1.62, 0.3776 -0.0279 -1.62, 0.3871 -0.0049 -1.62, 0.3903 0.0197 -1.62, 0.3871 0.0443 -1.62, 0.3776 0.0672 -1.62, 0.3625 0.0869 -1.62, 0.3428 0.102 -1.62, 0.3199 0.1115 -1.62, 0.2953 0.1148 -1.62, 0.2732 0.102 -1.6437, 0.2527 0.0935 -1.6437, 0.235 0.08 -1.6437, 0.2215 0.0623 -1.6437, 0.2129 0.0417 -1.6437, 0.21 0.0197 -1.6437, 0.2129 -0.0024 -1.6437, 0.2215 -0.0229 -1.6437, 0.235 -0.0406 -1.6437, 0.2527 -0.0541 -1.6437, 0.2732 -0.0626 -1.6437, 0.2953 -0.0656 -1.6437, 0.3173 -0.0626 -1.6437, 0.3379 -0.0541 -1.6437, 0.3555 -0.0406 -1.6437, 0.3691 -0.0229 -1.6437, 0.3776 -0.0024 -1.6437, 0.3805 0.0197 -1.6437, 0.3776 0.0417 -1.6437, 0.3691 0.0623 -1.6437, 0.3555 0.08 -1.6437, 0.3379 0.0935 -1.6437, 0.3173 0.102 -1.6437, 0.2953 0.1049 -1.6437, 0.2773 0.0869 -1.6641, 0.2605 0.08 -1.6641, 0.2461 0.0689 -1.6641, 0.235 0.0545 -1.6641, 0.228 0.0377 -1.6641, 0.2257 0.0197 -1.6641, 0.228 0.0017 -1.6641, 0.235 -0.0151 -1.6641, 0.2461 -0.0295 -1.6641, 0.2605 -0.0406 -1.6641, 0.2773 -0.0475 -1.6641, 0.2953 -0.0499 -1.6641, 0.3133 -0.0475 -1.6641, 0.3301 -0.0406 -1.6641, 0.3445 -0.0295 -1.6641, 0.3555 -0.0151 -1.6641, 0.3625 0.0017 -1.6641, 0.3649 0.0197 -1.6641, 0.3625 0.0377 -1.6641, 0.3555 0.0545 -1.6641, 0.3445 0.0689 -1.6641, 0.3301 0.08 -1.6641, 0.3133 0.0869 -1.6641, 0.2953 0.0893 -1.6641, 0.2825 0.0672 -1.6797, 0.2707 0.0623 -1.6797, 0.2605 0.0545 -1.6797, 0.2527 0.0443 -1.6797, 0.2477 0.0324 -1.6797, 0.2461 0.0197 -1.6797, 0.2477 0.0069 -1.6797, 0.2527 -0.0049 -1.6797, 0.2605 -0.0151 -1.6797, 0.2707 -0.0229 -1.6797, 0.2825 -0.0279 -1.6797, 0.2953 -0.0295 -1.6797, 0.308 -0.0279 -1.6797, 0.3199 -0.0229 -1.6797, 0.3301 -0.0151 -1.6797, 0.3379 -0.0049 -1.6797, 0.3428 0.0069 -1.6797, 0.3445 0.0197 -1.6797, 0.3428 0.0324 -1.6797, 0.3379 0.0443 -1.6797, 0.3301 0.0545 -1.6797, 0.3199 0.0623 -1.6797, 0.308 0.0672 -1.6797, 0.2953 0.0689 -1.6797, 0.2953 -1.6142 0.1575, 0.2707 -1.6108 0.1509, 0.2732 -1.6108 0.1447, 0.2698 -1.6108 0.1575, 0.2825 -1.6108 0.1354, 0.2887 -1.6108 0.1329, 0.2773 -1.6108 0.1395, 0.3019 -1.6108 0.1329, 0.308 -1.6108 0.1354, 0.2953 -1.6108 0.132, 0.3173 -1.6108 0.1447, 0.3199 -1.6108 0.1509, 0.3133 -1.6108 0.1395, 0.3199 -1.6108 0.1641, 0.3173 -1.6108 0.1702, 0.3207 -1.6108 0.1575, 0.308 -1.6108 0.1795, 0.3019 -1.6108 0.1821, 0.3133 -1.6108 0.1755, 0.2887 -1.6108 0.1821, 0.2825 -1.6108 0.1795, 0.2953 -1.6108 0.183, 0.2732 -1.6108 0.1702, 0.2707 -1.6108 0.1641, 0.2773 -1.6108 0.1755, 0.2477 -1.601 0.1447, 0.2527 -1.601 0.1329, 0.2605 -1.601 0.1227, 0.2707 -1.601 0.1149, 0.2825 -1.601 0.1099, 0.2953 -1.601 0.1083, 0.308 -1.601 0.1099, 0.3199 -1.601 0.1149, 0.3301 -1.601 0.1227, 0.3379 -1.601 0.1329, 0.3428 -1.601 0.1447, 0.3445 -1.601 0.1575, 0.3428 -1.601 0.1702, 0.3379 -1.601 0.1821, 0.3301 -1.601 0.1923, 0.3199 -1.601 0.2001, 0.308 -1.601 0.205, 0.2953 -1.601 0.2067, 0.2825 -1.601 0.205, 0.2707 -1.601 0.2001, 0.2605 -1.601 0.1923, 0.2527 -1.601 0.1821, 0.2477 -1.601 0.1702, 0.2461 -1.601 0.1575, 0.228 -1.5853 0.1395, 0.235 -1.5853 0.1227, 0.2461 -1.5853 0.1083, 0.2605 -1.5853 0.0972, 0.2773 -1.5853 0.0903, 0.2953 -1.5853 0.0879, 0.3133 -1.5853 0.0903, 0.3301 -1.5853 0.0972, 0.3445 -1.5853 0.1083, 0.3555 -1.5853 0.1227, 0.3625 -1.5853 0.1395, 0.3649 -1.5853 0.1575, 0.3625 -1.5853 0.1755, 0.3555 -1.5853 0.1923, 0.3445 -1.5853 0.2067, 0.3301 -1.5853 0.2178, 0.3133 -1.5853 0.2247, 0.2953 -1.5853 0.2271, 0.2773 -1.5853 0.2247, 0.2605 -1.5853 0.2178, 0.2461 -1.5853 0.2067, 0.235 -1.5853 0.1923, 0.228 -1.5853 0.1755, 0.2257 -1.5853 0.1575, 0.2129 -1.565 0.1354, 0.2215 -1.565 0.1149, 0.235 -1.565 0.0972, 0.2527 -1.565 0.0837, 0.2732 -1.565 0.0751, 0.2953 -1.565 0.0722, 0.3173 -1.565 0.0751, 0.3379 -1.565 0.0837, 0.3555 -1.565 0.0972, 0.3691 -1.565 0.1149, 0.3776 -1.565 0.1354, 0.3805 -1.565 0.1575, 0.3776 -1.565 0.1795, 0.3691 -1.565 0.2001, 0.3555 -1.565 0.2178, 0.3379 -1.565 0.2313, 0.3173 -1.565 0.2398, 0.2953 -1.565 0.2427, 0.2732 -1.565 0.2398, 0.2527 -1.565 0.2313, 0.235 -1.565 0.2178, 0.2215 -1.565 0.2001, 0.2129 -1.565 0.1795, 0.21 -1.565 0.1575, 0.2034 -1.5412 0.1329, 0.2129 -1.5412 0.1099, 0.228 -1.5412 0.0903, 0.2477 -1.5412 0.0751, 0.2707 -1.5412 0.0656, 0.2953 -1.5412 0.0624, 0.3199 -1.5412 0.0656, 0.3428 -1.5412 0.0751, 0.3625 -1.5412 0.0903, 0.3776 -1.5412 0.1099, 0.3871 -1.5412 0.1329, 0.3903 -1.5412 0.1575, 0.3871 -1.5412 0.1821, 0.3776 -1.5412 0.205, 0.3625 -1.5412 0.2247, 0.3428 -1.5412 0.2398, 0.3199 -1.5412 0.2493, 0.2953 -1.5412 0.2526, 0.2707 -1.5412 0.2493, 0.2477 -1.5412 0.2398, 0.228 -1.5412 0.2247, 0.2129 -1.5412 0.205, 0.2034 -1.5412 0.1821, 0.2002 -1.5412 0.1575, -0.308 0.0417 -1.6896, -0.3019 0.0443 -1.6896, -0.2953 0.0197 -1.6929, -0.3133 0.0377 -1.6896, -0.3173 0.0324 -1.6896, -0.3199 0.0263 -1.6896, -0.3207 0.0197 -1.6896, -0.3199 0.0131 -1.6896, -0.3173 0.0069 -1.6896, -0.3133 0.0017 -1.6896, -0.308 -0.0024 -1.6896, -0.3019 -0.0049 -1.6896, -0.2953 -0.0058 -1.6896, -0.2887 -0.0049 -1.6896, -0.2825 -0.0024 -1.6896, -0.2773 0.0017 -1.6896, -0.2732 0.0069 -1.6896, -0.2707 0.0131 -1.6896, -0.2698 0.0197 -1.6896, -0.2707 0.0263 -1.6896, -0.2732 0.0324 -1.6896, -0.2773 0.0377 -1.6896, -0.2825 0.0417 -1.6896, -0.2887 0.0443 -1.6896, -0.2953 0.0452 -1.6896, -0.3199 0.1115 -1.62, -0.3428 0.102 -1.62, -0.3625 0.0869 -1.62, -0.3776 0.0672 -1.62, -0.3871 0.0443 -1.62, -0.3903 0.0197 -1.62, -0.3871 -0.0049 -1.62, -0.3776 -0.0279 -1.62, -0.3625 -0.0475 -1.62, -0.3428 -0.0626 -1.62, -0.3199 -0.0721 -1.62, -0.2953 -0.0754 -1.62, -0.2707 -0.0721 -1.62, -0.2477 -0.0626 -1.62, -0.228 -0.0475 -1.62, -0.2129 -0.0279 -1.62, -0.2034 -0.0049 -1.62, -0.2002 0.0197 -1.62, -0.2034 0.0443 -1.62, -0.2129 0.0672 -1.62, -0.228 0.0869 -1.62, -0.2477 0.102 -1.62, -0.2707 0.1115 -1.62, -0.2953 0.1148 -1.62, -0.3173 0.102 -1.6437, -0.3379 0.0935 -1.6437, -0.3555 0.08 -1.6437, -0.3691 0.0623 -1.6437, -0.3776 0.0417 -1.6437, -0.3805 0.0197 -1.6437, -0.3776 -0.0024 -1.6437, -0.3691 -0.0229 -1.6437, -0.3555 -0.0406 -1.6437, -0.3379 -0.0541 -1.6437, -0.3173 -0.0626 -1.6437, -0.2953 -0.0656 -1.6437, -0.2732 -0.0626 -1.6437, -0.2527 -0.0541 -1.6437, -0.235 -0.0406 -1.6437, -0.2215 -0.0229 -1.6437, -0.2129 -0.0024 -1.6437, -0.21 0.0197 -1.6437, -0.2129 0.0417 -1.6437, -0.2215 0.0623 -1.6437, -0.235 0.08 -1.6437, -0.2527 0.0935 -1.6437, -0.2732 0.102 -1.6437, -0.2953 0.1049 -1.6437, -0.3133 0.0869 -1.6641, -0.3301 0.08 -1.6641, -0.3445 0.0689 -1.6641, -0.3555 0.0545 -1.6641, -0.3625 0.0377 -1.6641, -0.3649 0.0197 -1.6641, -0.3625 0.0017 -1.6641, -0.3555 -0.0151 -1.6641, -0.3445 -0.0295 -1.6641, -0.3301 -0.0406 -1.6641, -0.3133 -0.0475 -1.6641, -0.2953 -0.0499 -1.6641, -0.2773 -0.0475 -1.6641, -0.2605 -0.0406 -1.6641, -0.2461 -0.0295 -1.6641, -0.235 -0.0151 -1.6641, -0.228 0.0017 -1.6641, -0.2257 0.0197 -1.6641, -0.228 0.0377 -1.6641, -0.235 0.0545 -1.6641, -0.2461 0.0689 -1.6641, -0.2605 0.08 -1.6641, -0.2773 0.0869 -1.6641, -0.2953 0.0893 -1.6641, -0.308 0.0672 -1.6797, -0.3199 0.0623 -1.6797, -0.3301 0.0545 -1.6797, -0.3379 0.0443 -1.6797, -0.3428 0.0324 -1.6797, -0.3445 0.0197 -1.6797, -0.3428 0.0069 -1.6797, -0.3379 -0.0049 -1.6797, -0.3301 -0.0151 -1.6797, -0.3199 -0.0229 -1.6797, -0.308 -0.0279 -1.6797, -0.2953 -0.0295 -1.6797, -0.2825 -0.0279 -1.6797, -0.2707 -0.0229 -1.6797, -0.2605 -0.0151 -1.6797, -0.2527 -0.0049 -1.6797, -0.2477 0.0069 -1.6797, -0.2461 0.0197 -1.6797, -0.2477 0.0324 -1.6797, -0.2527 0.0443 -1.6797, -0.2605 0.0545 -1.6797, -0.2707 0.0623 -1.6797, -0.2825 0.0672 -1.6797, -0.2953 0.0689 -1.6797, -0.2953 -1.6142 0.1575, -0.3199 -1.6108 0.1509, -0.3173 -1.6108 0.1447, -0.3207 -1.6108 0.1575, -0.308 -1.6108 0.1354, -0.3019 -1.6108 0.1329, -0.3133 -1.6108 0.1395, -0.2887 -1.6108 0.1329, -0.2825 -1.6108 0.1354, -0.2953 -1.6108 0.132, -0.2732 -1.6108 0.1447, -0.2707 -1.6108 0.1509, -0.2773 -1.6108 0.1395, -0.2707 -1.6108 0.1641, -0.2732 -1.6108 0.1702, -0.2698 -1.6108 0.1575, -0.2825 -1.6108 0.1795, -0.2887 -1.6108 0.1821, -0.2773 -1.6108 0.1755, -0.3019 -1.6108 0.1821, -0.308 -1.6108 0.1795, -0.2953 -1.6108 0.183, -0.3173 -1.6108 0.1702, -0.3199 -1.6108 0.1641, -0.3133 -1.6108 0.1755, -0.3428 -1.601 0.1447, -0.3379 -1.601 0.1329, -0.3301 -1.601 0.1227, -0.3199 -1.601 0.1149, -0.308 -1.601 0.1099, -0.2953 -1.601 0.1083, -0.2825 -1.601 0.1099, -0.2707 -1.601 0.1149, -0.2605 -1.601 0.1227, -0.2527 -1.601 0.1329, -0.2477 -1.601 0.1447, -0.2461 -1.601 0.1575, -0.2477 -1.601 0.1702, -0.2527 -1.601 0.1821, -0.2605 -1.601 0.1923, -0.2707 -1.601 0.2001, -0.2825 -1.601 0.205, -0.2953 -1.601 0.2067, -0.308 -1.601 0.205, -0.3199 -1.601 0.2001, -0.3301 -1.601 0.1923, -0.3379 -1.601 0.1821, -0.3428 -1.601 0.1702, -0.3445 -1.601 0.1575, -0.3625 -1.5853 0.1395, -0.3555 -1.5853 0.1227, -0.3445 -1.5853 0.1083, -0.3301 -1.5853 0.0972, -0.3133 -1.5853 0.0903, -0.2953 -1.5853 0.0879, -0.2773 -1.5853 0.0903, -0.2605 -1.5853 0.0972, -0.2461 -1.5853 0.1083, -0.235 -1.5853 0.1227, -0.228 -1.5853 0.1395, -0.2257 -1.5853 0.1575, -0.228 -1.5853 0.1755, -0.235 -1.5853 0.1923, -0.2461 -1.5853 0.2067, -0.2605 -1.5853 0.2178, -0.2773 -1.5853 0.2247, -0.2953 -1.5853 0.2271, -0.3133 -1.5853 0.2247, -0.3301 -1.5853 0.2178, -0.3445 -1.5853 0.2067, -0.3555 -1.5853 0.1923, -0.3625 -1.5853 0.1755, -0.3649 -1.5853 0.1575, -0.3776 -1.565 0.1354, -0.3691 -1.565 0.1149, -0.3555 -1.565 0.0972, -0.3379 -1.565 0.0837, -0.3173 -1.565 0.0751, -0.2953 -1.565 0.0722, -0.2732 -1.565 0.0751, -0.2527 -1.565 0.0837, -0.235 -1.565 0.0972, -0.2215 -1.565 0.1149, -0.2129 -1.565 0.1354, -0.21 -1.565 0.1575, -0.2129 -1.565 0.1795, -0.2215 -1.565 0.2001, -0.235 -1.565 0.2178, -0.2527 -1.565 0.2313, -0.2732 -1.565 0.2398, -0.2953 -1.565 0.2427, -0.3173 -1.565 0.2398, -0.3379 -1.565 0.2313, -0.3555 -1.565 0.2178, -0.3691 -1.565 0.2001, -0.3776 -1.565 0.1795, -0.3805 -1.565 0.1575, -0.3871 -1.5412 0.1329, -0.3776 -1.5412 0.1099, -0.3625 -1.5412 0.0903, -0.3428 -1.5412 0.0751, -0.3199 -1.5412 0.0656, -0.2953 -1.5412 0.0624, -0.2707 -1.5412 0.0656, -0.2477 -1.5412 0.0751, -0.228 -1.5412 0.0903, -0.2129 -1.5412 0.1099, -0.2034 -1.5412 0.1329, -0.2002 -1.5412 0.1575, -0.2034 -1.5412 0.1821, -0.2129 -1.5412 0.205, -0.228 -1.5412 0.2247, -0.2477 -1.5412 0.2398, -0.2707 -1.5412 0.2493, -0.2953 -1.5412 0.2526, -0.3199 -1.5412 0.2493, -0.3428 -1.5412 0.2398, -0.3625 -1.5412 0.2247, -0.3776 -1.5412 0.205, -0.3871 -1.5412 0.1821, -0.3903 -1.5412 0.1575, -0.8986 0.0417 -1.6896, -0.8924 0.0443 -1.6896, -0.8858 0.0197 -1.6929, -0.9038 0.0377 -1.6896, -0.9079 0.0324 -1.6896, -0.9104 0.0263 -1.6896, -0.9113 0.0197 -1.6896, -0.9104 0.0131 -1.6896, -0.9079 0.0069 -1.6896, -0.9038 0.0017 -1.6896, -0.8986 -0.0024 -1.6896, -0.8924 -0.0049 -1.6896, -0.8858 -0.0058 -1.6896, -0.8792 -0.0049 -1.6896, -0.8731 -0.0024 -1.6896, -0.8678 0.0017 -1.6896, -0.8638 0.0069 -1.6896, -0.8612 0.0131 -1.6896, -0.8604 0.0197 -1.6896, -0.8612 0.0263 -1.6896, -0.8638 0.0324 -1.6896, -0.8678 0.0377 -1.6896, -0.8731 0.0417 -1.6896, -0.8792 0.0443 -1.6896, -0.8858 0.0452 -1.6896, -0.9104 0.1115 -1.62, -0.9334 0.102 -1.62, -0.9531 0.0869 -1.62, -0.9682 0.0672 -1.62, -0.9777 0.0443 -1.62, -0.9809 0.0197 -1.62, -0.9777 -0.0049 -1.62, -0.9682 -0.0279 -1.62, -0.9531 -0.0475 -1.62, -0.9334 -0.0626 -1.62, -0.9104 -0.0721 -1.62, -0.8858 -0.0754 -1.62, -0.8612 -0.0721 -1.62, -0.8383 -0.0626 -1.62, -0.8186 -0.0475 -1.62, -0.8035 -0.0279 -1.62, -0.794 -0.0049 -1.62, -0.7908 0.0197 -1.62, -0.794 0.0443 -1.62, -0.8035 0.0672 -1.62, -0.8186 0.0869 -1.62, -0.8383 0.102 -1.62, -0.8612 0.1115 -1.62, -0.8858 0.1148 -1.62, -0.9079 0.102 -1.6437, -0.9284 0.0935 -1.6437, -0.9461 0.08 -1.6437, -0.9596 0.0623 -1.6437, -0.9682 0.0417 -1.6437, -0.9711 0.0197 -1.6437, -0.9682 -0.0024 -1.6437, -0.9596 -0.0229 -1.6437, -0.9461 -0.0406 -1.6437, -0.9284 -0.0541 -1.6437, -0.9079 -0.0626 -1.6437, -0.8858 -0.0656 -1.6437, -0.8638 -0.0626 -1.6437, -0.8432 -0.0541 -1.6437, -0.8256 -0.0406 -1.6437, -0.812 -0.0229 -1.6437, -0.8035 -0.0024 -1.6437, -0.8006 0.0197 -1.6437, -0.8035 0.0417 -1.6437, -0.812 0.0623 -1.6437, -0.8256 0.08 -1.6437, -0.8432 0.0935 -1.6437, -0.8638 0.102 -1.6437, -0.8858 0.1049 -1.6437, -0.9038 0.0869 -1.6641, -0.9206 0.08 -1.6641, -0.935 0.0689 -1.6641, -0.9461 0.0545 -1.6641, -0.9531 0.0377 -1.6641, -0.9554 0.0197 -1.6641, -0.9531 0.0017 -1.6641, -0.9461 -0.0151 -1.6641, -0.935 -0.0295 -1.6641, -0.9206 -0.0406 -1.6641, -0.9038 -0.0475 -1.6641, -0.8858 -0.0499 -1.6641, -0.8678 -0.0475 -1.6641, -0.851 -0.0406 -1.6641, -0.8366 -0.0295 -1.6641, -0.8256 -0.0151 -1.6641, -0.8186 0.0017 -1.6641, -0.8162 0.0197 -1.6641, -0.8186 0.0377 -1.6641, -0.8256 0.0545 -1.6641, -0.8366 0.0689 -1.6641, -0.851 0.08 -1.6641, -0.8678 0.0869 -1.6641, -0.8858 0.0893 -1.6641, -0.8986 0.0672 -1.6797, -0.9104 0.0623 -1.6797, -0.9206 0.0545 -1.6797, -0.9284 0.0443 -1.6797, -0.9334 0.0324 -1.6797, -0.935 0.0197 -1.6797, -0.9334 0.0069 -1.6797, -0.9284 -0.0049 -1.6797, -0.9206 -0.0151 -1.6797, -0.9104 -0.0229 -1.6797, -0.8986 -0.0279 -1.6797, -0.8858 -0.0295 -1.6797, -0.8731 -0.0279 -1.6797, -0.8612 -0.0229 -1.6797, -0.851 -0.0151 -1.6797, -0.8432 -0.0049 -1.6797, -0.8383 0.0069 -1.6797, -0.8366 0.0197 -1.6797, -0.8383 0.0324 -1.6797, -0.8432 0.0443 -1.6797, -0.851 0.0545 -1.6797, -0.8612 0.0623 -1.6797, -0.8731 0.0672 -1.6797, -0.8858 0.0689 -1.6797, -0.8858 -1.6142 0.1575, -0.9104 -1.6108 0.1509, -0.9079 -1.6108 0.1447, -0.9113 -1.6108 0.1575, -0.8986 -1.6108 0.1354, -0.8924 -1.6108 0.1329, -0.9038 -1.6108 0.1395, -0.8792 -1.6108 0.1329, -0.8731 -1.6108 0.1354, -0.8858 -1.6108 0.132, -0.8638 -1.6108 0.1447, -0.8612 -1.6108 0.1509, -0.8678 -1.6108 0.1395, -0.8612 -1.6108 0.1641, -0.8638 -1.6108 0.1702, -0.8604 -1.6108 0.1575, -0.8731 -1.6108 0.1795, -0.8792 -1.6108 0.1821, -0.8678 -1.6108 0.1755, -0.8924 -1.6108 0.1821, -0.8986 -1.6108 0.1795, -0.8858 -1.6108 0.183, -0.9079 -1.6108 0.1702, -0.9104 -1.6108 0.1641, -0.9038 -1.6108 0.1755, -0.9334 -1.601 0.1447, -0.9284 -1.601 0.1329, -0.9206 -1.601 0.1227, -0.9104 -1.601 0.1149, -0.8986 -1.601 0.1099, -0.8858 -1.601 0.1083, -0.8731 -1.601 0.1099, -0.8612 -1.601 0.1149, -0.851 -1.601 0.1227, -0.8432 -1.601 0.1329, -0.8383 -1.601 0.1447, -0.8366 -1.601 0.1575, -0.8383 -1.601 0.1702, -0.8432 -1.601 0.1821, -0.851 -1.601 0.1923, -0.8612 -1.601 0.2001, -0.8731 -1.601 0.205, -0.8858 -1.601 0.2067, -0.8986 -1.601 0.205, -0.9104 -1.601 0.2001, -0.9206 -1.601 0.1923, -0.9284 -1.601 0.1821, -0.9334 -1.601 0.1702, -0.935 -1.601 0.1575, -0.9531 -1.5853 0.1395, -0.9461 -1.5853 0.1227, -0.935 -1.5853 0.1083, -0.9206 -1.5853 0.0972, -0.9038 -1.5853 0.0903, -0.8858 -1.5853 0.0879, -0.8678 -1.5853 0.0903, -0.851 -1.5853 0.0972, -0.8366 -1.5853 0.1083, -0.8256 -1.5853 0.1227, -0.8186 -1.5853 0.1395, -0.8162 -1.5853 0.1575, -0.8186 -1.5853 0.1755, -0.8256 -1.5853 0.1923, -0.8366 -1.5853 0.2067, -0.851 -1.5853 0.2178, -0.8678 -1.5853 0.2247, -0.8858 -1.5853 0.2271, -0.9038 -1.5853 0.2247, -0.9206 -1.5853 0.2178, -0.935 -1.5853 0.2067, -0.9461 -1.5853 0.1923, -0.9531 -1.5853 0.1755, -0.9554 -1.5853 0.1575, -0.9682 -1.565 0.1354, -0.9596 -1.565 0.1149, -0.9461 -1.565 0.0972, -0.9284 -1.565 0.0837, -0.9079 -1.565 0.0751, -0.8858 -1.565 0.0722, -0.8638 -1.565 0.0751, -0.8432 -1.565 0.0837, -0.8256 -1.565 0.0972, -0.812 -1.565 0.1149, -0.8035 -1.565 0.1354, -0.8006 -1.565 0.1575, -0.8035 -1.565 0.1795, -0.812 -1.565 0.2001, -0.8256 -1.565 0.2178, -0.8432 -1.565 0.2313, -0.8638 -1.565 0.2398, -0.8858 -1.565 0.2427, -0.9079 -1.565 0.2398, -0.9284 -1.565 0.2313, -0.9461 -1.565 0.2178, -0.9596 -1.565 0.2001, -0.9682 -1.565 0.1795, -0.9711 -1.565 0.1575, -0.9777 -1.5412 0.1329, -0.9682 -1.5412 0.1099, -0.9531 -1.5412 0.0903, -0.9334 -1.5412 0.0751, -0.9104 -1.5412 0.0656, -0.8858 -1.5412 0.0624, -0.8612 -1.5412 0.0656, -0.8383 -1.5412 0.0751, -0.8186 -1.5412 0.0903, -0.8035 -1.5412 0.1099, -0.794 -1.5412 0.1329, -0.7908 -1.5412 0.1575, -0.794 -1.5412 0.1821, -0.8035 -1.5412 0.205, -0.8186 -1.5412 0.2247, -0.8383 -1.5412 0.2398, -0.8612 -1.5412 0.2493, -0.8858 -1.5412 0.2526, -0.9104 -1.5412 0.2493, -0.9334 -1.5412 0.2398, -0.9531 -1.5412 0.2247, -0.9682 -1.5412 0.205, -0.9777 -1.5412 0.1821, -0.9809 -1.5412 0.1575, -1.4891 0.0417 -1.6896, -1.483 0.0443 -1.6896, -1.4764 0.0197 -1.6929, -1.4944 0.0377 -1.6896, -1.4984 0.0324 -1.6896, -1.501 0.0263 -1.6896, -1.5019 0.0197 -1.6896, -1.501 0.0131 -1.6896, -1.4984 0.0069 -1.6896, -1.4944 0.0017 -1.6896, -1.4891 -0.0024 -1.6896, -1.483 -0.0049 -1.6896, -1.4764 -0.0058 -1.6896, -1.4698 -0.0049 -1.6896, -1.4636 -0.0024 -1.6896, -1.4584 0.0017 -1.6896, -1.4543 0.0069 -1.6896, -1.4518 0.0131 -1.6896, -1.4509 0.0197 -1.6896, -1.4518 0.0263 -1.6896, -1.4543 0.0324 -1.6896, -1.4584 0.0377 -1.6896, -1.4636 0.0417 -1.6896, -1.4698 0.0443 -1.6896, -1.4764 0.0452 -1.6896, -1.501 0.1115 -1.62, -1.5239 0.102 -1.62, -1.5436 0.0869 -1.62, -1.5587 0.0672 -1.62, -1.5682 0.0443 -1.62, -1.5714 0.0197 -1.62, -1.5682 -0.0049 -1.62, -1.5587 -0.0279 -1.62, -1.5436 -0.0475 -1.62, -1.5239 -0.0626 -1.62, -1.501 -0.0721 -1.62, -1.4764 -0.0754 -1.62, -1.4518 -0.0721 -1.62, -1.4288 -0.0626 -1.62, -1.4092 -0.0475 -1.62, -1.394 -0.0279 -1.62, -1.3845 -0.0049 -1.62, -1.3813 0.0197 -1.62, -1.3845 0.0443 -1.62, -1.394 0.0672 -1.62, -1.4092 0.0869 -1.62, -1.4288 0.102 -1.62, -1.4518 0.1115 -1.62, -1.4764 0.1148 -1.62, -1.4984 0.102 -1.6437, -1.519 0.0935 -1.6437, -1.5367 0.08 -1.6437, -1.5502 0.0623 -1.6437, -1.5587 0.0417 -1.6437, -1.5616 0.0197 -1.6437, -1.5587 -0.0024 -1.6437, -1.5502 -0.0229 -1.6437, -1.5367 -0.0406 -1.6437, -1.519 -0.0541 -1.6437, -1.4984 -0.0626 -1.6437, -1.4764 -0.0656 -1.6437, -1.4543 -0.0626 -1.6437, -1.4338 -0.0541 -1.6437, -1.4161 -0.0406 -1.6437, -1.4026 -0.0229 -1.6437, -1.394 -0.0024 -1.6437, -1.3911 0.0197 -1.6437, -1.394 0.0417 -1.6437, -1.4026 0.0623 -1.6437, -1.4161 0.08 -1.6437, -1.4338 0.0935 -1.6437, -1.4543 0.102 -1.6437, -1.4764 0.1049 -1.6437, -1.4944 0.0869 -1.6641, -1.5112 0.08 -1.6641, -1.5256 0.0689 -1.6641, -1.5367 0.0545 -1.6641, -1.5436 0.0377 -1.6641, -1.546 0.0197 -1.6641, -1.5436 0.0017 -1.6641, -1.5367 -0.0151 -1.6641, -1.5256 -0.0295 -1.6641, -1.5112 -0.0406 -1.6641, -1.4944 -0.0475 -1.6641, -1.4764 -0.0499 -1.6641, -1.4584 -0.0475 -1.6641, -1.4416 -0.0406 -1.6641, -1.4272 -0.0295 -1.6641, -1.4161 -0.0151 -1.6641, -1.4092 0.0017 -1.6641, -1.4068 0.0197 -1.6641, -1.4092 0.0377 -1.6641, -1.4161 0.0545 -1.6641, -1.4272 0.0689 -1.6641, -1.4416 0.08 -1.6641, -1.4584 0.0869 -1.6641, -1.4764 0.0893 -1.6641, -1.4891 0.0672 -1.6797, -1.501 0.0623 -1.6797, -1.5112 0.0545 -1.6797, -1.519 0.0443 -1.6797, -1.5239 0.0324 -1.6797, -1.5256 0.0197 -1.6797, -1.5239 0.0069 -1.6797, -1.519 -0.0049 -1.6797, -1.5112 -0.0151 -1.6797, -1.501 -0.0229 -1.6797, -1.4891 -0.0279 -1.6797, -1.4764 -0.0295 -1.6797, -1.4636 -0.0279 -1.6797, -1.4518 -0.0229 -1.6797, -1.4416 -0.0151 -1.6797, -1.4338 -0.0049 -1.6797, -1.4288 0.0069 -1.6797, -1.4272 0.0197 -1.6797, -1.4288 0.0324 -1.6797, -1.4338 0.0443 -1.6797, -1.4416 0.0545 -1.6797, -1.4518 0.0623 -1.6797, -1.4636 0.0672 -1.6797, -1.4764 0.0689 -1.6797, -1.4764 -1.6142 0.1575, -1.501 -1.6108 0.1509, -1.4984 -1.6108 0.1447, -1.5019 -1.6108 0.1575, -1.4891 -1.6108 0.1354, -1.483 -1.6108 0.1329, -1.4944 -1.6108 0.1395, -1.4698 -1.6108 0.1329, -1.4636 -1.6108 0.1354, -1.4764 -1.6108 0.132, -1.4543 -1.6108 0.1447, -1.4518 -1.6108 0.1509, -1.4584 -1.6108 0.1395, -1.4518 -1.6108 0.1641, -1.4543 -1.6108 0.1702, -1.4509 -1.6108 0.1575, -1.4636 -1.6108 0.1795, -1.4698 -1.6108 0.1821, -1.4584 -1.6108 0.1755, -1.483 -1.6108 0.1821, -1.4891 -1.6108 0.1795, -1.4764 -1.6108 0.183, -1.4984 -1.6108 0.1702, -1.501 -1.6108 0.1641, -1.4944 -1.6108 0.1755, -1.5239 -1.601 0.1447, -1.519 -1.601 0.1329, -1.5112 -1.601 0.1227, -1.501 -1.601 0.1149, -1.4891 -1.601 0.1099, -1.4764 -1.601 0.1083, -1.4636 -1.601 0.1099, -1.4518 -1.601 0.1149, -1.4416 -1.601 0.1227, -1.4338 -1.601 0.1329, -1.4288 -1.601 0.1447, -1.4272 -1.601 0.1575, -1.4288 -1.601 0.1702, -1.4338 -1.601 0.1821, -1.4416 -1.601 0.1923, -1.4518 -1.601 0.2001, -1.4636 -1.601 0.205, -1.4764 -1.601 0.2067, -1.4891 -1.601 0.205, -1.501 -1.601 0.2001, -1.5112 -1.601 0.1923, -1.519 -1.601 0.1821, -1.5239 -1.601 0.1702, -1.5256 -1.601 0.1575, -1.5436 -1.5853 0.1395, -1.5367 -1.5853 0.1227, -1.5256 -1.5853 0.1083, -1.5112 -1.5853 0.0972, -1.4944 -1.5853 0.0903, -1.4764 -1.5853 0.0879, -1.4584 -1.5853 0.0903, -1.4416 -1.5853 0.0972, -1.4272 -1.5853 0.1083, -1.4161 -1.5853 0.1227, -1.4092 -1.5853 0.1395, -1.4068 -1.5853 0.1575, -1.4092 -1.5853 0.1755, -1.4161 -1.5853 0.1923, -1.4272 -1.5853 0.2067, -1.4416 -1.5853 0.2178, -1.4584 -1.5853 0.2247, -1.4764 -1.5853 0.2271, -1.4944 -1.5853 0.2247, -1.5112 -1.5853 0.2178, -1.5256 -1.5853 0.2067, -1.5367 -1.5853 0.1923, -1.5436 -1.5853 0.1755, -1.546 -1.5853 0.1575, -1.5587 -1.565 0.1354, -1.5502 -1.565 0.1149, -1.5367 -1.565 0.0972, -1.519 -1.565 0.0837, -1.4984 -1.565 0.0751, -1.4764 -1.565 0.0722, -1.4543 -1.565 0.0751, -1.4338 -1.565 0.0837, -1.4161 -1.565 0.0972, -1.4026 -1.565 0.1149, -1.394 -1.565 0.1354, -1.3911 -1.565 0.1575, -1.394 -1.565 0.1795, -1.4026 -1.565 0.2001, -1.4161 -1.565 0.2178, -1.4338 -1.565 0.2313, -1.4543 -1.565 0.2398, -1.4764 -1.565 0.2427, -1.4984 -1.565 0.2398, -1.519 -1.565 0.2313, -1.5367 -1.565 0.2178, -1.5502 -1.565 0.2001, -1.5587 -1.565 0.1795, -1.5616 -1.565 0.1575, -1.5682 -1.5412 0.1329, -1.5587 -1.5412 0.1099, -1.5436 -1.5412 0.0903, -1.5239 -1.5412 0.0751, -1.501 -1.5412 0.0656, -1.4764 -1.5412 0.0624, -1.4518 -1.5412 0.0656, -1.4288 -1.5412 0.0751, -1.4092 -1.5412 0.0903, -1.394 -1.5412 0.1099, -1.3845 -1.5412 0.1329, -1.3813 -1.5412 0.1575, -1.3845 -1.5412 0.1821, -1.394 -1.5412 0.205, -1.4092 -1.5412 0.2247, -1.4288 -1.5412 0.2398, -1.4518 -1.5412 0.2493, -1.4764 -1.5412 0.2526, -1.501 -1.5412 0.2493, -1.5239 -1.5412 0.2398, -1.5436 -1.5412 0.2247, -1.5587 -1.5412 0.205, -1.5682 -1.5412 0.1821, -1.5714 -1.5412 0.1575, -1.5714 -1.5412 0.1575
            ]
        }
        coordIndex [
            0,1,2,-1,2,1,3,-1,2,3,4,-1,4,3,5,-1,4,5,6,-1,6,5,7,-1,6,7,8,-1,8,7,9,-1,8,9,10,-1,10,9,11,-1,10,11,12,-1,12,11,13,-1,12,13,14,-1,14,13,15,-1,14,15,16,-1,16,15,17,-1,16,17,18,-1,18,17,19,-1,18,19,20,-1,20,19,21,-1,20,21,22,-1,22,21,23,-1,22,23,24,-1,24,23,25,-1,24,25,26,-1,26,25,27,-1,26,27,28,-1,28,27,29,-1,28,29,30,-1,30,29,31,-1,30,31,32,-1,32,31,33,-1,32,33,34,-1,34,33,35,-1,34,35,36,-1,36,35,37,-1,36,37,38,-1,38,37,39,-1,38,39,40,-1,40,39,41,-1,40,41,42,-1,42,41,43,-1,42,43,44,-1,44,43,45,-1,44,45,46,-1,46,45,47,-1,46,47,0,-1,0,47,1,-1,48,49,50,-1,51,52,53,-1,54,55,56,-1,57,58,59,-1,59,58,60,-1,54,56,61,-1,61,56,62,-1,61,62,63,-1,64,65,66,-1,67,68,66,-1,66,68,69,-1,66,69,64,-1,70,71,72,-1,71,70,73,-1,73,70,74,-1,73,74,75,-1,75,74,76,-1,76,74,77,-1,76,77,78,-1,78,77,79,-1,79,77,80,-1,79,80,81,-1,82,83,80,-1,80,83,84,-1,80,84,81,-1,85,86,82,-1,82,86,87,-1,82,87,83,-1,88,89,90,-1,90,89,91,-1,90,91,85,-1,85,91,92,-1,85,92,86,-1,53,52,90,-1,90,52,93,-1,90,93,88,-1,94,95,96,-1,96,97,94,-1,94,97,98,-1,94,98,53,-1,53,98,99,-1,53,99,51,-1,49,100,50,-1,50,100,101,-1,50,101,102,-1,103,104,105,-1,105,104,106,-1,107,108,106,-1,106,108,109,-1,106,109,105,-1,110,111,107,-1,107,111,112,-1,107,112,108,-1,113,114,110,-1,110,114,115,-1,110,115,111,-1,116,117,113,-1,113,117,118,-1,113,118,114,-1,119,120,116,-1,116,120,121,-1,116,121,117,-1,122,123,124,-1,124,123,125,-1,124,125,126,-1,126,125,127,-1,126,127,119,-1,119,127,128,-1,119,128,120,-1,129,130,122,-1,122,130,131,-1,122,131,123,-1,132,133,129,-1,129,133,134,-1,129,134,130,-1,101,95,102,-1,102,95,94,-1,102,94,135,-1,135,94,53,-1,135,53,136,-1,136,53,90,-1,136,90,137,-1,137,90,85,-1,137,85,138,-1,138,85,82,-1,138,82,139,-1,139,82,80,-1,139,80,140,-1,140,80,77,-1,140,77,141,-1,141,77,74,-1,141,74,67,-1,67,74,70,-1,67,70,68,-1,68,70,72,-1,142,143,132,-1,132,143,144,-1,132,144,133,-1,145,146,147,-1,147,146,48,-1,147,48,148,-1,148,48,50,-1,148,50,149,-1,149,50,102,-1,149,102,150,-1,150,102,135,-1,150,135,151,-1,151,135,136,-1,151,136,152,-1,152,136,137,-1,152,137,153,-1,153,137,138,-1,153,138,154,-1,154,138,139,-1,154,139,155,-1,155,139,140,-1,155,140,156,-1,156,140,141,-1,156,141,157,-1,157,141,67,-1,157,67,62,-1,62,67,66,-1,62,66,63,-1,63,66,65,-1,58,158,60,-1,60,158,159,-1,60,159,142,-1,142,159,160,-1,142,160,143,-1,104,145,106,-1,106,145,147,-1,106,147,107,-1,107,147,148,-1,107,148,110,-1,110,148,149,-1,110,149,113,-1,113,149,150,-1,113,150,116,-1,116,150,151,-1,116,151,119,-1,119,151,152,-1,119,152,126,-1,126,152,153,-1,126,153,124,-1,124,153,154,-1,124,154,122,-1,122,154,155,-1,122,155,129,-1,129,155,156,-1,129,156,132,-1,132,156,157,-1,132,157,142,-1,142,157,62,-1,142,62,60,-1,60,62,56,-1,60,56,59,-1,59,56,55,-1,161,103,105,-1,162,163,164,-1,164,163,165,-1,164,165,166,-1,166,165,167,-1,166,167,168,-1,168,167,169,-1,168,169,170,-1,170,169,171,-1,170,171,172,-1,172,171,173,-1,172,173,174,-1,174,173,175,-1,174,175,176,-1,176,175,177,-1,176,177,178,-1,178,177,179,-1,178,179,180,-1,180,179,181,-1,180,181,182,-1,182,181,183,-1,184,185,162,-1,162,185,186,-1,162,186,163,-1,57,185,58,-1,58,185,184,-1,58,184,158,-1,158,184,187,-1,158,187,159,-1,159,187,160,-1,160,187,188,-1,160,188,143,-1,143,188,144,-1,144,188,189,-1,144,189,133,-1,133,189,134,-1,134,189,190,-1,134,190,130,-1,130,190,131,-1,131,190,191,-1,131,191,123,-1,123,191,125,-1,125,191,192,-1,125,192,127,-1,193,120,192,-1,192,120,128,-1,192,128,127,-1,194,195,114,-1,114,118,194,-1,194,118,117,-1,194,117,193,-1,193,117,121,-1,193,121,120,-1,196,197,108,-1,108,112,196,-1,196,112,111,-1,196,111,195,-1,195,111,115,-1,195,115,114,-1,181,161,183,-1,183,161,105,-1,183,105,197,-1,197,105,109,-1,197,109,108,-1,198,199,200,-1,198,200,201,-1,202,201,200,-1,203,202,200,-1,204,203,200,-1,205,204,200,-1,206,205,200,-1,207,206,200,-1,208,207,200,-1,209,208,200,-1,210,209,200,-1,211,210,200,-1,212,211,200,-1,213,212,200,-1,214,213,200,-1,215,214,200,-1,216,215,200,-1,217,216,200,-1,218,217,200,-1,219,218,200,-1,220,219,200,-1,221,220,200,-1,222,221,200,-1,199,222,200,-1,192,223,193,-1,193,223,224,-1,193,224,194,-1,194,224,225,-1,194,225,195,-1,195,225,226,-1,195,226,196,-1,196,226,227,-1,196,227,197,-1,197,227,228,-1,197,228,183,-1,183,228,229,-1,183,229,182,-1,182,229,230,-1,182,230,180,-1,180,230,231,-1,180,231,178,-1,178,231,232,-1,178,232,176,-1,176,232,233,-1,176,233,174,-1,174,233,234,-1,174,234,172,-1,172,234,235,-1,172,235,170,-1,170,235,236,-1,170,236,168,-1,168,236,237,-1,168,237,166,-1,166,237,238,-1,166,238,164,-1,164,238,239,-1,164,239,162,-1,162,239,240,-1,162,240,184,-1,184,240,241,-1,184,241,187,-1,187,241,242,-1,187,242,188,-1,188,242,243,-1,188,243,189,-1,189,243,244,-1,189,244,190,-1,190,244,245,-1,190,245,191,-1,191,245,246,-1,191,246,192,-1,192,246,223,-1,246,247,223,-1,223,247,248,-1,223,248,224,-1,224,248,249,-1,224,249,225,-1,225,249,250,-1,225,250,226,-1,226,250,251,-1,226,251,227,-1,227,251,252,-1,227,252,228,-1,228,252,253,-1,228,253,229,-1,229,253,254,-1,229,254,230,-1,230,254,255,-1,230,255,231,-1,231,255,256,-1,231,256,232,-1,232,256,257,-1,232,257,233,-1,233,257,258,-1,233,258,234,-1,234,258,259,-1,234,259,235,-1,235,259,260,-1,235,260,236,-1,236,260,261,-1,236,261,237,-1,237,261,262,-1,237,262,238,-1,238,262,263,-1,238,263,239,-1,239,263,264,-1,239,264,240,-1,240,264,265,-1,240,265,241,-1,241,265,266,-1,241,266,242,-1,242,266,267,-1,242,267,243,-1,243,267,268,-1,243,268,244,-1,244,268,269,-1,244,269,245,-1,245,269,270,-1,245,270,246,-1,246,270,247,-1,270,271,247,-1,247,271,272,-1,247,272,248,-1,248,272,273,-1,248,273,249,-1,249,273,274,-1,249,274,250,-1,250,274,275,-1,250,275,251,-1,251,275,276,-1,251,276,252,-1,252,276,277,-1,252,277,253,-1,253,277,278,-1,253,278,254,-1,254,278,279,-1,254,279,255,-1,255,279,280,-1,255,280,256,-1,256,280,281,-1,256,281,257,-1,257,281,282,-1,257,282,258,-1,258,282,283,-1,258,283,259,-1,259,283,284,-1,259,284,260,-1,260,284,285,-1,260,285,261,-1,261,285,286,-1,261,286,262,-1,262,286,287,-1,262,287,263,-1,263,287,288,-1,263,288,264,-1,264,288,289,-1,264,289,265,-1,265,289,290,-1,265,290,266,-1,266,290,291,-1,266,291,267,-1,267,291,292,-1,267,292,268,-1,268,292,293,-1,268,293,269,-1,269,293,294,-1,269,294,270,-1,270,294,271,-1,294,295,271,-1,271,295,296,-1,271,296,272,-1,272,296,297,-1,272,297,273,-1,273,297,298,-1,273,298,274,-1,274,298,299,-1,274,299,275,-1,275,299,300,-1,275,300,276,-1,276,300,301,-1,276,301,277,-1,277,301,302,-1,277,302,278,-1,278,302,303,-1,278,303,279,-1,279,303,304,-1,279,304,280,-1,280,304,305,-1,280,305,281,-1,281,305,306,-1,281,306,282,-1,282,306,307,-1,282,307,283,-1,283,307,308,-1,283,308,284,-1,284,308,309,-1,284,309,285,-1,285,309,310,-1,285,310,286,-1,286,310,311,-1,286,311,287,-1,287,311,312,-1,287,312,288,-1,288,312,313,-1,288,313,289,-1,289,313,314,-1,289,314,290,-1,290,314,315,-1,290,315,291,-1,291,315,316,-1,291,316,292,-1,292,316,317,-1,292,317,293,-1,293,317,318,-1,293,318,294,-1,294,318,295,-1,318,199,295,-1,295,199,198,-1,295,198,296,-1,296,198,201,-1,296,201,297,-1,297,201,202,-1,297,202,298,-1,298,202,203,-1,298,203,299,-1,299,203,204,-1,299,204,300,-1,300,204,205,-1,300,205,301,-1,301,205,206,-1,301,206,302,-1,302,206,207,-1,302,207,303,-1,303,207,208,-1,303,208,304,-1,304,208,209,-1,304,209,305,-1,305,209,210,-1,305,210,306,-1,306,210,211,-1,306,211,307,-1,307,211,212,-1,307,212,308,-1,308,212,213,-1,308,213,309,-1,309,213,214,-1,309,214,310,-1,310,214,215,-1,310,215,311,-1,311,215,216,-1,311,216,312,-1,312,216,217,-1,312,217,313,-1,313,217,218,-1,313,218,314,-1,314,218,219,-1,314,219,315,-1,315,219,220,-1,315,220,316,-1,316,220,221,-1,316,221,317,-1,317,221,222,-1,317,222,318,-1,318,222,199,-1,319,320,321,-1,322,320,319,-1,319,323,324,-1,325,323,319,-1,321,325,319,-1,319,326,327,-1,328,326,319,-1,324,328,319,-1,319,329,330,-1,331,329,319,-1,327,331,319,-1,319,332,333,-1,334,332,319,-1,330,334,319,-1,319,335,336,-1,337,335,319,-1,333,337,319,-1,319,338,339,-1,340,338,319,-1,336,340,319,-1,319,341,342,-1,343,341,319,-1,339,343,319,-1,342,322,319,-1,322,344,320,-1,320,344,345,-1,320,345,321,-1,321,345,346,-1,321,346,325,-1,325,346,347,-1,325,347,323,-1,323,347,348,-1,323,348,324,-1,324,348,349,-1,324,349,328,-1,328,349,350,-1,328,350,326,-1,326,350,351,-1,326,351,327,-1,327,351,352,-1,327,352,331,-1,331,352,353,-1,331,353,329,-1,329,353,354,-1,329,354,330,-1,330,354,355,-1,330,355,334,-1,334,355,356,-1,334,356,332,-1,332,356,357,-1,332,357,333,-1,333,357,358,-1,333,358,337,-1,337,358,359,-1,337,359,335,-1,335,359,360,-1,335,360,336,-1,336,360,361,-1,336,361,340,-1,340,361,362,-1,340,362,338,-1,338,362,363,-1,338,363,339,-1,339,363,364,-1,339,364,343,-1,343,364,365,-1,343,365,341,-1,341,365,366,-1,341,366,342,-1,342,366,367,-1,342,367,322,-1,322,367,344,-1,367,368,344,-1,344,368,369,-1,344,369,345,-1,345,369,370,-1,345,370,346,-1,346,370,371,-1,346,371,347,-1,347,371,372,-1,347,372,348,-1,348,372,373,-1,348,373,349,-1,349,373,374,-1,349,374,350,-1,350,374,375,-1,350,375,351,-1,351,375,376,-1,351,376,352,-1,352,376,377,-1,352,377,353,-1,353,377,378,-1,353,378,354,-1,354,378,379,-1,354,379,355,-1,355,379,380,-1,355,380,356,-1,356,380,381,-1,356,381,357,-1,357,381,382,-1,357,382,358,-1,358,382,383,-1,358,383,359,-1,359,383,384,-1,359,384,360,-1,360,384,385,-1,360,385,361,-1,361,385,386,-1,361,386,362,-1,362,386,387,-1,362,387,363,-1,363,387,388,-1,363,388,364,-1,364,388,389,-1,364,389,365,-1,365,389,390,-1,365,390,366,-1,366,390,391,-1,366,391,367,-1,367,391,368,-1,391,392,368,-1,368,392,393,-1,368,393,369,-1,369,393,394,-1,369,394,370,-1,370,394,395,-1,370,395,371,-1,371,395,396,-1,371,396,372,-1,372,396,397,-1,372,397,373,-1,373,397,398,-1,373,398,374,-1,374,398,399,-1,374,399,375,-1,375,399,400,-1,375,400,376,-1,376,400,401,-1,376,401,377,-1,377,401,402,-1,377,402,378,-1,378,402,403,-1,378,403,379,-1,379,403,404,-1,379,404,380,-1,380,404,405,-1,380,405,381,-1,381,405,406,-1,381,406,382,-1,382,406,407,-1,382,407,383,-1,383,407,408,-1,383,408,384,-1,384,408,409,-1,384,409,385,-1,385,409,410,-1,385,410,386,-1,386,410,411,-1,386,411,387,-1,387,411,412,-1,387,412,388,-1,388,412,413,-1,388,413,389,-1,389,413,414,-1,389,414,390,-1,390,414,415,-1,390,415,391,-1,391,415,392,-1,415,416,392,-1,392,416,417,-1,392,417,393,-1,393,417,418,-1,393,418,394,-1,394,418,419,-1,394,419,395,-1,395,419,420,-1,395,420,396,-1,396,420,421,-1,396,421,397,-1,397,421,422,-1,397,422,398,-1,398,422,423,-1,398,423,399,-1,399,423,424,-1,399,424,400,-1,400,424,425,-1,400,425,401,-1,401,425,426,-1,401,426,402,-1,402,426,427,-1,402,427,403,-1,403,427,428,-1,403,428,404,-1,404,428,429,-1,404,429,405,-1,405,429,430,-1,405,430,406,-1,406,430,431,-1,406,431,407,-1,407,431,432,-1,407,432,408,-1,408,432,433,-1,408,433,409,-1,409,433,434,-1,409,434,410,-1,410,434,435,-1,410,435,411,-1,411,435,436,-1,411,436,412,-1,412,436,437,-1,412,437,413,-1,413,437,438,-1,413,438,414,-1,414,438,439,-1,414,439,415,-1,415,439,416,-1,439,21,416,-1,416,21,19,-1,416,19,417,-1,417,19,17,-1,417,17,418,-1,418,17,15,-1,418,15,419,-1,419,15,13,-1,419,13,420,-1,420,13,11,-1,420,11,421,-1,421,11,9,-1,421,9,422,-1,422,9,7,-1,422,7,423,-1,423,7,5,-1,423,5,424,-1,424,5,3,-1,424,3,425,-1,425,3,1,-1,425,1,426,-1,426,1,47,-1,426,47,427,-1,427,47,45,-1,427,45,428,-1,428,45,43,-1,428,43,429,-1,429,43,41,-1,429,41,430,-1,430,41,39,-1,430,39,431,-1,431,39,37,-1,431,37,432,-1,432,37,35,-1,432,35,433,-1,433,35,33,-1,433,33,434,-1,434,33,31,-1,434,31,435,-1,435,31,29,-1,435,29,436,-1,436,29,27,-1,436,27,437,-1,437,27,25,-1,437,25,438,-1,438,25,23,-1,438,23,439,-1,439,23,21,-1,440,441,442,-1,442,441,443,-1,442,443,444,-1,444,443,445,-1,444,445,446,-1,446,445,447,-1,446,447,448,-1,448,447,449,-1,448,449,450,-1,450,449,451,-1,450,451,452,-1,452,451,453,-1,452,453,454,-1,454,453,455,-1,454,455,456,-1,456,455,457,-1,456,457,458,-1,458,457,459,-1,458,459,460,-1,460,459,461,-1,460,461,462,-1,462,461,463,-1,462,463,464,-1,464,463,465,-1,464,465,466,-1,466,465,467,-1,466,467,468,-1,468,467,469,-1,468,469,470,-1,470,469,471,-1,470,471,472,-1,472,471,473,-1,472,473,474,-1,474,473,475,-1,474,475,476,-1,476,475,477,-1,476,477,478,-1,478,477,479,-1,478,479,480,-1,480,479,481,-1,480,481,482,-1,482,481,483,-1,482,483,484,-1,484,483,485,-1,484,485,486,-1,486,485,487,-1,486,487,440,-1,440,487,441,-1,488,489,490,-1,491,492,493,-1,494,495,496,-1,497,498,499,-1,499,498,500,-1,494,496,501,-1,501,496,502,-1,501,502,503,-1,504,505,506,-1,507,508,506,-1,506,508,509,-1,506,509,504,-1,510,511,512,-1,511,510,513,-1,513,510,514,-1,513,514,515,-1,515,514,516,-1,516,514,517,-1,516,517,518,-1,518,517,519,-1,519,517,520,-1,519,520,521,-1,522,523,520,-1,520,523,524,-1,520,524,521,-1,525,526,522,-1,522,526,527,-1,522,527,523,-1,528,529,530,-1,530,529,531,-1,530,531,525,-1,525,531,532,-1,525,532,526,-1,493,492,530,-1,530,492,533,-1,530,533,528,-1,534,535,536,-1,536,537,534,-1,534,537,538,-1,534,538,493,-1,493,538,539,-1,493,539,491,-1,489,540,490,-1,490,540,541,-1,490,541,542,-1,543,544,545,-1,545,544,546,-1,547,548,546,-1,546,548,549,-1,546,549,545,-1,550,551,547,-1,547,551,552,-1,547,552,548,-1,553,554,550,-1,550,554,555,-1,550,555,551,-1,556,557,553,-1,553,557,558,-1,553,558,554,-1,559,560,556,-1,556,560,561,-1,556,561,557,-1,562,563,564,-1,564,563,565,-1,564,565,566,-1,566,565,567,-1,566,567,559,-1,559,567,568,-1,559,568,560,-1,569,570,562,-1,562,570,571,-1,562,571,563,-1,572,573,569,-1,569,573,574,-1,569,574,570,-1,541,535,542,-1,542,535,534,-1,542,534,575,-1,575,534,493,-1,575,493,576,-1,576,493,530,-1,576,530,577,-1,577,530,525,-1,577,525,578,-1,578,525,522,-1,578,522,579,-1,579,522,520,-1,579,520,580,-1,580,520,517,-1,580,517,581,-1,581,517,514,-1,581,514,507,-1,507,514,510,-1,507,510,508,-1,508,510,512,-1,582,583,572,-1,572,583,584,-1,572,584,573,-1,585,586,587,-1,587,586,488,-1,587,488,588,-1,588,488,490,-1,588,490,589,-1,589,490,542,-1,589,542,590,-1,590,542,575,-1,590,575,591,-1,591,575,576,-1,591,576,592,-1,592,576,577,-1,592,577,593,-1,593,577,578,-1,593,578,594,-1,594,578,579,-1,594,579,595,-1,595,579,580,-1,595,580,596,-1,596,580,581,-1,596,581,597,-1,597,581,507,-1,597,507,502,-1,502,507,506,-1,502,506,503,-1,503,506,505,-1,498,598,500,-1,500,598,599,-1,500,599,582,-1,582,599,600,-1,582,600,583,-1,544,585,546,-1,546,585,587,-1,546,587,547,-1,547,587,588,-1,547,588,550,-1,550,588,589,-1,550,589,553,-1,553,589,590,-1,553,590,556,-1,556,590,591,-1,556,591,559,-1,559,591,592,-1,559,592,566,-1,566,592,593,-1,566,593,564,-1,564,593,594,-1,564,594,562,-1,562,594,595,-1,562,595,569,-1,569,595,596,-1,569,596,572,-1,572,596,597,-1,572,597,582,-1,582,597,502,-1,582,502,500,-1,500,502,496,-1,500,496,499,-1,499,496,495,-1,601,543,545,-1,602,603,604,-1,604,603,605,-1,604,605,606,-1,606,605,607,-1,606,607,608,-1,608,607,609,-1,608,609,610,-1,610,609,611,-1,610,611,612,-1,612,611,613,-1,612,613,614,-1,614,613,615,-1,614,615,616,-1,616,615,617,-1,616,617,618,-1,618,617,619,-1,618,619,620,-1,620,619,621,-1,620,621,622,-1,622,621,623,-1,624,625,602,-1,602,625,626,-1,602,626,603,-1,497,625,498,-1,498,625,624,-1,498,624,598,-1,598,624,627,-1,598,627,599,-1,599,627,600,-1,600,627,628,-1,600,628,583,-1,583,628,584,-1,584,628,629,-1,584,629,573,-1,573,629,574,-1,574,629,630,-1,574,630,570,-1,570,630,571,-1,571,630,631,-1,571,631,563,-1,563,631,565,-1,565,631,632,-1,565,632,567,-1,633,560,632,-1,632,560,568,-1,632,568,567,-1,634,635,554,-1,554,558,634,-1,634,558,557,-1,634,557,633,-1,633,557,561,-1,633,561,560,-1,636,637,548,-1,548,552,636,-1,636,552,551,-1,636,551,635,-1,635,551,555,-1,635,555,554,-1,621,601,623,-1,623,601,545,-1,623,545,637,-1,637,545,549,-1,637,549,548,-1,638,639,640,-1,640,639,641,-1,640,641,642,-1,642,641,643,-1,642,643,644,-1,644,643,645,-1,644,645,646,-1,646,645,647,-1,646,647,648,-1,648,647,649,-1,648,649,650,-1,650,649,651,-1,650,651,652,-1,652,651,653,-1,652,653,654,-1,654,653,655,-1,654,655,656,-1,656,655,657,-1,656,657,658,-1,658,657,659,-1,658,659,660,-1,660,659,661,-1,660,661,662,-1,662,661,663,-1,662,663,664,-1,664,663,665,-1,664,665,666,-1,666,665,667,-1,666,667,668,-1,668,667,669,-1,668,669,670,-1,670,669,671,-1,670,671,672,-1,672,671,673,-1,672,673,674,-1,674,673,675,-1,674,675,676,-1,676,675,677,-1,676,677,678,-1,678,677,679,-1,678,679,680,-1,680,679,681,-1,680,681,682,-1,682,681,683,-1,682,683,684,-1,684,683,685,-1,684,685,638,-1,638,685,639,-1,686,687,688,-1,689,690,691,-1,692,693,694,-1,695,696,697,-1,697,696,698,-1,692,694,699,-1,699,694,700,-1,699,700,701,-1,702,703,704,-1,705,706,704,-1,704,706,707,-1,704,707,702,-1,708,709,710,-1,709,708,711,-1,711,708,712,-1,711,712,713,-1,713,712,714,-1,714,712,715,-1,714,715,716,-1,716,715,717,-1,717,715,718,-1,717,718,719,-1,720,721,718,-1,718,721,722,-1,718,722,719,-1,723,724,720,-1,720,724,725,-1,720,725,721,-1,726,727,728,-1,728,727,729,-1,728,729,723,-1,723,729,730,-1,723,730,724,-1,691,690,728,-1,728,690,731,-1,728,731,726,-1,732,733,734,-1,734,735,732,-1,732,735,736,-1,732,736,691,-1,691,736,737,-1,691,737,689,-1,687,738,688,-1,688,738,739,-1,688,739,740,-1,741,742,743,-1,743,742,744,-1,745,746,744,-1,744,746,747,-1,744,747,743,-1,748,749,745,-1,745,749,750,-1,745,750,746,-1,751,752,748,-1,748,752,753,-1,748,753,749,-1,754,755,751,-1,751,755,756,-1,751,756,752,-1,757,758,754,-1,754,758,759,-1,754,759,755,-1,760,761,762,-1,762,761,763,-1,762,763,764,-1,764,763,765,-1,764,765,757,-1,757,765,766,-1,757,766,758,-1,767,768,760,-1,760,768,769,-1,760,769,761,-1,770,771,767,-1,767,771,772,-1,767,772,768,-1,739,733,740,-1,740,733,732,-1,740,732,773,-1,773,732,691,-1,773,691,774,-1,774,691,728,-1,774,728,775,-1,775,728,723,-1,775,723,776,-1,776,723,720,-1,776,720,777,-1,777,720,718,-1,777,718,778,-1,778,718,715,-1,778,715,779,-1,779,715,712,-1,779,712,705,-1,705,712,708,-1,705,708,706,-1,706,708,710,-1,780,781,770,-1,770,781,782,-1,770,782,771,-1,783,784,785,-1,785,784,686,-1,785,686,786,-1,786,686,688,-1,786,688,787,-1,787,688,740,-1,787,740,788,-1,788,740,773,-1,788,773,789,-1,789,773,774,-1,789,774,790,-1,790,774,775,-1,790,775,791,-1,791,775,776,-1,791,776,792,-1,792,776,777,-1,792,777,793,-1,793,777,778,-1,793,778,794,-1,794,778,779,-1,794,779,795,-1,795,779,705,-1,795,705,700,-1,700,705,704,-1,700,704,701,-1,701,704,703,-1,696,796,698,-1,698,796,797,-1,698,797,780,-1,780,797,798,-1,780,798,781,-1,742,783,744,-1,744,783,785,-1,744,785,745,-1,745,785,786,-1,745,786,748,-1,748,786,787,-1,748,787,751,-1,751,787,788,-1,751,788,754,-1,754,788,789,-1,754,789,757,-1,757,789,790,-1,757,790,764,-1,764,790,791,-1,764,791,762,-1,762,791,792,-1,762,792,760,-1,760,792,793,-1,760,793,767,-1,767,793,794,-1,767,794,770,-1,770,794,795,-1,770,795,780,-1,780,795,700,-1,780,700,698,-1,698,700,694,-1,698,694,697,-1,697,694,693,-1,799,741,743,-1,800,801,802,-1,802,801,803,-1,802,803,804,-1,804,803,805,-1,804,805,806,-1,806,805,807,-1,806,807,808,-1,808,807,809,-1,808,809,810,-1,810,809,811,-1,810,811,812,-1,812,811,813,-1,812,813,814,-1,814,813,815,-1,814,815,816,-1,816,815,817,-1,816,817,818,-1,818,817,819,-1,818,819,820,-1,820,819,821,-1,822,823,800,-1,800,823,824,-1,800,824,801,-1,695,823,696,-1,696,823,822,-1,696,822,796,-1,796,822,825,-1,796,825,797,-1,797,825,798,-1,798,825,826,-1,798,826,781,-1,781,826,782,-1,782,826,827,-1,782,827,771,-1,771,827,772,-1,772,827,828,-1,772,828,768,-1,768,828,769,-1,769,828,829,-1,769,829,761,-1,761,829,763,-1,763,829,830,-1,763,830,765,-1,831,758,830,-1,830,758,766,-1,830,766,765,-1,832,833,752,-1,752,756,832,-1,832,756,755,-1,832,755,831,-1,831,755,759,-1,831,759,758,-1,834,835,746,-1,746,750,834,-1,834,750,749,-1,834,749,833,-1,833,749,753,-1,833,753,752,-1,819,799,821,-1,821,799,743,-1,821,743,835,-1,835,743,747,-1,835,747,746,-1,836,837,838,-1,838,837,839,-1,838,839,840,-1,840,839,841,-1,840,841,842,-1,842,841,843,-1,842,843,844,-1,844,843,845,-1,844,845,846,-1,846,845,847,-1,846,847,848,-1,848,847,849,-1,848,849,850,-1,850,849,851,-1,850,851,852,-1,852,851,853,-1,852,853,854,-1,854,853,855,-1,854,855,856,-1,856,855,857,-1,856,857,858,-1,858,857,859,-1,858,859,860,-1,860,859,861,-1,860,861,862,-1,862,861,863,-1,862,863,864,-1,864,863,865,-1,864,865,866,-1,866,865,867,-1,866,867,868,-1,868,867,869,-1,868,869,870,-1,870,869,871,-1,870,871,872,-1,872,871,873,-1,872,873,874,-1,874,873,875,-1,874,875,876,-1,876,875,877,-1,876,877,878,-1,878,877,879,-1,878,879,880,-1,880,879,881,-1,880,881,882,-1,882,881,883,-1,882,883,836,-1,836,883,837,-1,884,885,886,-1,887,888,889,-1,890,891,892,-1,893,894,895,-1,895,894,896,-1,890,892,897,-1,897,892,898,-1,897,898,899,-1,900,901,902,-1,903,904,902,-1,902,904,905,-1,902,905,900,-1,906,907,908,-1,907,906,909,-1,909,906,910,-1,909,910,911,-1,911,910,912,-1,912,910,913,-1,912,913,914,-1,914,913,915,-1,915,913,916,-1,915,916,917,-1,918,919,916,-1,916,919,920,-1,916,920,917,-1,921,922,918,-1,918,922,923,-1,918,923,919,-1,924,925,926,-1,926,925,927,-1,926,927,921,-1,921,927,928,-1,921,928,922,-1,889,888,926,-1,926,888,929,-1,926,929,924,-1,930,931,932,-1,932,933,930,-1,930,933,934,-1,930,934,889,-1,889,934,935,-1,889,935,887,-1,885,936,886,-1,886,936,937,-1,886,937,938,-1,939,940,941,-1,941,940,942,-1,943,944,942,-1,942,944,945,-1,942,945,941,-1,946,947,943,-1,943,947,948,-1,943,948,944,-1,949,950,946,-1,946,950,951,-1,946,951,947,-1,952,953,949,-1,949,953,954,-1,949,954,950,-1,955,956,952,-1,952,956,957,-1,952,957,953,-1,958,959,960,-1,960,959,961,-1,960,961,962,-1,962,961,963,-1,962,963,955,-1,955,963,964,-1,955,964,956,-1,965,966,958,-1,958,966,967,-1,958,967,959,-1,968,969,965,-1,965,969,970,-1,965,970,966,-1,937,931,938,-1,938,931,930,-1,938,930,971,-1,971,930,889,-1,971,889,972,-1,972,889,926,-1,972,926,973,-1,973,926,921,-1,973,921,974,-1,974,921,918,-1,974,918,975,-1,975,918,916,-1,975,916,976,-1,976,916,913,-1,976,913,977,-1,977,913,910,-1,977,910,903,-1,903,910,906,-1,903,906,904,-1,904,906,908,-1,978,979,968,-1,968,979,980,-1,968,980,969,-1,981,982,983,-1,983,982,884,-1,983,884,984,-1,984,884,886,-1,984,886,985,-1,985,886,938,-1,985,938,986,-1,986,938,971,-1,986,971,987,-1,987,971,972,-1,987,972,988,-1,988,972,973,-1,988,973,989,-1,989,973,974,-1,989,974,990,-1,990,974,975,-1,990,975,991,-1,991,975,976,-1,991,976,992,-1,992,976,977,-1,992,977,993,-1,993,977,903,-1,993,903,898,-1,898,903,902,-1,898,902,899,-1,899,902,901,-1,894,994,896,-1,896,994,995,-1,896,995,978,-1,978,995,996,-1,978,996,979,-1,940,981,942,-1,942,981,983,-1,942,983,943,-1,943,983,984,-1,943,984,946,-1,946,984,985,-1,946,985,949,-1,949,985,986,-1,949,986,952,-1,952,986,987,-1,952,987,955,-1,955,987,988,-1,955,988,962,-1,962,988,989,-1,962,989,960,-1,960,989,990,-1,960,990,958,-1,958,990,991,-1,958,991,965,-1,965,991,992,-1,965,992,968,-1,968,992,993,-1,968,993,978,-1,978,993,898,-1,978,898,896,-1,896,898,892,-1,896,892,895,-1,895,892,891,-1,997,939,941,-1,998,999,1000,-1,1000,999,1001,-1,1000,1001,1002,-1,1002,1001,1003,-1,1002,1003,1004,-1,1004,1003,1005,-1,1004,1005,1006,-1,1006,1005,1007,-1,1006,1007,1008,-1,1008,1007,1009,-1,1008,1009,1010,-1,1010,1009,1011,-1,1010,1011,1012,-1,1012,1011,1013,-1,1012,1013,1014,-1,1014,1013,1015,-1,1014,1015,1016,-1,1016,1015,1017,-1,1016,1017,1018,-1,1018,1017,1019,-1,1020,1021,998,-1,998,1021,1022,-1,998,1022,999,-1,893,1021,894,-1,894,1021,1020,-1,894,1020,994,-1,994,1020,1023,-1,994,1023,995,-1,995,1023,996,-1,996,1023,1024,-1,996,1024,979,-1,979,1024,980,-1,980,1024,1025,-1,980,1025,969,-1,969,1025,970,-1,970,1025,1026,-1,970,1026,966,-1,966,1026,967,-1,967,1026,1027,-1,967,1027,959,-1,959,1027,961,-1,961,1027,1028,-1,961,1028,963,-1,1029,956,1028,-1,1028,956,964,-1,1028,964,963,-1,1030,1031,950,-1,950,954,1030,-1,1030,954,953,-1,1030,953,1029,-1,1029,953,957,-1,1029,957,956,-1,1032,1033,944,-1,944,948,1032,-1,1032,948,947,-1,1032,947,1031,-1,1031,947,951,-1,1031,951,950,-1,1017,997,1019,-1,1019,997,941,-1,1019,941,1033,-1,1033,941,945,-1,1033,945,944,-1,1034,1035,1036,-1,1036,1035,1037,-1,1036,1037,1038,-1,1038,1037,1039,-1,1038,1039,1040,-1,1040,1039,1041,-1,1040,1041,1042,-1,1042,1041,1043,-1,1042,1043,1044,-1,1044,1043,1045,-1,1044,1045,1046,-1,1046,1045,1047,-1,1046,1047,1048,-1,1048,1047,1049,-1,1048,1049,1050,-1,1050,1049,1051,-1,1050,1051,1052,-1,1052,1051,1053,-1,1052,1053,1054,-1,1054,1053,1055,-1,1054,1055,1056,-1,1056,1055,1057,-1,1056,1057,1058,-1,1058,1057,1059,-1,1058,1059,1060,-1,1060,1059,1061,-1,1060,1061,1062,-1,1062,1061,1063,-1,1062,1063,1064,-1,1064,1063,1065,-1,1064,1065,1066,-1,1066,1065,1067,-1,1066,1067,1068,-1,1068,1067,1069,-1,1068,1069,1070,-1,1070,1069,1071,-1,1070,1071,1072,-1,1072,1071,1073,-1,1072,1073,1074,-1,1074,1073,1075,-1,1074,1075,1076,-1,1076,1075,1077,-1,1076,1077,1078,-1,1078,1077,1079,-1,1078,1079,1080,-1,1080,1079,1081,-1,1080,1081,1034,-1,1034,1081,1035,-1,1082,1083,1084,-1,1085,1086,1087,-1,1088,1089,1090,-1,1091,1092,1093,-1,1093,1092,1094,-1,1088,1090,1095,-1,1095,1090,1096,-1,1095,1096,1097,-1,1098,1099,1100,-1,1101,1102,1100,-1,1100,1102,1103,-1,1100,1103,1098,-1,1104,1105,1106,-1,1105,1104,1107,-1,1107,1104,1108,-1,1107,1108,1109,-1,1109,1108,1110,-1,1110,1108,1111,-1,1110,1111,1112,-1,1112,1111,1113,-1,1113,1111,1114,-1,1113,1114,1115,-1,1116,1117,1114,-1,1114,1117,1118,-1,1114,1118,1115,-1,1119,1120,1116,-1,1116,1120,1121,-1,1116,1121,1117,-1,1122,1123,1124,-1,1124,1123,1125,-1,1124,1125,1119,-1,1119,1125,1126,-1,1119,1126,1120,-1,1087,1086,1124,-1,1124,1086,1127,-1,1124,1127,1122,-1,1128,1129,1130,-1,1130,1131,1128,-1,1128,1131,1132,-1,1128,1132,1087,-1,1087,1132,1133,-1,1087,1133,1085,-1,1083,1134,1084,-1,1084,1134,1135,-1,1084,1135,1136,-1,1137,1138,1139,-1,1139,1138,1140,-1,1141,1142,1140,-1,1140,1142,1143,-1,1140,1143,1139,-1,1144,1145,1141,-1,1141,1145,1146,-1,1141,1146,1142,-1,1147,1148,1144,-1,1144,1148,1149,-1,1144,1149,1145,-1,1150,1151,1147,-1,1147,1151,1152,-1,1147,1152,1148,-1,1153,1154,1150,-1,1150,1154,1155,-1,1150,1155,1151,-1,1156,1157,1158,-1,1158,1157,1159,-1,1158,1159,1160,-1,1160,1159,1161,-1,1160,1161,1153,-1,1153,1161,1162,-1,1153,1162,1154,-1,1163,1164,1156,-1,1156,1164,1165,-1,1156,1165,1157,-1,1166,1167,1163,-1,1163,1167,1168,-1,1163,1168,1164,-1,1135,1129,1136,-1,1136,1129,1128,-1,1136,1128,1169,-1,1169,1128,1087,-1,1169,1087,1170,-1,1170,1087,1124,-1,1170,1124,1171,-1,1171,1124,1119,-1,1171,1119,1172,-1,1172,1119,1116,-1,1172,1116,1173,-1,1173,1116,1114,-1,1173,1114,1174,-1,1174,1114,1111,-1,1174,1111,1175,-1,1175,1111,1108,-1,1175,1108,1101,-1,1101,1108,1104,-1,1101,1104,1102,-1,1102,1104,1106,-1,1176,1177,1166,-1,1166,1177,1178,-1,1166,1178,1167,-1,1179,1180,1181,-1,1181,1180,1082,-1,1181,1082,1182,-1,1182,1082,1084,-1,1182,1084,1183,-1,1183,1084,1136,-1,1183,1136,1184,-1,1184,1136,1169,-1,1184,1169,1185,-1,1185,1169,1170,-1,1185,1170,1186,-1,1186,1170,1171,-1,1186,1171,1187,-1,1187,1171,1172,-1,1187,1172,1188,-1,1188,1172,1173,-1,1188,1173,1189,-1,1189,1173,1174,-1,1189,1174,1190,-1,1190,1174,1175,-1,1190,1175,1191,-1,1191,1175,1101,-1,1191,1101,1096,-1,1096,1101,1100,-1,1096,1100,1097,-1,1097,1100,1099,-1,1092,1192,1094,-1,1094,1192,1193,-1,1094,1193,1176,-1,1176,1193,1194,-1,1176,1194,1177,-1,1138,1179,1140,-1,1140,1179,1181,-1,1140,1181,1141,-1,1141,1181,1182,-1,1141,1182,1144,-1,1144,1182,1183,-1,1144,1183,1147,-1,1147,1183,1184,-1,1147,1184,1150,-1,1150,1184,1185,-1,1150,1185,1153,-1,1153,1185,1186,-1,1153,1186,1160,-1,1160,1186,1187,-1,1160,1187,1158,-1,1158,1187,1188,-1,1158,1188,1156,-1,1156,1188,1189,-1,1156,1189,1163,-1,1163,1189,1190,-1,1163,1190,1166,-1,1166,1190,1191,-1,1166,1191,1176,-1,1176,1191,1096,-1,1176,1096,1094,-1,1094,1096,1090,-1,1094,1090,1093,-1,1093,1090,1089,-1,1195,1137,1139,-1,1196,1197,1198,-1,1198,1197,1199,-1,1198,1199,1200,-1,1200,1199,1201,-1,1200,1201,1202,-1,1202,1201,1203,-1,1202,1203,1204,-1,1204,1203,1205,-1,1204,1205,1206,-1,1206,1205,1207,-1,1206,1207,1208,-1,1208,1207,1209,-1,1208,1209,1210,-1,1210,1209,1211,-1,1210,1211,1212,-1,1212,1211,1213,-1,1212,1213,1214,-1,1214,1213,1215,-1,1214,1215,1216,-1,1216,1215,1217,-1,1218,1219,1196,-1,1196,1219,1220,-1,1196,1220,1197,-1,1091,1219,1092,-1,1092,1219,1218,-1,1092,1218,1192,-1,1192,1218,1221,-1,1192,1221,1193,-1,1193,1221,1194,-1,1194,1221,1222,-1,1194,1222,1177,-1,1177,1222,1178,-1,1178,1222,1223,-1,1178,1223,1167,-1,1167,1223,1168,-1,1168,1223,1224,-1,1168,1224,1164,-1,1164,1224,1165,-1,1165,1224,1225,-1,1165,1225,1157,-1,1157,1225,1159,-1,1159,1225,1226,-1,1159,1226,1161,-1,1227,1154,1226,-1,1226,1154,1162,-1,1226,1162,1161,-1,1228,1229,1148,-1,1148,1152,1228,-1,1228,1152,1151,-1,1228,1151,1227,-1,1227,1151,1155,-1,1227,1155,1154,-1,1230,1231,1142,-1,1142,1146,1230,-1,1230,1146,1145,-1,1230,1145,1229,-1,1229,1145,1149,-1,1229,1149,1148,-1,1215,1195,1217,-1,1217,1195,1139,-1,1217,1139,1231,-1,1231,1139,1143,-1,1231,1143,1142,-1,1232,1233,1234,-1,1234,1233,1235,-1,1234,1235,1236,-1,1236,1235,1237,-1,1236,1237,1238,-1,1238,1237,1239,-1,1238,1239,1240,-1,1240,1239,1241,-1,1240,1241,1242,-1,1242,1241,1243,-1,1242,1243,1244,-1,1244,1243,1245,-1,1244,1245,1246,-1,1246,1245,1247,-1,1246,1247,1248,-1,1248,1247,1249,-1,1248,1249,1250,-1,1250,1249,1251,-1,1250,1251,1252,-1,1252,1251,1253,-1,1252,1253,1254,-1,1254,1253,1255,-1,1254,1255,1256,-1,1256,1255,1257,-1,1256,1257,1258,-1,1258,1257,1259,-1,1258,1259,1260,-1,1260,1259,1261,-1,1260,1261,1262,-1,1262,1261,1263,-1,1262,1263,1264,-1,1264,1263,1265,-1,1264,1265,1266,-1,1266,1265,1267,-1,1266,1267,1268,-1,1268,1267,1269,-1,1268,1269,1270,-1,1270,1269,1271,-1,1270,1271,1272,-1,1272,1271,1273,-1,1272,1273,1274,-1,1274,1273,1275,-1,1274,1275,1276,-1,1276,1275,1277,-1,1276,1277,1278,-1,1278,1277,1279,-1,1278,1279,1232,-1,1232,1279,1233,-1,1280,1281,1282,-1,1283,1284,1285,-1,1286,1287,1288,-1,1289,1290,1291,-1,1291,1290,1292,-1,1286,1288,1293,-1,1293,1288,1294,-1,1293,1294,1295,-1,1296,1297,1298,-1,1299,1300,1298,-1,1298,1300,1301,-1,1298,1301,1296,-1,1302,1303,1304,-1,1303,1302,1305,-1,1305,1302,1306,-1,1305,1306,1307,-1,1307,1306,1308,-1,1308,1306,1309,-1,1308,1309,1310,-1,1310,1309,1311,-1,1311,1309,1312,-1,1311,1312,1313,-1,1314,1315,1312,-1,1312,1315,1316,-1,1312,1316,1313,-1,1317,1318,1314,-1,1314,1318,1319,-1,1314,1319,1315,-1,1320,1321,1322,-1,1322,1321,1323,-1,1322,1323,1317,-1,1317,1323,1324,-1,1317,1324,1318,-1,1285,1284,1322,-1,1322,1284,1325,-1,1322,1325,1320,-1,1326,1327,1328,-1,1328,1329,1326,-1,1326,1329,1330,-1,1326,1330,1285,-1,1285,1330,1331,-1,1285,1331,1283,-1,1281,1332,1282,-1,1282,1332,1333,-1,1282,1333,1334,-1,1335,1336,1337,-1,1337,1336,1338,-1,1339,1340,1338,-1,1338,1340,1341,-1,1338,1341,1337,-1,1342,1343,1339,-1,1339,1343,1344,-1,1339,1344,1340,-1,1345,1346,1342,-1,1342,1346,1347,-1,1342,1347,1343,-1,1348,1349,1345,-1,1345,1349,1350,-1,1345,1350,1346,-1,1351,1352,1348,-1,1348,1352,1353,-1,1348,1353,1349,-1,1354,1355,1356,-1,1356,1355,1357,-1,1356,1357,1358,-1,1358,1357,1359,-1,1358,1359,1351,-1,1351,1359,1360,-1,1351,1360,1352,-1,1361,1362,1354,-1,1354,1362,1363,-1,1354,1363,1355,-1,1364,1365,1361,-1,1361,1365,1366,-1,1361,1366,1362,-1,1333,1327,1334,-1,1334,1327,1326,-1,1334,1326,1367,-1,1367,1326,1285,-1,1367,1285,1368,-1,1368,1285,1322,-1,1368,1322,1369,-1,1369,1322,1317,-1,1369,1317,1370,-1,1370,1317,1314,-1,1370,1314,1371,-1,1371,1314,1312,-1,1371,1312,1372,-1,1372,1312,1309,-1,1372,1309,1373,-1,1373,1309,1306,-1,1373,1306,1299,-1,1299,1306,1302,-1,1299,1302,1300,-1,1300,1302,1304,-1,1374,1375,1364,-1,1364,1375,1376,-1,1364,1376,1365,-1,1377,1378,1379,-1,1379,1378,1280,-1,1379,1280,1380,-1,1380,1280,1282,-1,1380,1282,1381,-1,1381,1282,1334,-1,1381,1334,1382,-1,1382,1334,1367,-1,1382,1367,1383,-1,1383,1367,1368,-1,1383,1368,1384,-1,1384,1368,1369,-1,1384,1369,1385,-1,1385,1369,1370,-1,1385,1370,1386,-1,1386,1370,1371,-1,1386,1371,1387,-1,1387,1371,1372,-1,1387,1372,1388,-1,1388,1372,1373,-1,1388,1373,1389,-1,1389,1373,1299,-1,1389,1299,1294,-1,1294,1299,1298,-1,1294,1298,1295,-1,1295,1298,1297,-1,1290,1390,1292,-1,1292,1390,1391,-1,1292,1391,1374,-1,1374,1391,1392,-1,1374,1392,1375,-1,1336,1377,1338,-1,1338,1377,1379,-1,1338,1379,1339,-1,1339,1379,1380,-1,1339,1380,1342,-1,1342,1380,1381,-1,1342,1381,1345,-1,1345,1381,1382,-1,1345,1382,1348,-1,1348,1382,1383,-1,1348,1383,1351,-1,1351,1383,1384,-1,1351,1384,1358,-1,1358,1384,1385,-1,1358,1385,1356,-1,1356,1385,1386,-1,1356,1386,1354,-1,1354,1386,1387,-1,1354,1387,1361,-1,1361,1387,1388,-1,1361,1388,1364,-1,1364,1388,1389,-1,1364,1389,1374,-1,1374,1389,1294,-1,1374,1294,1292,-1,1292,1294,1288,-1,1292,1288,1291,-1,1291,1288,1287,-1,1393,1335,1337,-1,1394,1395,1396,-1,1396,1395,1397,-1,1396,1397,1398,-1,1398,1397,1399,-1,1398,1399,1400,-1,1400,1399,1401,-1,1400,1401,1402,-1,1402,1401,1403,-1,1402,1403,1404,-1,1404,1403,1405,-1,1404,1405,1406,-1,1406,1405,1407,-1,1406,1407,1408,-1,1408,1407,1409,-1,1408,1409,1410,-1,1410,1409,1411,-1,1410,1411,1412,-1,1412,1411,1413,-1,1412,1413,1414,-1,1414,1413,1415,-1,1416,1417,1394,-1,1394,1417,1418,-1,1394,1418,1395,-1,1289,1417,1290,-1,1290,1417,1416,-1,1290,1416,1390,-1,1390,1416,1419,-1,1390,1419,1391,-1,1391,1419,1392,-1,1392,1419,1420,-1,1392,1420,1375,-1,1375,1420,1376,-1,1376,1420,1421,-1,1376,1421,1365,-1,1365,1421,1366,-1,1366,1421,1422,-1,1366,1422,1362,-1,1362,1422,1363,-1,1363,1422,1423,-1,1363,1423,1355,-1,1355,1423,1357,-1,1357,1423,1424,-1,1357,1424,1359,-1,1425,1352,1424,-1,1424,1352,1360,-1,1424,1360,1359,-1,1426,1427,1346,-1,1346,1350,1426,-1,1426,1350,1349,-1,1426,1349,1425,-1,1425,1349,1353,-1,1425,1353,1352,-1,1428,1429,1340,-1,1340,1344,1428,-1,1428,1344,1343,-1,1428,1343,1427,-1,1427,1343,1347,-1,1427,1347,1346,-1,1413,1393,1415,-1,1415,1393,1337,-1,1415,1337,1429,-1,1429,1337,1341,-1,1429,1341,1340,-1,1430,1431,1432,-1,1430,1432,1433,-1,1434,1433,1432,-1,1435,1434,1432,-1,1436,1435,1432,-1,1437,1436,1432,-1,1438,1437,1432,-1,1439,1438,1432,-1,1440,1439,1432,-1,1441,1440,1432,-1,1442,1441,1432,-1,1443,1442,1432,-1,1444,1443,1432,-1,1445,1444,1432,-1,1446,1445,1432,-1,1447,1446,1432,-1,1448,1447,1432,-1,1449,1448,1432,-1,1450,1449,1432,-1,1451,1450,1432,-1,1452,1451,1432,-1,1453,1452,1432,-1,1454,1453,1432,-1,1431,1454,1432,-1,632,1455,633,-1,633,1455,1456,-1,633,1456,634,-1,634,1456,1457,-1,634,1457,635,-1,635,1457,1458,-1,635,1458,636,-1,636,1458,1459,-1,636,1459,637,-1,637,1459,1460,-1,637,1460,623,-1,623,1460,1461,-1,623,1461,622,-1,622,1461,1462,-1,622,1462,620,-1,620,1462,1463,-1,620,1463,618,-1,618,1463,1464,-1,618,1464,616,-1,616,1464,1465,-1,616,1465,614,-1,614,1465,1466,-1,614,1466,612,-1,612,1466,1467,-1,612,1467,610,-1,610,1467,1468,-1,610,1468,608,-1,608,1468,1469,-1,608,1469,606,-1,606,1469,1470,-1,606,1470,604,-1,604,1470,1471,-1,604,1471,602,-1,602,1471,1472,-1,602,1472,624,-1,624,1472,1473,-1,624,1473,627,-1,627,1473,1474,-1,627,1474,628,-1,628,1474,1475,-1,628,1475,629,-1,629,1475,1476,-1,629,1476,630,-1,630,1476,1477,-1,630,1477,631,-1,631,1477,1478,-1,631,1478,632,-1,632,1478,1455,-1,1478,1479,1455,-1,1455,1479,1480,-1,1455,1480,1456,-1,1456,1480,1481,-1,1456,1481,1457,-1,1457,1481,1482,-1,1457,1482,1458,-1,1458,1482,1483,-1,1458,1483,1459,-1,1459,1483,1484,-1,1459,1484,1460,-1,1460,1484,1485,-1,1460,1485,1461,-1,1461,1485,1486,-1,1461,1486,1462,-1,1462,1486,1487,-1,1462,1487,1463,-1,1463,1487,1488,-1,1463,1488,1464,-1,1464,1488,1489,-1,1464,1489,1465,-1,1465,1489,1490,-1,1465,1490,1466,-1,1466,1490,1491,-1,1466,1491,1467,-1,1467,1491,1492,-1,1467,1492,1468,-1,1468,1492,1493,-1,1468,1493,1469,-1,1469,1493,1494,-1,1469,1494,1470,-1,1470,1494,1495,-1,1470,1495,1471,-1,1471,1495,1496,-1,1471,1496,1472,-1,1472,1496,1497,-1,1472,1497,1473,-1,1473,1497,1498,-1,1473,1498,1474,-1,1474,1498,1499,-1,1474,1499,1475,-1,1475,1499,1500,-1,1475,1500,1476,-1,1476,1500,1501,-1,1476,1501,1477,-1,1477,1501,1502,-1,1477,1502,1478,-1,1478,1502,1479,-1,1502,1503,1479,-1,1479,1503,1504,-1,1479,1504,1480,-1,1480,1504,1505,-1,1480,1505,1481,-1,1481,1505,1506,-1,1481,1506,1482,-1,1482,1506,1507,-1,1482,1507,1483,-1,1483,1507,1508,-1,1483,1508,1484,-1,1484,1508,1509,-1,1484,1509,1485,-1,1485,1509,1510,-1,1485,1510,1486,-1,1486,1510,1511,-1,1486,1511,1487,-1,1487,1511,1512,-1,1487,1512,1488,-1,1488,1512,1513,-1,1488,1513,1489,-1,1489,1513,1514,-1,1489,1514,1490,-1,1490,1514,1515,-1,1490,1515,1491,-1,1491,1515,1516,-1,1491,1516,1492,-1,1492,1516,1517,-1,1492,1517,1493,-1,1493,1517,1518,-1,1493,1518,1494,-1,1494,1518,1519,-1,1494,1519,1495,-1,1495,1519,1520,-1,1495,1520,1496,-1,1496,1520,1521,-1,1496,1521,1497,-1,1497,1521,1522,-1,1497,1522,1498,-1,1498,1522,1523,-1,1498,1523,1499,-1,1499,1523,1524,-1,1499,1524,1500,-1,1500,1524,1525,-1,1500,1525,1501,-1,1501,1525,1526,-1,1501,1526,1502,-1,1502,1526,1503,-1,1526,1527,1503,-1,1503,1527,1528,-1,1503,1528,1504,-1,1504,1528,1529,-1,1504,1529,1505,-1,1505,1529,1530,-1,1505,1530,1506,-1,1506,1530,1531,-1,1506,1531,1507,-1,1507,1531,1532,-1,1507,1532,1508,-1,1508,1532,1533,-1,1508,1533,1509,-1,1509,1533,1534,-1,1509,1534,1510,-1,1510,1534,1535,-1,1510,1535,1511,-1,1511,1535,1536,-1,1511,1536,1512,-1,1512,1536,1537,-1,1512,1537,1513,-1,1513,1537,1538,-1,1513,1538,1514,-1,1514,1538,1539,-1,1514,1539,1515,-1,1515,1539,1540,-1,1515,1540,1516,-1,1516,1540,1541,-1,1516,1541,1517,-1,1517,1541,1542,-1,1517,1542,1518,-1,1518,1542,1543,-1,1518,1543,1519,-1,1519,1543,1544,-1,1519,1544,1520,-1,1520,1544,1545,-1,1520,1545,1521,-1,1521,1545,1546,-1,1521,1546,1522,-1,1522,1546,1547,-1,1522,1547,1523,-1,1523,1547,1548,-1,1523,1548,1524,-1,1524,1548,1549,-1,1524,1549,1525,-1,1525,1549,1550,-1,1525,1550,1526,-1,1526,1550,1527,-1,1550,1431,1527,-1,1527,1431,1430,-1,1527,1430,1528,-1,1528,1430,1433,-1,1528,1433,1529,-1,1529,1433,1434,-1,1529,1434,1530,-1,1530,1434,1435,-1,1530,1435,1531,-1,1531,1435,1436,-1,1531,1436,1532,-1,1532,1436,1437,-1,1532,1437,1533,-1,1533,1437,1438,-1,1533,1438,1534,-1,1534,1438,1439,-1,1534,1439,1535,-1,1535,1439,1440,-1,1535,1440,1536,-1,1536,1440,1441,-1,1536,1441,1537,-1,1537,1441,1442,-1,1537,1442,1538,-1,1538,1442,1443,-1,1538,1443,1539,-1,1539,1443,1444,-1,1539,1444,1540,-1,1540,1444,1445,-1,1540,1445,1541,-1,1541,1445,1446,-1,1541,1446,1542,-1,1542,1446,1447,-1,1542,1447,1543,-1,1543,1447,1448,-1,1543,1448,1544,-1,1544,1448,1449,-1,1544,1449,1545,-1,1545,1449,1450,-1,1545,1450,1546,-1,1546,1450,1451,-1,1546,1451,1547,-1,1547,1451,1452,-1,1547,1452,1548,-1,1548,1452,1453,-1,1548,1453,1549,-1,1549,1453,1454,-1,1549,1454,1550,-1,1550,1454,1431,-1,1551,1552,1553,-1,1554,1552,1551,-1,1551,1555,1556,-1,1557,1555,1551,-1,1553,1557,1551,-1,1551,1558,1559,-1,1560,1558,1551,-1,1556,1560,1551,-1,1551,1561,1562,-1,1563,1561,1551,-1,1559,1563,1551,-1,1551,1564,1565,-1,1566,1564,1551,-1,1562,1566,1551,-1,1551,1567,1568,-1,1569,1567,1551,-1,1565,1569,1551,-1,1551,1570,1571,-1,1572,1570,1551,-1,1568,1572,1551,-1,1551,1573,1574,-1,1575,1573,1551,-1,1571,1575,1551,-1,1574,1554,1551,-1,1554,1576,1552,-1,1552,1576,1577,-1,1552,1577,1553,-1,1553,1577,1578,-1,1553,1578,1557,-1,1557,1578,1579,-1,1557,1579,1555,-1,1555,1579,1580,-1,1555,1580,1556,-1,1556,1580,1581,-1,1556,1581,1560,-1,1560,1581,1582,-1,1560,1582,1558,-1,1558,1582,1583,-1,1558,1583,1559,-1,1559,1583,1584,-1,1559,1584,1563,-1,1563,1584,1585,-1,1563,1585,1561,-1,1561,1585,1586,-1,1561,1586,1562,-1,1562,1586,1587,-1,1562,1587,1566,-1,1566,1587,1588,-1,1566,1588,1564,-1,1564,1588,1589,-1,1564,1589,1565,-1,1565,1589,1590,-1,1565,1590,1569,-1,1569,1590,1591,-1,1569,1591,1567,-1,1567,1591,1592,-1,1567,1592,1568,-1,1568,1592,1593,-1,1568,1593,1572,-1,1572,1593,1594,-1,1572,1594,1570,-1,1570,1594,1595,-1,1570,1595,1571,-1,1571,1595,1596,-1,1571,1596,1575,-1,1575,1596,1597,-1,1575,1597,1573,-1,1573,1597,1598,-1,1573,1598,1574,-1,1574,1598,1599,-1,1574,1599,1554,-1,1554,1599,1576,-1,1599,1600,1576,-1,1576,1600,1601,-1,1576,1601,1577,-1,1577,1601,1602,-1,1577,1602,1578,-1,1578,1602,1603,-1,1578,1603,1579,-1,1579,1603,1604,-1,1579,1604,1580,-1,1580,1604,1605,-1,1580,1605,1581,-1,1581,1605,1606,-1,1581,1606,1582,-1,1582,1606,1607,-1,1582,1607,1583,-1,1583,1607,1608,-1,1583,1608,1584,-1,1584,1608,1609,-1,1584,1609,1585,-1,1585,1609,1610,-1,1585,1610,1586,-1,1586,1610,1611,-1,1586,1611,1587,-1,1587,1611,1612,-1,1587,1612,1588,-1,1588,1612,1613,-1,1588,1613,1589,-1,1589,1613,1614,-1,1589,1614,1590,-1,1590,1614,1615,-1,1590,1615,1591,-1,1591,1615,1616,-1,1591,1616,1592,-1,1592,1616,1617,-1,1592,1617,1593,-1,1593,1617,1618,-1,1593,1618,1594,-1,1594,1618,1619,-1,1594,1619,1595,-1,1595,1619,1620,-1,1595,1620,1596,-1,1596,1620,1621,-1,1596,1621,1597,-1,1597,1621,1622,-1,1597,1622,1598,-1,1598,1622,1623,-1,1598,1623,1599,-1,1599,1623,1600,-1,1623,1624,1600,-1,1600,1624,1625,-1,1600,1625,1601,-1,1601,1625,1626,-1,1601,1626,1602,-1,1602,1626,1627,-1,1602,1627,1603,-1,1603,1627,1628,-1,1603,1628,1604,-1,1604,1628,1629,-1,1604,1629,1605,-1,1605,1629,1630,-1,1605,1630,1606,-1,1606,1630,1631,-1,1606,1631,1607,-1,1607,1631,1632,-1,1607,1632,1608,-1,1608,1632,1633,-1,1608,1633,1609,-1,1609,1633,1634,-1,1609,1634,1610,-1,1610,1634,1635,-1,1610,1635,1611,-1,1611,1635,1636,-1,1611,1636,1612,-1,1612,1636,1637,-1,1612,1637,1613,-1,1613,1637,1638,-1,1613,1638,1614,-1,1614,1638,1639,-1,1614,1639,1615,-1,1615,1639,1640,-1,1615,1640,1616,-1,1616,1640,1641,-1,1616,1641,1617,-1,1617,1641,1642,-1,1617,1642,1618,-1,1618,1642,1643,-1,1618,1643,1619,-1,1619,1643,1644,-1,1619,1644,1620,-1,1620,1644,1645,-1,1620,1645,1621,-1,1621,1645,1646,-1,1621,1646,1622,-1,1622,1646,1647,-1,1622,1647,1623,-1,1623,1647,1624,-1,1647,1648,1624,-1,1624,1648,1649,-1,1624,1649,1625,-1,1625,1649,1650,-1,1625,1650,1626,-1,1626,1650,1651,-1,1626,1651,1627,-1,1627,1651,1652,-1,1627,1652,1628,-1,1628,1652,1653,-1,1628,1653,1629,-1,1629,1653,1654,-1,1629,1654,1630,-1,1630,1654,1655,-1,1630,1655,1631,-1,1631,1655,1656,-1,1631,1656,1632,-1,1632,1656,1657,-1,1632,1657,1633,-1,1633,1657,1658,-1,1633,1658,1634,-1,1634,1658,1659,-1,1634,1659,1635,-1,1635,1659,1660,-1,1635,1660,1636,-1,1636,1660,1661,-1,1636,1661,1637,-1,1637,1661,1662,-1,1637,1662,1638,-1,1638,1662,1663,-1,1638,1663,1639,-1,1639,1663,1664,-1,1639,1664,1640,-1,1640,1664,1665,-1,1640,1665,1641,-1,1641,1665,1666,-1,1641,1666,1642,-1,1642,1666,1667,-1,1642,1667,1643,-1,1643,1667,1668,-1,1643,1668,1644,-1,1644,1668,1669,-1,1644,1669,1645,-1,1645,1669,1670,-1,1645,1670,1646,-1,1646,1670,1671,-1,1646,1671,1647,-1,1647,1671,1648,-1,1671,461,1648,-1,1648,461,459,-1,1648,459,1649,-1,1649,459,457,-1,1649,457,1650,-1,1650,457,455,-1,1650,455,1651,-1,1651,455,453,-1,1651,453,1652,-1,1652,453,451,-1,1652,451,1653,-1,1653,451,449,-1,1653,449,1654,-1,1654,449,447,-1,1654,447,1655,-1,1655,447,445,-1,1655,445,1656,-1,1656,445,443,-1,1656,443,1657,-1,1657,443,441,-1,1657,441,1658,-1,1658,441,487,-1,1658,487,1659,-1,1659,487,485,-1,1659,485,1660,-1,1660,485,483,-1,1660,483,1661,-1,1661,483,481,-1,1661,481,1662,-1,1662,481,479,-1,1662,479,1663,-1,1663,479,477,-1,1663,477,1664,-1,1664,477,475,-1,1664,475,1665,-1,1665,475,473,-1,1665,473,1666,-1,1666,473,471,-1,1666,471,1667,-1,1667,471,469,-1,1667,469,1668,-1,1668,469,467,-1,1668,467,1669,-1,1669,467,465,-1,1669,465,1670,-1,1670,465,463,-1,1670,463,1671,-1,1671,463,461,-1,1672,1673,1674,-1,1672,1674,1675,-1,1676,1675,1674,-1,1677,1676,1674,-1,1678,1677,1674,-1,1679,1678,1674,-1,1680,1679,1674,-1,1681,1680,1674,-1,1682,1681,1674,-1,1683,1682,1674,-1,1684,1683,1674,-1,1685,1684,1674,-1,1686,1685,1674,-1,1687,1686,1674,-1,1688,1687,1674,-1,1689,1688,1674,-1,1690,1689,1674,-1,1691,1690,1674,-1,1692,1691,1674,-1,1693,1692,1674,-1,1694,1693,1674,-1,1695,1694,1674,-1,1696,1695,1674,-1,1673,1696,1674,-1,830,1697,831,-1,831,1697,1698,-1,831,1698,832,-1,832,1698,1699,-1,832,1699,833,-1,833,1699,1700,-1,833,1700,834,-1,834,1700,1701,-1,834,1701,835,-1,835,1701,1702,-1,835,1702,821,-1,821,1702,1703,-1,821,1703,820,-1,820,1703,1704,-1,820,1704,818,-1,818,1704,1705,-1,818,1705,816,-1,816,1705,1706,-1,816,1706,814,-1,814,1706,1707,-1,814,1707,812,-1,812,1707,1708,-1,812,1708,810,-1,810,1708,1709,-1,810,1709,808,-1,808,1709,1710,-1,808,1710,806,-1,806,1710,1711,-1,806,1711,804,-1,804,1711,1712,-1,804,1712,802,-1,802,1712,1713,-1,802,1713,800,-1,800,1713,1714,-1,800,1714,822,-1,822,1714,1715,-1,822,1715,825,-1,825,1715,1716,-1,825,1716,826,-1,826,1716,1717,-1,826,1717,827,-1,827,1717,1718,-1,827,1718,828,-1,828,1718,1719,-1,828,1719,829,-1,829,1719,1720,-1,829,1720,830,-1,830,1720,1697,-1,1720,1721,1697,-1,1697,1721,1722,-1,1697,1722,1698,-1,1698,1722,1723,-1,1698,1723,1699,-1,1699,1723,1724,-1,1699,1724,1700,-1,1700,1724,1725,-1,1700,1725,1701,-1,1701,1725,1726,-1,1701,1726,1702,-1,1702,1726,1727,-1,1702,1727,1703,-1,1703,1727,1728,-1,1703,1728,1704,-1,1704,1728,1729,-1,1704,1729,1705,-1,1705,1729,1730,-1,1705,1730,1706,-1,1706,1730,1731,-1,1706,1731,1707,-1,1707,1731,1732,-1,1707,1732,1708,-1,1708,1732,1733,-1,1708,1733,1709,-1,1709,1733,1734,-1,1709,1734,1710,-1,1710,1734,1735,-1,1710,1735,1711,-1,1711,1735,1736,-1,1711,1736,1712,-1,1712,1736,1737,-1,1712,1737,1713,-1,1713,1737,1738,-1,1713,1738,1714,-1,1714,1738,1739,-1,1714,1739,1715,-1,1715,1739,1740,-1,1715,1740,1716,-1,1716,1740,1741,-1,1716,1741,1717,-1,1717,1741,1742,-1,1717,1742,1718,-1,1718,1742,1743,-1,1718,1743,1719,-1,1719,1743,1744,-1,1719,1744,1720,-1,1720,1744,1721,-1,1744,1745,1721,-1,1721,1745,1746,-1,1721,1746,1722,-1,1722,1746,1747,-1,1722,1747,1723,-1,1723,1747,1748,-1,1723,1748,1724,-1,1724,1748,1749,-1,1724,1749,1725,-1,1725,1749,1750,-1,1725,1750,1726,-1,1726,1750,1751,-1,1726,1751,1727,-1,1727,1751,1752,-1,1727,1752,1728,-1,1728,1752,1753,-1,1728,1753,1729,-1,1729,1753,1754,-1,1729,1754,1730,-1,1730,1754,1755,-1,1730,1755,1731,-1,1731,1755,1756,-1,1731,1756,1732,-1,1732,1756,1757,-1,1732,1757,1733,-1,1733,1757,1758,-1,1733,1758,1734,-1,1734,1758,1759,-1,1734,1759,1735,-1,1735,1759,1760,-1,1735,1760,1736,-1,1736,1760,1761,-1,1736,1761,1737,-1,1737,1761,1762,-1,1737,1762,1738,-1,1738,1762,1763,-1,1738,1763,1739,-1,1739,1763,1764,-1,1739,1764,1740,-1,1740,1764,1765,-1,1740,1765,1741,-1,1741,1765,1766,-1,1741,1766,1742,-1,1742,1766,1767,-1,1742,1767,1743,-1,1743,1767,1768,-1,1743,1768,1744,-1,1744,1768,1745,-1,1768,1769,1745,-1,1745,1769,1770,-1,1745,1770,1746,-1,1746,1770,1771,-1,1746,1771,1747,-1,1747,1771,1772,-1,1747,1772,1748,-1,1748,1772,1773,-1,1748,1773,1749,-1,1749,1773,1774,-1,1749,1774,1750,-1,1750,1774,1775,-1,1750,1775,1751,-1,1751,1775,1776,-1,1751,1776,1752,-1,1752,1776,1777,-1,1752,1777,1753,-1,1753,1777,1778,-1,1753,1778,1754,-1,1754,1778,1779,-1,1754,1779,1755,-1,1755,1779,1780,-1,1755,1780,1756,-1,1756,1780,1781,-1,1756,1781,1757,-1,1757,1781,1782,-1,1757,1782,1758,-1,1758,1782,1783,-1,1758,1783,1759,-1,1759,1783,1784,-1,1759,1784,1760,-1,1760,1784,1785,-1,1760,1785,1761,-1,1761,1785,1786,-1,1761,1786,1762,-1,1762,1786,1787,-1,1762,1787,1763,-1,1763,1787,1788,-1,1763,1788,1764,-1,1764,1788,1789,-1,1764,1789,1765,-1,1765,1789,1790,-1,1765,1790,1766,-1,1766,1790,1791,-1,1766,1791,1767,-1,1767,1791,1792,-1,1767,1792,1768,-1,1768,1792,1769,-1,1792,1673,1769,-1,1769,1673,1672,-1,1769,1672,1770,-1,1770,1672,1675,-1,1770,1675,1771,-1,1771,1675,1676,-1,1771,1676,1772,-1,1772,1676,1677,-1,1772,1677,1773,-1,1773,1677,1678,-1,1773,1678,1774,-1,1774,1678,1679,-1,1774,1679,1775,-1,1775,1679,1680,-1,1775,1680,1776,-1,1776,1680,1681,-1,1776,1681,1777,-1,1777,1681,1682,-1,1777,1682,1778,-1,1778,1682,1683,-1,1778,1683,1779,-1,1779,1683,1684,-1,1779,1684,1780,-1,1780,1684,1685,-1,1780,1685,1781,-1,1781,1685,1686,-1,1781,1686,1782,-1,1782,1686,1687,-1,1782,1687,1783,-1,1783,1687,1688,-1,1783,1688,1784,-1,1784,1688,1689,-1,1784,1689,1785,-1,1785,1689,1690,-1,1785,1690,1786,-1,1786,1690,1691,-1,1786,1691,1787,-1,1787,1691,1692,-1,1787,1692,1788,-1,1788,1692,1693,-1,1788,1693,1789,-1,1789,1693,1694,-1,1789,1694,1790,-1,1790,1694,1695,-1,1790,1695,1791,-1,1791,1695,1696,-1,1791,1696,1792,-1,1792,1696,1673,-1,1793,1794,1795,-1,1796,1794,1793,-1,1793,1797,1798,-1,1799,1797,1793,-1,1795,1799,1793,-1,1793,1800,1801,-1,1802,1800,1793,-1,1798,1802,1793,-1,1793,1803,1804,-1,1805,1803,1793,-1,1801,1805,1793,-1,1793,1806,1807,-1,1808,1806,1793,-1,1804,1808,1793,-1,1793,1809,1810,-1,1811,1809,1793,-1,1807,1811,1793,-1,1793,1812,1813,-1,1814,1812,1793,-1,1810,1814,1793,-1,1793,1815,1816,-1,1817,1815,1793,-1,1813,1817,1793,-1,1816,1796,1793,-1,1796,1818,1794,-1,1794,1818,1819,-1,1794,1819,1795,-1,1795,1819,1820,-1,1795,1820,1799,-1,1799,1820,1821,-1,1799,1821,1797,-1,1797,1821,1822,-1,1797,1822,1798,-1,1798,1822,1823,-1,1798,1823,1802,-1,1802,1823,1824,-1,1802,1824,1800,-1,1800,1824,1825,-1,1800,1825,1801,-1,1801,1825,1826,-1,1801,1826,1805,-1,1805,1826,1827,-1,1805,1827,1803,-1,1803,1827,1828,-1,1803,1828,1804,-1,1804,1828,1829,-1,1804,1829,1808,-1,1808,1829,1830,-1,1808,1830,1806,-1,1806,1830,1831,-1,1806,1831,1807,-1,1807,1831,1832,-1,1807,1832,1811,-1,1811,1832,1833,-1,1811,1833,1809,-1,1809,1833,1834,-1,1809,1834,1810,-1,1810,1834,1835,-1,1810,1835,1814,-1,1814,1835,1836,-1,1814,1836,1812,-1,1812,1836,1837,-1,1812,1837,1813,-1,1813,1837,1838,-1,1813,1838,1817,-1,1817,1838,1839,-1,1817,1839,1815,-1,1815,1839,1840,-1,1815,1840,1816,-1,1816,1840,1841,-1,1816,1841,1796,-1,1796,1841,1818,-1,1841,1842,1818,-1,1818,1842,1843,-1,1818,1843,1819,-1,1819,1843,1844,-1,1819,1844,1820,-1,1820,1844,1845,-1,1820,1845,1821,-1,1821,1845,1846,-1,1821,1846,1822,-1,1822,1846,1847,-1,1822,1847,1823,-1,1823,1847,1848,-1,1823,1848,1824,-1,1824,1848,1849,-1,1824,1849,1825,-1,1825,1849,1850,-1,1825,1850,1826,-1,1826,1850,1851,-1,1826,1851,1827,-1,1827,1851,1852,-1,1827,1852,1828,-1,1828,1852,1853,-1,1828,1853,1829,-1,1829,1853,1854,-1,1829,1854,1830,-1,1830,1854,1855,-1,1830,1855,1831,-1,1831,1855,1856,-1,1831,1856,1832,-1,1832,1856,1857,-1,1832,1857,1833,-1,1833,1857,1858,-1,1833,1858,1834,-1,1834,1858,1859,-1,1834,1859,1835,-1,1835,1859,1860,-1,1835,1860,1836,-1,1836,1860,1861,-1,1836,1861,1837,-1,1837,1861,1862,-1,1837,1862,1838,-1,1838,1862,1863,-1,1838,1863,1839,-1,1839,1863,1864,-1,1839,1864,1840,-1,1840,1864,1865,-1,1840,1865,1841,-1,1841,1865,1842,-1,1865,1866,1842,-1,1842,1866,1867,-1,1842,1867,1843,-1,1843,1867,1868,-1,1843,1868,1844,-1,1844,1868,1869,-1,1844,1869,1845,-1,1845,1869,1870,-1,1845,1870,1846,-1,1846,1870,1871,-1,1846,1871,1847,-1,1847,1871,1872,-1,1847,1872,1848,-1,1848,1872,1873,-1,1848,1873,1849,-1,1849,1873,1874,-1,1849,1874,1850,-1,1850,1874,1875,-1,1850,1875,1851,-1,1851,1875,1876,-1,1851,1876,1852,-1,1852,1876,1877,-1,1852,1877,1853,-1,1853,1877,1878,-1,1853,1878,1854,-1,1854,1878,1879,-1,1854,1879,1855,-1,1855,1879,1880,-1,1855,1880,1856,-1,1856,1880,1881,-1,1856,1881,1857,-1,1857,1881,1882,-1,1857,1882,1858,-1,1858,1882,1883,-1,1858,1883,1859,-1,1859,1883,1884,-1,1859,1884,1860,-1,1860,1884,1885,-1,1860,1885,1861,-1,1861,1885,1886,-1,1861,1886,1862,-1,1862,1886,1887,-1,1862,1887,1863,-1,1863,1887,1888,-1,1863,1888,1864,-1,1864,1888,1889,-1,1864,1889,1865,-1,1865,1889,1866,-1,1889,1890,1866,-1,1866,1890,1891,-1,1866,1891,1867,-1,1867,1891,1892,-1,1867,1892,1868,-1,1868,1892,1893,-1,1868,1893,1869,-1,1869,1893,1894,-1,1869,1894,1870,-1,1870,1894,1895,-1,1870,1895,1871,-1,1871,1895,1896,-1,1871,1896,1872,-1,1872,1896,1897,-1,1872,1897,1873,-1,1873,1897,1898,-1,1873,1898,1874,-1,1874,1898,1899,-1,1874,1899,1875,-1,1875,1899,1900,-1,1875,1900,1876,-1,1876,1900,1901,-1,1876,1901,1877,-1,1877,1901,1902,-1,1877,1902,1878,-1,1878,1902,1903,-1,1878,1903,1879,-1,1879,1903,1904,-1,1879,1904,1880,-1,1880,1904,1905,-1,1880,1905,1881,-1,1881,1905,1906,-1,1881,1906,1882,-1,1882,1906,1907,-1,1882,1907,1883,-1,1883,1907,1908,-1,1883,1908,1884,-1,1884,1908,1909,-1,1884,1909,1885,-1,1885,1909,1910,-1,1885,1910,1886,-1,1886,1910,1911,-1,1886,1911,1887,-1,1887,1911,1912,-1,1887,1912,1888,-1,1888,1912,1913,-1,1888,1913,1889,-1,1889,1913,1890,-1,1913,659,1890,-1,1890,659,657,-1,1890,657,1891,-1,1891,657,655,-1,1891,655,1892,-1,1892,655,653,-1,1892,653,1893,-1,1893,653,651,-1,1893,651,1894,-1,1894,651,649,-1,1894,649,1895,-1,1895,649,647,-1,1895,647,1896,-1,1896,647,645,-1,1896,645,1897,-1,1897,645,643,-1,1897,643,1898,-1,1898,643,641,-1,1898,641,1899,-1,1899,641,639,-1,1899,639,1900,-1,1900,639,685,-1,1900,685,1901,-1,1901,685,683,-1,1901,683,1902,-1,1902,683,681,-1,1902,681,1903,-1,1903,681,679,-1,1903,679,1904,-1,1904,679,677,-1,1904,677,1905,-1,1905,677,675,-1,1905,675,1906,-1,1906,675,673,-1,1906,673,1907,-1,1907,673,671,-1,1907,671,1908,-1,1908,671,669,-1,1908,669,1909,-1,1909,669,667,-1,1909,667,1910,-1,1910,667,665,-1,1910,665,1911,-1,1911,665,663,-1,1911,663,1912,-1,1912,663,661,-1,1912,661,1913,-1,1913,661,659,-1,1914,1915,1916,-1,1914,1916,1917,-1,1918,1917,1916,-1,1919,1918,1916,-1,1920,1919,1916,-1,1921,1920,1916,-1,1922,1921,1916,-1,1923,1922,1916,-1,1924,1923,1916,-1,1925,1924,1916,-1,1926,1925,1916,-1,1927,1926,1916,-1,1928,1927,1916,-1,1929,1928,1916,-1,1930,1929,1916,-1,1931,1930,1916,-1,1932,1931,1916,-1,1933,1932,1916,-1,1934,1933,1916,-1,1935,1934,1916,-1,1936,1935,1916,-1,1937,1936,1916,-1,1938,1937,1916,-1,1915,1938,1916,-1,1028,1939,1029,-1,1029,1939,1940,-1,1029,1940,1030,-1,1030,1940,1941,-1,1030,1941,1031,-1,1031,1941,1942,-1,1031,1942,1032,-1,1032,1942,1943,-1,1032,1943,1033,-1,1033,1943,1944,-1,1033,1944,1019,-1,1019,1944,1945,-1,1019,1945,1018,-1,1018,1945,1946,-1,1018,1946,1016,-1,1016,1946,1947,-1,1016,1947,1014,-1,1014,1947,1948,-1,1014,1948,1012,-1,1012,1948,1949,-1,1012,1949,1010,-1,1010,1949,1950,-1,1010,1950,1008,-1,1008,1950,1951,-1,1008,1951,1006,-1,1006,1951,1952,-1,1006,1952,1004,-1,1004,1952,1953,-1,1004,1953,1002,-1,1002,1953,1954,-1,1002,1954,1000,-1,1000,1954,1955,-1,1000,1955,998,-1,998,1955,1956,-1,998,1956,1020,-1,1020,1956,1957,-1,1020,1957,1023,-1,1023,1957,1958,-1,1023,1958,1024,-1,1024,1958,1959,-1,1024,1959,1025,-1,1025,1959,1960,-1,1025,1960,1026,-1,1026,1960,1961,-1,1026,1961,1027,-1,1027,1961,1962,-1,1027,1962,1028,-1,1028,1962,1939,-1,1962,1963,1939,-1,1939,1963,1964,-1,1939,1964,1940,-1,1940,1964,1965,-1,1940,1965,1941,-1,1941,1965,1966,-1,1941,1966,1942,-1,1942,1966,1967,-1,1942,1967,1943,-1,1943,1967,1968,-1,1943,1968,1944,-1,1944,1968,1969,-1,1944,1969,1945,-1,1945,1969,1970,-1,1945,1970,1946,-1,1946,1970,1971,-1,1946,1971,1947,-1,1947,1971,1972,-1,1947,1972,1948,-1,1948,1972,1973,-1,1948,1973,1949,-1,1949,1973,1974,-1,1949,1974,1950,-1,1950,1974,1975,-1,1950,1975,1951,-1,1951,1975,1976,-1,1951,1976,1952,-1,1952,1976,1977,-1,1952,1977,1953,-1,1953,1977,1978,-1,1953,1978,1954,-1,1954,1978,1979,-1,1954,1979,1955,-1,1955,1979,1980,-1,1955,1980,1956,-1,1956,1980,1981,-1,1956,1981,1957,-1,1957,1981,1982,-1,1957,1982,1958,-1,1958,1982,1983,-1,1958,1983,1959,-1,1959,1983,1984,-1,1959,1984,1960,-1,1960,1984,1985,-1,1960,1985,1961,-1,1961,1985,1986,-1,1961,1986,1962,-1,1962,1986,1963,-1,1986,1987,1963,-1,1963,1987,1988,-1,1963,1988,1964,-1,1964,1988,1989,-1,1964,1989,1965,-1,1965,1989,1990,-1,1965,1990,1966,-1,1966,1990,1991,-1,1966,1991,1967,-1,1967,1991,1992,-1,1967,1992,1968,-1,1968,1992,1993,-1,1968,1993,1969,-1,1969,1993,1994,-1,1969,1994,1970,-1,1970,1994,1995,-1,1970,1995,1971,-1,1971,1995,1996,-1,1971,1996,1972,-1,1972,1996,1997,-1,1972,1997,1973,-1,1973,1997,1998,-1,1973,1998,1974,-1,1974,1998,1999,-1,1974,1999,1975,-1,1975,1999,2000,-1,1975,2000,1976,-1,1976,2000,2001,-1,1976,2001,1977,-1,1977,2001,2002,-1,1977,2002,1978,-1,1978,2002,2003,-1,1978,2003,1979,-1,1979,2003,2004,-1,1979,2004,1980,-1,1980,2004,2005,-1,1980,2005,1981,-1,1981,2005,2006,-1,1981,2006,1982,-1,1982,2006,2007,-1,1982,2007,1983,-1,1983,2007,2008,-1,1983,2008,1984,-1,1984,2008,2009,-1,1984,2009,1985,-1,1985,2009,2010,-1,1985,2010,1986,-1,1986,2010,1987,-1,2010,2011,1987,-1,1987,2011,2012,-1,1987,2012,1988,-1,1988,2012,2013,-1,1988,2013,1989,-1,1989,2013,2014,-1,1989,2014,1990,-1,1990,2014,2015,-1,1990,2015,1991,-1,1991,2015,2016,-1,1991,2016,1992,-1,1992,2016,2017,-1,1992,2017,1993,-1,1993,2017,2018,-1,1993,2018,1994,-1,1994,2018,2019,-1,1994,2019,1995,-1,1995,2019,2020,-1,1995,2020,1996,-1,1996,2020,2021,-1,1996,2021,1997,-1,1997,2021,2022,-1,1997,2022,1998,-1,1998,2022,2023,-1,1998,2023,1999,-1,1999,2023,2024,-1,1999,2024,2000,-1,2000,2024,2025,-1,2000,2025,2001,-1,2001,2025,2026,-1,2001,2026,2002,-1,2002,2026,2027,-1,2002,2027,2003,-1,2003,2027,2028,-1,2003,2028,2004,-1,2004,2028,2029,-1,2004,2029,2005,-1,2005,2029,2030,-1,2005,2030,2006,-1,2006,2030,2031,-1,2006,2031,2007,-1,2007,2031,2032,-1,2007,2032,2008,-1,2008,2032,2033,-1,2008,2033,2009,-1,2009,2033,2034,-1,2009,2034,2010,-1,2010,2034,2011,-1,2034,1915,2011,-1,2011,1915,1914,-1,2011,1914,2012,-1,2012,1914,1917,-1,2012,1917,2013,-1,2013,1917,1918,-1,2013,1918,2014,-1,2014,1918,1919,-1,2014,1919,2015,-1,2015,1919,1920,-1,2015,1920,2016,-1,2016,1920,1921,-1,2016,1921,2017,-1,2017,1921,1922,-1,2017,1922,2018,-1,2018,1922,1923,-1,2018,1923,2019,-1,2019,1923,1924,-1,2019,1924,2020,-1,2020,1924,1925,-1,2020,1925,2021,-1,2021,1925,1926,-1,2021,1926,2022,-1,2022,1926,1927,-1,2022,1927,2023,-1,2023,1927,1928,-1,2023,1928,2024,-1,2024,1928,1929,-1,2024,1929,2025,-1,2025,1929,1930,-1,2025,1930,2026,-1,2026,1930,1931,-1,2026,1931,2027,-1,2027,1931,1932,-1,2027,1932,2028,-1,2028,1932,1933,-1,2028,1933,2029,-1,2029,1933,1934,-1,2029,1934,2030,-1,2030,1934,1935,-1,2030,1935,2031,-1,2031,1935,1936,-1,2031,1936,2032,-1,2032,1936,1937,-1,2032,1937,2033,-1,2033,1937,1938,-1,2033,1938,2034,-1,2034,1938,1915,-1,2035,2036,2037,-1,2038,2036,2035,-1,2035,2039,2040,-1,2041,2039,2035,-1,2037,2041,2035,-1,2035,2042,2043,-1,2044,2042,2035,-1,2040,2044,2035,-1,2035,2045,2046,-1,2047,2045,2035,-1,2043,2047,2035,-1,2035,2048,2049,-1,2050,2048,2035,-1,2046,2050,2035,-1,2035,2051,2052,-1,2053,2051,2035,-1,2049,2053,2035,-1,2035,2054,2055,-1,2056,2054,2035,-1,2052,2056,2035,-1,2035,2057,2058,-1,2059,2057,2035,-1,2055,2059,2035,-1,2058,2038,2035,-1,2038,2060,2036,-1,2036,2060,2061,-1,2036,2061,2037,-1,2037,2061,2062,-1,2037,2062,2041,-1,2041,2062,2063,-1,2041,2063,2039,-1,2039,2063,2064,-1,2039,2064,2040,-1,2040,2064,2065,-1,2040,2065,2044,-1,2044,2065,2066,-1,2044,2066,2042,-1,2042,2066,2067,-1,2042,2067,2043,-1,2043,2067,2068,-1,2043,2068,2047,-1,2047,2068,2069,-1,2047,2069,2045,-1,2045,2069,2070,-1,2045,2070,2046,-1,2046,2070,2071,-1,2046,2071,2050,-1,2050,2071,2072,-1,2050,2072,2048,-1,2048,2072,2073,-1,2048,2073,2049,-1,2049,2073,2074,-1,2049,2074,2053,-1,2053,2074,2075,-1,2053,2075,2051,-1,2051,2075,2076,-1,2051,2076,2052,-1,2052,2076,2077,-1,2052,2077,2056,-1,2056,2077,2078,-1,2056,2078,2054,-1,2054,2078,2079,-1,2054,2079,2055,-1,2055,2079,2080,-1,2055,2080,2059,-1,2059,2080,2081,-1,2059,2081,2057,-1,2057,2081,2082,-1,2057,2082,2058,-1,2058,2082,2083,-1,2058,2083,2038,-1,2038,2083,2060,-1,2083,2084,2060,-1,2060,2084,2085,-1,2060,2085,2061,-1,2061,2085,2086,-1,2061,2086,2062,-1,2062,2086,2087,-1,2062,2087,2063,-1,2063,2087,2088,-1,2063,2088,2064,-1,2064,2088,2089,-1,2064,2089,2065,-1,2065,2089,2090,-1,2065,2090,2066,-1,2066,2090,2091,-1,2066,2091,2067,-1,2067,2091,2092,-1,2067,2092,2068,-1,2068,2092,2093,-1,2068,2093,2069,-1,2069,2093,2094,-1,2069,2094,2070,-1,2070,2094,2095,-1,2070,2095,2071,-1,2071,2095,2096,-1,2071,2096,2072,-1,2072,2096,2097,-1,2072,2097,2073,-1,2073,2097,2098,-1,2073,2098,2074,-1,2074,2098,2099,-1,2074,2099,2075,-1,2075,2099,2100,-1,2075,2100,2076,-1,2076,2100,2101,-1,2076,2101,2077,-1,2077,2101,2102,-1,2077,2102,2078,-1,2078,2102,2103,-1,2078,2103,2079,-1,2079,2103,2104,-1,2079,2104,2080,-1,2080,2104,2105,-1,2080,2105,2081,-1,2081,2105,2106,-1,2081,2106,2082,-1,2082,2106,2107,-1,2082,2107,2083,-1,2083,2107,2084,-1,2107,2108,2084,-1,2084,2108,2109,-1,2084,2109,2085,-1,2085,2109,2110,-1,2085,2110,2086,-1,2086,2110,2111,-1,2086,2111,2087,-1,2087,2111,2112,-1,2087,2112,2088,-1,2088,2112,2113,-1,2088,2113,2089,-1,2089,2113,2114,-1,2089,2114,2090,-1,2090,2114,2115,-1,2090,2115,2091,-1,2091,2115,2116,-1,2091,2116,2092,-1,2092,2116,2117,-1,2092,2117,2093,-1,2093,2117,2118,-1,2093,2118,2094,-1,2094,2118,2119,-1,2094,2119,2095,-1,2095,2119,2120,-1,2095,2120,2096,-1,2096,2120,2121,-1,2096,2121,2097,-1,2097,2121,2122,-1,2097,2122,2098,-1,2098,2122,2123,-1,2098,2123,2099,-1,2099,2123,2124,-1,2099,2124,2100,-1,2100,2124,2125,-1,2100,2125,2101,-1,2101,2125,2126,-1,2101,2126,2102,-1,2102,2126,2127,-1,2102,2127,2103,-1,2103,2127,2128,-1,2103,2128,2104,-1,2104,2128,2129,-1,2104,2129,2105,-1,2105,2129,2130,-1,2105,2130,2106,-1,2106,2130,2131,-1,2106,2131,2107,-1,2107,2131,2108,-1,2131,2132,2108,-1,2108,2132,2133,-1,2108,2133,2109,-1,2109,2133,2134,-1,2109,2134,2110,-1,2110,2134,2135,-1,2110,2135,2111,-1,2111,2135,2136,-1,2111,2136,2112,-1,2112,2136,2137,-1,2112,2137,2113,-1,2113,2137,2138,-1,2113,2138,2114,-1,2114,2138,2139,-1,2114,2139,2115,-1,2115,2139,2140,-1,2115,2140,2116,-1,2116,2140,2141,-1,2116,2141,2117,-1,2117,2141,2142,-1,2117,2142,2118,-1,2118,2142,2143,-1,2118,2143,2119,-1,2119,2143,2144,-1,2119,2144,2120,-1,2120,2144,2145,-1,2120,2145,2121,-1,2121,2145,2146,-1,2121,2146,2122,-1,2122,2146,2147,-1,2122,2147,2123,-1,2123,2147,2148,-1,2123,2148,2124,-1,2124,2148,2149,-1,2124,2149,2125,-1,2125,2149,2150,-1,2125,2150,2126,-1,2126,2150,2151,-1,2126,2151,2127,-1,2127,2151,2152,-1,2127,2152,2128,-1,2128,2152,2153,-1,2128,2153,2129,-1,2129,2153,2154,-1,2129,2154,2130,-1,2130,2154,2155,-1,2130,2155,2131,-1,2131,2155,2132,-1,2155,857,2132,-1,2132,857,855,-1,2132,855,2133,-1,2133,855,853,-1,2133,853,2134,-1,2134,853,851,-1,2134,851,2135,-1,2135,851,849,-1,2135,849,2136,-1,2136,849,847,-1,2136,847,2137,-1,2137,847,845,-1,2137,845,2138,-1,2138,845,843,-1,2138,843,2139,-1,2139,843,841,-1,2139,841,2140,-1,2140,841,839,-1,2140,839,2141,-1,2141,839,837,-1,2141,837,2142,-1,2142,837,883,-1,2142,883,2143,-1,2143,883,881,-1,2143,881,2144,-1,2144,881,879,-1,2144,879,2145,-1,2145,879,877,-1,2145,877,2146,-1,2146,877,875,-1,2146,875,2147,-1,2147,875,873,-1,2147,873,2148,-1,2148,873,871,-1,2148,871,2149,-1,2149,871,869,-1,2149,869,2150,-1,2150,869,867,-1,2150,867,2151,-1,2151,867,865,-1,2151,865,2152,-1,2152,865,863,-1,2152,863,2153,-1,2153,863,861,-1,2153,861,2154,-1,2154,861,859,-1,2154,859,2155,-1,2155,859,857,-1,2156,2157,2158,-1,2156,2158,2159,-1,2160,2159,2158,-1,2161,2160,2158,-1,2162,2161,2158,-1,2163,2162,2158,-1,2164,2163,2158,-1,2165,2164,2158,-1,2166,2165,2158,-1,2167,2166,2158,-1,2168,2167,2158,-1,2169,2168,2158,-1,2170,2169,2158,-1,2171,2170,2158,-1,2172,2171,2158,-1,2173,2172,2158,-1,2174,2173,2158,-1,2175,2174,2158,-1,2176,2175,2158,-1,2177,2176,2158,-1,2178,2177,2158,-1,2179,2178,2158,-1,2180,2179,2158,-1,2157,2180,2158,-1,1226,2181,1227,-1,1227,2181,2182,-1,1227,2182,1228,-1,1228,2182,2183,-1,1228,2183,1229,-1,1229,2183,2184,-1,1229,2184,1230,-1,1230,2184,2185,-1,1230,2185,1231,-1,1231,2185,2186,-1,1231,2186,1217,-1,1217,2186,2187,-1,1217,2187,1216,-1,1216,2187,2188,-1,1216,2188,1214,-1,1214,2188,2189,-1,1214,2189,1212,-1,1212,2189,2190,-1,1212,2190,1210,-1,1210,2190,2191,-1,1210,2191,1208,-1,1208,2191,2192,-1,1208,2192,1206,-1,1206,2192,2193,-1,1206,2193,1204,-1,1204,2193,2194,-1,1204,2194,1202,-1,1202,2194,2195,-1,1202,2195,1200,-1,1200,2195,2196,-1,1200,2196,1198,-1,1198,2196,2197,-1,1198,2197,1196,-1,1196,2197,2198,-1,1196,2198,1218,-1,1218,2198,2199,-1,1218,2199,1221,-1,1221,2199,2200,-1,1221,2200,1222,-1,1222,2200,2201,-1,1222,2201,1223,-1,1223,2201,2202,-1,1223,2202,1224,-1,1224,2202,2203,-1,1224,2203,1225,-1,1225,2203,2204,-1,1225,2204,1226,-1,1226,2204,2181,-1,2204,2205,2181,-1,2181,2205,2206,-1,2181,2206,2182,-1,2182,2206,2207,-1,2182,2207,2183,-1,2183,2207,2208,-1,2183,2208,2184,-1,2184,2208,2209,-1,2184,2209,2185,-1,2185,2209,2210,-1,2185,2210,2186,-1,2186,2210,2211,-1,2186,2211,2187,-1,2187,2211,2212,-1,2187,2212,2188,-1,2188,2212,2213,-1,2188,2213,2189,-1,2189,2213,2214,-1,2189,2214,2190,-1,2190,2214,2215,-1,2190,2215,2191,-1,2191,2215,2216,-1,2191,2216,2192,-1,2192,2216,2217,-1,2192,2217,2193,-1,2193,2217,2218,-1,2193,2218,2194,-1,2194,2218,2219,-1,2194,2219,2195,-1,2195,2219,2220,-1,2195,2220,2196,-1,2196,2220,2221,-1,2196,2221,2197,-1,2197,2221,2222,-1,2197,2222,2198,-1,2198,2222,2223,-1,2198,2223,2199,-1,2199,2223,2224,-1,2199,2224,2200,-1,2200,2224,2225,-1,2200,2225,2201,-1,2201,2225,2226,-1,2201,2226,2202,-1,2202,2226,2227,-1,2202,2227,2203,-1,2203,2227,2228,-1,2203,2228,2204,-1,2204,2228,2205,-1,2228,2229,2205,-1,2205,2229,2230,-1,2205,2230,2206,-1,2206,2230,2231,-1,2206,2231,2207,-1,2207,2231,2232,-1,2207,2232,2208,-1,2208,2232,2233,-1,2208,2233,2209,-1,2209,2233,2234,-1,2209,2234,2210,-1,2210,2234,2235,-1,2210,2235,2211,-1,2211,2235,2236,-1,2211,2236,2212,-1,2212,2236,2237,-1,2212,2237,2213,-1,2213,2237,2238,-1,2213,2238,2214,-1,2214,2238,2239,-1,2214,2239,2215,-1,2215,2239,2240,-1,2215,2240,2216,-1,2216,2240,2241,-1,2216,2241,2217,-1,2217,2241,2242,-1,2217,2242,2218,-1,2218,2242,2243,-1,2218,2243,2219,-1,2219,2243,2244,-1,2219,2244,2220,-1,2220,2244,2245,-1,2220,2245,2221,-1,2221,2245,2246,-1,2221,2246,2222,-1,2222,2246,2247,-1,2222,2247,2223,-1,2223,2247,2248,-1,2223,2248,2224,-1,2224,2248,2249,-1,2224,2249,2225,-1,2225,2249,2250,-1,2225,2250,2226,-1,2226,2250,2251,-1,2226,2251,2227,-1,2227,2251,2252,-1,2227,2252,2228,-1,2228,2252,2229,-1,2252,2253,2229,-1,2229,2253,2254,-1,2229,2254,2230,-1,2230,2254,2255,-1,2230,2255,2231,-1,2231,2255,2256,-1,2231,2256,2232,-1,2232,2256,2257,-1,2232,2257,2233,-1,2233,2257,2258,-1,2233,2258,2234,-1,2234,2258,2259,-1,2234,2259,2235,-1,2235,2259,2260,-1,2235,2260,2236,-1,2236,2260,2261,-1,2236,2261,2237,-1,2237,2261,2262,-1,2237,2262,2238,-1,2238,2262,2263,-1,2238,2263,2239,-1,2239,2263,2264,-1,2239,2264,2240,-1,2240,2264,2265,-1,2240,2265,2241,-1,2241,2265,2266,-1,2241,2266,2242,-1,2242,2266,2267,-1,2242,2267,2243,-1,2243,2267,2268,-1,2243,2268,2244,-1,2244,2268,2269,-1,2244,2269,2245,-1,2245,2269,2270,-1,2245,2270,2246,-1,2246,2270,2271,-1,2246,2271,2247,-1,2247,2271,2272,-1,2247,2272,2248,-1,2248,2272,2273,-1,2248,2273,2249,-1,2249,2273,2274,-1,2249,2274,2250,-1,2250,2274,2275,-1,2250,2275,2251,-1,2251,2275,2276,-1,2251,2276,2252,-1,2252,2276,2253,-1,2276,2157,2253,-1,2253,2157,2156,-1,2253,2156,2254,-1,2254,2156,2159,-1,2254,2159,2255,-1,2255,2159,2160,-1,2255,2160,2256,-1,2256,2160,2161,-1,2256,2161,2257,-1,2257,2161,2162,-1,2257,2162,2258,-1,2258,2162,2163,-1,2258,2163,2259,-1,2259,2163,2164,-1,2259,2164,2260,-1,2260,2164,2165,-1,2260,2165,2261,-1,2261,2165,2166,-1,2261,2166,2262,-1,2262,2166,2167,-1,2262,2167,2263,-1,2263,2167,2168,-1,2263,2168,2264,-1,2264,2168,2169,-1,2264,2169,2265,-1,2265,2169,2170,-1,2265,2170,2266,-1,2266,2170,2171,-1,2266,2171,2267,-1,2267,2171,2172,-1,2267,2172,2268,-1,2268,2172,2173,-1,2268,2173,2269,-1,2269,2173,2174,-1,2269,2174,2270,-1,2270,2174,2175,-1,2270,2175,2271,-1,2271,2175,2176,-1,2271,2176,2272,-1,2272,2176,2177,-1,2272,2177,2273,-1,2273,2177,2178,-1,2273,2178,2274,-1,2274,2178,2179,-1,2274,2179,2275,-1,2275,2179,2180,-1,2275,2180,2276,-1,2276,2180,2157,-1,2277,2278,2279,-1,2280,2278,2277,-1,2277,2281,2282,-1,2283,2281,2277,-1,2279,2283,2277,-1,2277,2284,2285,-1,2286,2284,2277,-1,2282,2286,2277,-1,2277,2287,2288,-1,2289,2287,2277,-1,2285,2289,2277,-1,2277,2290,2291,-1,2292,2290,2277,-1,2288,2292,2277,-1,2277,2293,2294,-1,2295,2293,2277,-1,2291,2295,2277,-1,2277,2296,2297,-1,2298,2296,2277,-1,2294,2298,2277,-1,2277,2299,2300,-1,2301,2299,2277,-1,2297,2301,2277,-1,2300,2280,2277,-1,2280,2302,2278,-1,2278,2302,2303,-1,2278,2303,2279,-1,2279,2303,2304,-1,2279,2304,2283,-1,2283,2304,2305,-1,2283,2305,2281,-1,2281,2305,2306,-1,2281,2306,2282,-1,2282,2306,2307,-1,2282,2307,2286,-1,2286,2307,2308,-1,2286,2308,2284,-1,2284,2308,2309,-1,2284,2309,2285,-1,2285,2309,2310,-1,2285,2310,2289,-1,2289,2310,2311,-1,2289,2311,2287,-1,2287,2311,2312,-1,2287,2312,2288,-1,2288,2312,2313,-1,2288,2313,2292,-1,2292,2313,2314,-1,2292,2314,2290,-1,2290,2314,2315,-1,2290,2315,2291,-1,2291,2315,2316,-1,2291,2316,2295,-1,2295,2316,2317,-1,2295,2317,2293,-1,2293,2317,2318,-1,2293,2318,2294,-1,2294,2318,2319,-1,2294,2319,2298,-1,2298,2319,2320,-1,2298,2320,2296,-1,2296,2320,2321,-1,2296,2321,2297,-1,2297,2321,2322,-1,2297,2322,2301,-1,2301,2322,2323,-1,2301,2323,2299,-1,2299,2323,2324,-1,2299,2324,2300,-1,2300,2324,2325,-1,2300,2325,2280,-1,2280,2325,2302,-1,2325,2326,2302,-1,2302,2326,2327,-1,2302,2327,2303,-1,2303,2327,2328,-1,2303,2328,2304,-1,2304,2328,2329,-1,2304,2329,2305,-1,2305,2329,2330,-1,2305,2330,2306,-1,2306,2330,2331,-1,2306,2331,2307,-1,2307,2331,2332,-1,2307,2332,2308,-1,2308,2332,2333,-1,2308,2333,2309,-1,2309,2333,2334,-1,2309,2334,2310,-1,2310,2334,2335,-1,2310,2335,2311,-1,2311,2335,2336,-1,2311,2336,2312,-1,2312,2336,2337,-1,2312,2337,2313,-1,2313,2337,2338,-1,2313,2338,2314,-1,2314,2338,2339,-1,2314,2339,2315,-1,2315,2339,2340,-1,2315,2340,2316,-1,2316,2340,2341,-1,2316,2341,2317,-1,2317,2341,2342,-1,2317,2342,2318,-1,2318,2342,2343,-1,2318,2343,2319,-1,2319,2343,2344,-1,2319,2344,2320,-1,2320,2344,2345,-1,2320,2345,2321,-1,2321,2345,2346,-1,2321,2346,2322,-1,2322,2346,2347,-1,2322,2347,2323,-1,2323,2347,2348,-1,2323,2348,2324,-1,2324,2348,2349,-1,2324,2349,2325,-1,2325,2349,2326,-1,2349,2350,2326,-1,2326,2350,2351,-1,2326,2351,2327,-1,2327,2351,2352,-1,2327,2352,2328,-1,2328,2352,2353,-1,2328,2353,2329,-1,2329,2353,2354,-1,2329,2354,2330,-1,2330,2354,2355,-1,2330,2355,2331,-1,2331,2355,2356,-1,2331,2356,2332,-1,2332,2356,2357,-1,2332,2357,2333,-1,2333,2357,2358,-1,2333,2358,2334,-1,2334,2358,2359,-1,2334,2359,2335,-1,2335,2359,2360,-1,2335,2360,2336,-1,2336,2360,2361,-1,2336,2361,2337,-1,2337,2361,2362,-1,2337,2362,2338,-1,2338,2362,2363,-1,2338,2363,2339,-1,2339,2363,2364,-1,2339,2364,2340,-1,2340,2364,2365,-1,2340,2365,2341,-1,2341,2365,2366,-1,2341,2366,2342,-1,2342,2366,2367,-1,2342,2367,2343,-1,2343,2367,2368,-1,2343,2368,2344,-1,2344,2368,2369,-1,2344,2369,2345,-1,2345,2369,2370,-1,2345,2370,2346,-1,2346,2370,2371,-1,2346,2371,2347,-1,2347,2371,2372,-1,2347,2372,2348,-1,2348,2372,2373,-1,2348,2373,2349,-1,2349,2373,2350,-1,2373,2374,2350,-1,2350,2374,2375,-1,2350,2375,2351,-1,2351,2375,2376,-1,2351,2376,2352,-1,2352,2376,2377,-1,2352,2377,2353,-1,2353,2377,2378,-1,2353,2378,2354,-1,2354,2378,2379,-1,2354,2379,2355,-1,2355,2379,2380,-1,2355,2380,2356,-1,2356,2380,2381,-1,2356,2381,2357,-1,2357,2381,2382,-1,2357,2382,2358,-1,2358,2382,2383,-1,2358,2383,2359,-1,2359,2383,2384,-1,2359,2384,2360,-1,2360,2384,2385,-1,2360,2385,2361,-1,2361,2385,2386,-1,2361,2386,2362,-1,2362,2386,2387,-1,2362,2387,2363,-1,2363,2387,2388,-1,2363,2388,2364,-1,2364,2388,2389,-1,2364,2389,2365,-1,2365,2389,2390,-1,2365,2390,2366,-1,2366,2390,2391,-1,2366,2391,2367,-1,2367,2391,2392,-1,2367,2392,2368,-1,2368,2392,2393,-1,2368,2393,2369,-1,2369,2393,2394,-1,2369,2394,2370,-1,2370,2394,2395,-1,2370,2395,2371,-1,2371,2395,2396,-1,2371,2396,2372,-1,2372,2396,2397,-1,2372,2397,2373,-1,2373,2397,2374,-1,2397,1055,2374,-1,2374,1055,1053,-1,2374,1053,2375,-1,2375,1053,1051,-1,2375,1051,2376,-1,2376,1051,1049,-1,2376,1049,2377,-1,2377,1049,1047,-1,2377,1047,2378,-1,2378,1047,1045,-1,2378,1045,2379,-1,2379,1045,1043,-1,2379,1043,2380,-1,2380,1043,1041,-1,2380,1041,2381,-1,2381,1041,1039,-1,2381,1039,2382,-1,2382,1039,1037,-1,2382,1037,2383,-1,2383,1037,1035,-1,2383,1035,2384,-1,2384,1035,1081,-1,2384,1081,2385,-1,2385,1081,1079,-1,2385,1079,2386,-1,2386,1079,1077,-1,2386,1077,2387,-1,2387,1077,1075,-1,2387,1075,2388,-1,2388,1075,1073,-1,2388,1073,2389,-1,2389,1073,1071,-1,2389,1071,2390,-1,2390,1071,1069,-1,2390,1069,2391,-1,2391,1069,1067,-1,2391,1067,2392,-1,2392,1067,1065,-1,2392,1065,2393,-1,2393,1065,1063,-1,2393,1063,2394,-1,2394,1063,1061,-1,2394,1061,2395,-1,2395,1061,1059,-1,2395,1059,2396,-1,2396,1059,1057,-1,2396,1057,2397,-1,2397,1057,1055,-1,2398,2399,2400,-1,2398,2400,2401,-1,2402,2401,2400,-1,2403,2402,2400,-1,2404,2403,2400,-1,2405,2404,2400,-1,2406,2405,2400,-1,2407,2406,2400,-1,2408,2407,2400,-1,2409,2408,2400,-1,2410,2409,2400,-1,2411,2410,2400,-1,2412,2411,2400,-1,2413,2412,2400,-1,2414,2413,2400,-1,2415,2414,2400,-1,2416,2415,2400,-1,2417,2416,2400,-1,2418,2417,2400,-1,2419,2418,2400,-1,2420,2419,2400,-1,2421,2420,2400,-1,2422,2421,2400,-1,2399,2422,2400,-1,1424,2423,1425,-1,1425,2423,2424,-1,1425,2424,1426,-1,1426,2424,2425,-1,1426,2425,1427,-1,1427,2425,2426,-1,1427,2426,1428,-1,1428,2426,2427,-1,1428,2427,1429,-1,1429,2427,2428,-1,1429,2428,1415,-1,1415,2428,2429,-1,1415,2429,1414,-1,1414,2429,2430,-1,1414,2430,1412,-1,1412,2430,2431,-1,1412,2431,1410,-1,1410,2431,2432,-1,1410,2432,1408,-1,1408,2432,2433,-1,1408,2433,1406,-1,1406,2433,2434,-1,1406,2434,1404,-1,1404,2434,2435,-1,1404,2435,1402,-1,1402,2435,2436,-1,1402,2436,1400,-1,1400,2436,2437,-1,1400,2437,1398,-1,1398,2437,2438,-1,1398,2438,1396,-1,1396,2438,2439,-1,1396,2439,1394,-1,1394,2439,2440,-1,1394,2440,1416,-1,1416,2440,2441,-1,1416,2441,1419,-1,1419,2441,2442,-1,1419,2442,1420,-1,1420,2442,2443,-1,1420,2443,1421,-1,1421,2443,2444,-1,1421,2444,1422,-1,1422,2444,2445,-1,1422,2445,1423,-1,1423,2445,2446,-1,1423,2446,1424,-1,1424,2446,2423,-1,2446,2447,2423,-1,2423,2447,2448,-1,2423,2448,2424,-1,2424,2448,2449,-1,2424,2449,2425,-1,2425,2449,2450,-1,2425,2450,2426,-1,2426,2450,2451,-1,2426,2451,2427,-1,2427,2451,2452,-1,2427,2452,2428,-1,2428,2452,2453,-1,2428,2453,2429,-1,2429,2453,2454,-1,2429,2454,2430,-1,2430,2454,2455,-1,2430,2455,2431,-1,2431,2455,2456,-1,2431,2456,2432,-1,2432,2456,2457,-1,2432,2457,2433,-1,2433,2457,2458,-1,2433,2458,2434,-1,2434,2458,2459,-1,2434,2459,2435,-1,2435,2459,2460,-1,2435,2460,2436,-1,2436,2460,2461,-1,2436,2461,2437,-1,2437,2461,2462,-1,2437,2462,2438,-1,2438,2462,2463,-1,2438,2463,2439,-1,2439,2463,2464,-1,2439,2464,2440,-1,2440,2464,2465,-1,2440,2465,2441,-1,2441,2465,2466,-1,2441,2466,2442,-1,2442,2466,2467,-1,2442,2467,2443,-1,2443,2467,2468,-1,2443,2468,2444,-1,2444,2468,2469,-1,2444,2469,2445,-1,2445,2469,2470,-1,2445,2470,2446,-1,2446,2470,2447,-1,2470,2471,2447,-1,2447,2471,2472,-1,2447,2472,2448,-1,2448,2472,2473,-1,2448,2473,2449,-1,2449,2473,2474,-1,2449,2474,2450,-1,2450,2474,2475,-1,2450,2475,2451,-1,2451,2475,2476,-1,2451,2476,2452,-1,2452,2476,2477,-1,2452,2477,2453,-1,2453,2477,2478,-1,2453,2478,2454,-1,2454,2478,2479,-1,2454,2479,2455,-1,2455,2479,2480,-1,2455,2480,2456,-1,2456,2480,2481,-1,2456,2481,2457,-1,2457,2481,2482,-1,2457,2482,2458,-1,2458,2482,2483,-1,2458,2483,2459,-1,2459,2483,2484,-1,2459,2484,2460,-1,2460,2484,2485,-1,2460,2485,2461,-1,2461,2485,2486,-1,2461,2486,2462,-1,2462,2486,2487,-1,2462,2487,2463,-1,2463,2487,2488,-1,2463,2488,2464,-1,2464,2488,2489,-1,2464,2489,2465,-1,2465,2489,2490,-1,2465,2490,2466,-1,2466,2490,2491,-1,2466,2491,2467,-1,2467,2491,2492,-1,2467,2492,2468,-1,2468,2492,2493,-1,2468,2493,2469,-1,2469,2493,2494,-1,2469,2494,2470,-1,2470,2494,2471,-1,2494,2495,2471,-1,2471,2495,2496,-1,2471,2496,2472,-1,2472,2496,2497,-1,2472,2497,2473,-1,2473,2497,2498,-1,2473,2498,2474,-1,2474,2498,2499,-1,2474,2499,2475,-1,2475,2499,2500,-1,2475,2500,2476,-1,2476,2500,2501,-1,2476,2501,2477,-1,2477,2501,2502,-1,2477,2502,2478,-1,2478,2502,2503,-1,2478,2503,2479,-1,2479,2503,2504,-1,2479,2504,2480,-1,2480,2504,2505,-1,2480,2505,2481,-1,2481,2505,2506,-1,2481,2506,2482,-1,2482,2506,2507,-1,2482,2507,2483,-1,2483,2507,2508,-1,2483,2508,2484,-1,2484,2508,2509,-1,2484,2509,2485,-1,2485,2509,2510,-1,2485,2510,2486,-1,2486,2510,2511,-1,2486,2511,2487,-1,2487,2511,2512,-1,2487,2512,2488,-1,2488,2512,2513,-1,2488,2513,2489,-1,2489,2513,2514,-1,2489,2514,2490,-1,2490,2514,2515,-1,2490,2515,2491,-1,2491,2515,2516,-1,2491,2516,2492,-1,2492,2516,2517,-1,2492,2517,2493,-1,2493,2517,2518,-1,2493,2518,2494,-1,2494,2518,2495,-1,2518,2399,2495,-1,2495,2399,2398,-1,2495,2398,2496,-1,2496,2398,2401,-1,2496,2401,2497,-1,2497,2401,2402,-1,2497,2402,2498,-1,2498,2402,2403,-1,2498,2403,2499,-1,2499,2403,2404,-1,2499,2404,2500,-1,2500,2404,2405,-1,2500,2405,2501,-1,2501,2405,2406,-1,2501,2406,2502,-1,2502,2406,2407,-1,2502,2407,2503,-1,2503,2407,2408,-1,2503,2408,2504,-1,2504,2408,2409,-1,2504,2409,2505,-1,2505,2409,2410,-1,2505,2410,2506,-1,2506,2410,2411,-1,2506,2411,2507,-1,2507,2411,2412,-1,2507,2412,2508,-1,2508,2412,2413,-1,2508,2413,2509,-1,2509,2413,2414,-1,2509,2414,2510,-1,2510,2414,2415,-1,2510,2415,2511,-1,2511,2415,2416,-1,2511,2416,2512,-1,2512,2416,2417,-1,2512,2417,2513,-1,2513,2417,2418,-1,2513,2418,2514,-1,2514,2418,2419,-1,2514,2419,2515,-1,2515,2419,2420,-1,2515,2420,2516,-1,2516,2420,2421,-1,2516,2421,2517,-1,2517,2421,2422,-1,2517,2422,2518,-1,2518,2422,2399,-1,2519,2520,2521,-1,2522,2520,2519,-1,2519,2523,2524,-1,2525,2523,2519,-1,2521,2525,2519,-1,2519,2526,2527,-1,2528,2526,2519,-1,2524,2528,2519,-1,2519,2529,2530,-1,2531,2529,2519,-1,2527,2531,2519,-1,2519,2532,2533,-1,2534,2532,2519,-1,2530,2534,2519,-1,2519,2535,2536,-1,2537,2535,2519,-1,2533,2537,2519,-1,2519,2538,2539,-1,2540,2538,2519,-1,2536,2540,2519,-1,2519,2541,2542,-1,2543,2541,2519,-1,2539,2543,2519,-1,2542,2522,2519,-1,2522,2544,2520,-1,2520,2544,2545,-1,2520,2545,2521,-1,2521,2545,2546,-1,2521,2546,2525,-1,2525,2546,2547,-1,2525,2547,2523,-1,2523,2547,2548,-1,2523,2548,2524,-1,2524,2548,2549,-1,2524,2549,2528,-1,2528,2549,2550,-1,2528,2550,2526,-1,2526,2550,2551,-1,2526,2551,2527,-1,2527,2551,2552,-1,2527,2552,2531,-1,2531,2552,2553,-1,2531,2553,2529,-1,2529,2553,2554,-1,2529,2554,2530,-1,2530,2554,2555,-1,2530,2555,2534,-1,2534,2555,2556,-1,2534,2556,2532,-1,2532,2556,2557,-1,2532,2557,2533,-1,2533,2557,2558,-1,2533,2558,2537,-1,2537,2558,2559,-1,2537,2559,2535,-1,2535,2559,2560,-1,2535,2560,2536,-1,2536,2560,2561,-1,2536,2561,2540,-1,2540,2561,2562,-1,2540,2562,2538,-1,2538,2562,2563,-1,2538,2563,2539,-1,2539,2563,2564,-1,2539,2564,2543,-1,2543,2564,2565,-1,2543,2565,2541,-1,2541,2565,2566,-1,2541,2566,2542,-1,2542,2566,2567,-1,2542,2567,2522,-1,2522,2567,2544,-1,2567,2568,2544,-1,2544,2568,2569,-1,2544,2569,2545,-1,2545,2569,2570,-1,2545,2570,2546,-1,2546,2570,2571,-1,2546,2571,2547,-1,2547,2571,2572,-1,2547,2572,2548,-1,2548,2572,2573,-1,2548,2573,2549,-1,2549,2573,2574,-1,2549,2574,2550,-1,2550,2574,2575,-1,2550,2575,2551,-1,2551,2575,2576,-1,2551,2576,2552,-1,2552,2576,2577,-1,2552,2577,2553,-1,2553,2577,2578,-1,2553,2578,2554,-1,2554,2578,2579,-1,2554,2579,2555,-1,2555,2579,2580,-1,2555,2580,2556,-1,2556,2580,2581,-1,2556,2581,2557,-1,2557,2581,2582,-1,2557,2582,2558,-1,2558,2582,2583,-1,2558,2583,2559,-1,2559,2583,2584,-1,2559,2584,2560,-1,2560,2584,2585,-1,2560,2585,2561,-1,2561,2585,2586,-1,2561,2586,2562,-1,2562,2586,2587,-1,2562,2587,2563,-1,2563,2587,2588,-1,2563,2588,2564,-1,2564,2588,2589,-1,2564,2589,2565,-1,2565,2589,2590,-1,2565,2590,2566,-1,2566,2590,2591,-1,2566,2591,2567,-1,2567,2591,2568,-1,2591,2592,2568,-1,2568,2592,2593,-1,2568,2593,2569,-1,2569,2593,2594,-1,2569,2594,2570,-1,2570,2594,2595,-1,2570,2595,2571,-1,2571,2595,2596,-1,2571,2596,2572,-1,2572,2596,2597,-1,2572,2597,2573,-1,2573,2597,2598,-1,2573,2598,2574,-1,2574,2598,2599,-1,2574,2599,2575,-1,2575,2599,2600,-1,2575,2600,2576,-1,2576,2600,2601,-1,2576,2601,2577,-1,2577,2601,2602,-1,2577,2602,2578,-1,2578,2602,2603,-1,2578,2603,2579,-1,2579,2603,2604,-1,2579,2604,2580,-1,2580,2604,2605,-1,2580,2605,2581,-1,2581,2605,2606,-1,2581,2606,2582,-1,2582,2606,2607,-1,2582,2607,2583,-1,2583,2607,2608,-1,2583,2608,2584,-1,2584,2608,2609,-1,2584,2609,2585,-1,2585,2609,2610,-1,2585,2610,2586,-1,2586,2610,2611,-1,2586,2611,2587,-1,2587,2611,2612,-1,2587,2612,2588,-1,2588,2612,2613,-1,2588,2613,2589,-1,2589,2613,2614,-1,2589,2614,2590,-1,2590,2614,2615,-1,2590,2615,2591,-1,2591,2615,2592,-1,2615,2616,2592,-1,2592,2616,2617,-1,2592,2617,2593,-1,2593,2617,2618,-1,2593,2618,2594,-1,2594,2618,2619,-1,2594,2619,2595,-1,2595,2619,2620,-1,2595,2620,2596,-1,2596,2620,2621,-1,2596,2621,2597,-1,2597,2621,2622,-1,2597,2622,2598,-1,2598,2622,2623,-1,2598,2623,2599,-1,2599,2623,2624,-1,2599,2624,2600,-1,2600,2624,2625,-1,2600,2625,2601,-1,2601,2625,2626,-1,2601,2626,2602,-1,2602,2626,2627,-1,2602,2627,2603,-1,2603,2627,2628,-1,2603,2628,2604,-1,2604,2628,2629,-1,2604,2629,2605,-1,2605,2629,2630,-1,2605,2630,2606,-1,2606,2630,2631,-1,2606,2631,2607,-1,2607,2631,2632,-1,2607,2632,2608,-1,2608,2632,2633,-1,2608,2633,2609,-1,2609,2633,2634,-1,2609,2634,2610,-1,2610,2634,2635,-1,2610,2635,2611,-1,2611,2635,2636,-1,2611,2636,2612,-1,2612,2636,2637,-1,2612,2637,2613,-1,2613,2637,2638,-1,2613,2638,2614,-1,2614,2638,2639,-1,2614,2639,2615,-1,2615,2639,2616,-1,2639,1253,2616,-1,2616,1253,1251,-1,2616,1251,2617,-1,2617,1251,1249,-1,2617,1249,2618,-1,2618,1249,1247,-1,2618,1247,2619,-1,2619,1247,1245,-1,2619,1245,2620,-1,2620,1245,1243,-1,2620,1243,2621,-1,2621,1243,1241,-1,2621,1241,2622,-1,2622,1241,1239,-1,2622,1239,2623,-1,2623,1239,1237,-1,2623,1237,2624,-1,2624,1237,1235,-1,2624,1235,2625,-1,2625,1235,1233,-1,2625,1233,2626,-1,2626,1233,1279,-1,2626,1279,2627,-1,2627,1279,1277,-1,2627,1277,2628,-1,2628,1277,1275,-1,2628,1275,2629,-1,2629,1275,1273,-1,2629,1273,2630,-1,2630,1273,1271,-1,2630,1271,2631,-1,2631,1271,1269,-1,2631,1269,2632,-1,2632,1269,1267,-1,2632,1267,2633,-1,2633,1267,1265,-1,2633,1265,2634,-1,2634,1265,1263,-1,2634,1263,2635,-1,2635,1263,1261,-1,2635,1261,2636,-1,2636,1261,1259,-1,2636,1259,2637,-1,2637,1259,1257,-1,2637,1257,2638,-1,2638,1257,1255,-1,2638,1255,2639,-1,2639,1255,1253,-1,
        ]
    }
}
Shape{
    appearance Appearance {
        material  Material 	{
            diffuseColor 0.5882352941176471 0.5725490196078431 0.5254901960784314
            specularColor 0.043137254901960784 0.0392156862745098 0.0392156862745098
            ambientIntensity 0.2
            transparency 0
            shininess 0.5
        }
    }
    geometry IndexedFaceSet {
        ccw TRUE
        solid FALSE
        coord DEF co Coordinate {
            point [
                -2.0669 -0.3699 0.7087, -2.0669 -0.3699 0.5949, 2.0669 -0.3699 0.7087, 2.0669 -0.3699 0.5949, -2.0669 -0.4659 0.5949, 2.0669 -0.4659 0.5949, -2.0669 -0.4659 0.7087, 2.0669 -0.4659 0.7087, 2.0669 -0.4659 0.7087
            ]
        }
        coordIndex [
            0,1,2,-1,2,1,3,-1,1,4,3,-1,3,4,5,-1,4,6,5,-1,5,6,7,-1,
        ]
    }
}
Shape{
    appearance Appearance {
        material  Material 	{
            diffuseColor 1.0 1.0 1.0
            specularColor 0.8784313725490196 0.8784313725490196 0.8784313725490196
            ambientIntensity 0.2
            transparency 0
            shininess 0.5
        }
    }
    geometry IndexedFaceSet {
        ccw TRUE
        solid FALSE
        coord DEF co Coordinate {
            point [
                -0.3337 -1.0504 -0.7008, -0.4105 -1.2473 -0.7008, -0.3337 -1.0504 -0.7087, -0.4105 -1.2473 -0.7087, -0.3817 -1.2473 -0.7008, -0.3817 -1.2473 -0.7087, -0.3618 -1.1921 -0.7008, -0.3618 -1.1921 -0.7087, -0.2805 -1.1921 -0.7008, -0.2805 -1.1921 -0.7087, -0.2617 -1.2473 -0.7008, -0.2617 -1.2473 -0.7087, -0.2329 -1.2473 -0.7008, -0.2329 -1.2473 -0.7087, -0.3073 -1.0504 -0.7008, -0.3073 -1.0504 -0.7087, -0.2871 -1.1705 -0.7008, -0.3529 -1.1705 -0.7008, -0.3165 -1.0882 -0.7008, -0.3184 -1.0814 -0.7008, -0.3196 -1.0744 -0.7008, -0.3203 -1.0744 -0.7008, -0.3215 -1.0814 -0.7008, -0.3233 -1.0882 -0.7008, -0.2871 -1.1705 -0.7087, -0.3529 -1.1705 -0.7087, -0.3165 -1.0882 -0.7087, -0.3184 -1.0814 -0.7087, -0.3196 -1.0744 -0.7087, -0.3203 -1.0744 -0.7087, -0.3215 -1.0814 -0.7087, -0.3233 -1.0882 -0.7087, -0.1135 -1.2473 -0.7008, -0.06 -1.2473 -0.7008, -0.1135 -1.2473 -0.7087, -0.06 -1.2473 -0.7087, -0.06 -1.0504 -0.7008, -0.06 -1.0504 -0.7087, -0.1156 -1.0504 -0.7008, -0.1156 -1.0504 -0.7087, -0.2185 -1.1464 -0.7008, -0.2185 -1.1464 -0.7087, -0.217 -1.1279 -0.7087, -0.217 -1.1279 -0.7008, -0.2117 -1.1085 -0.7087, -0.2117 -1.1085 -0.7008, -0.2026 -1.0915 -0.7087, -0.2026 -1.0915 -0.7008, -0.1887 -1.0761 -0.7087, -0.1887 -1.0761 -0.7008, -0.1885 -1.0759 -0.7087, -0.1885 -1.0759 -0.7008, -0.167 -1.0616 -0.7087, -0.167 -1.0616 -0.7008, -0.144 -1.0535 -0.7087, -0.144 -1.0535 -0.7008, -0.1379 -1.2452 -0.7087, -0.1379 -1.2452 -0.7008, -0.1606 -1.2384 -0.7087, -0.1606 -1.2384 -0.7008, -0.1811 -1.2265 -0.7087, -0.1811 -1.2265 -0.7008, -0.1973 -1.2109 -0.7087, -0.1973 -1.2109 -0.7008, -0.2086 -1.1933 -0.7087, -0.2086 -1.1933 -0.7008, -0.2157 -1.1727 -0.7087, -0.2157 -1.1727 -0.7008, -0.1789 -1.0996 -0.7008, -0.1694 -1.0895 -0.7008, -0.155 -1.0802 -0.7008, -0.1388 -1.0745 -0.7008, -0.1155 -1.072 -0.7008, -0.0864 -1.072 -0.7008, -0.0864 -1.2257 -0.7008, -0.1144 -1.2257 -0.7008, -0.1351 -1.2237 -0.7008, -0.1517 -1.2186 -0.7008, -0.1651 -1.2106 -0.7008, -0.1762 -1.1997 -0.7008, -0.1845 -1.1861 -0.7008, -0.1902 -1.1676 -0.7008, -0.192 -1.1469 -0.7008, -0.1904 -1.1274 -0.7008, -0.1858 -1.1118 -0.7008, -0.1155 -1.072 -0.7087, -0.0864 -1.072 -0.7087, -0.1388 -1.0745 -0.7087, -0.155 -1.0802 -0.7087, -0.1694 -1.0895 -0.7087, -0.1789 -1.0996 -0.7087, -0.1858 -1.1118 -0.7087, -0.1904 -1.1274 -0.7087, -0.192 -1.1469 -0.7087, -0.1902 -1.1676 -0.7087, -0.1845 -1.1861 -0.7087, -0.1762 -1.1997 -0.7087, -0.1651 -1.2106 -0.7087, -0.1517 -1.2186 -0.7087, -0.1351 -1.2237 -0.7087, -0.1144 -1.2257 -0.7087, -0.0864 -1.2257 -0.7087, -0.0216 -1.2257 -0.7008, -0.0216 -1.2473 -0.7008, -0.0216 -1.2257 -0.7087, -0.0216 -1.2473 -0.7087, 0.084 -1.2473 -0.7008, 0.084 -1.2473 -0.7087, 0.084 -1.0504 -0.7008, 0.084 -1.0504 -0.7087, -0.0168 -1.0504 -0.7008, -0.0168 -1.0504 -0.7087, -0.0168 -1.072 -0.7008, -0.0168 -1.072 -0.7087, 0.0576 -1.072 -0.7008, 0.0576 -1.072 -0.7087, 0.0576 -1.1369 -0.7008, 0.0576 -1.1369 -0.7087, -0.012 -1.1369 -0.7008, -0.012 -1.1369 -0.7087, -0.012 -1.1585 -0.7008, -0.012 -1.1585 -0.7087, 0.0576 -1.1585 -0.7008, 0.0576 -1.1585 -0.7087, 0.0576 -1.2257 -0.7008, 0.0576 -1.2257 -0.7087, 0.1224 -1.2155 -0.7008, 0.1224 -1.2371 -0.7008, 0.1224 -1.2155 -0.7087, 0.1224 -1.2371 -0.7087, 0.1434 -1.2457 -0.7008, 0.1766 -1.2497 -0.7008, 0.1766 -1.2497 -0.7087, 0.1712 -1.2496 -0.7087, 0.1712 -1.2496 -0.7008, 0.1633 -1.2485 -0.7087, 0.1434 -1.2457 -0.7087, 0.2689 -1.1526 -0.7008, 0.2689 -1.1526 -0.7087, 0.267 -1.1754 -0.7087, 0.267 -1.1754 -0.7008, 0.261 -1.1962 -0.7087, 0.261 -1.1962 -0.7008, 0.2506 -1.2149 -0.7087, 0.2506 -1.2149 -0.7008, 0.2358 -1.2305 -0.7087, 0.2358 -1.2305 -0.7008, 0.2199 -1.2406 -0.7087, 0.2199 -1.2406 -0.7008, 0.2009 -1.2472 -0.7087, 0.2009 -1.2472 -0.7008, 0.1882 -1.2485 -0.7087, 0.1688 -1.048 -0.7008, 0.1688 -1.048 -0.7087, 0.1885 -1.0496 -0.7087, 0.1885 -1.0496 -0.7008, 0.2105 -1.056 -0.7087, 0.2105 -1.056 -0.7008, 0.2292 -1.0668 -0.7087, 0.2292 -1.0668 -0.7008, 0.2469 -1.0839 -0.7087, 0.2469 -1.0839 -0.7008, 0.2585 -1.1023 -0.7087, 0.2585 -1.1023 -0.7008, 0.266 -1.1246 -0.7087, 0.266 -1.1246 -0.7008, 0.1224 -1.0558 -0.7008, 0.1224 -1.0558 -0.7087, 0.1452 -1.0497 -0.7087, 0.1452 -1.0497 -0.7008, 0.1224 -1.0822 -0.7008, 0.1224 -1.0822 -0.7087, 0.1685 -1.0696 -0.7008, 0.1685 -1.0696 -0.7087, 0.1446 -1.0727 -0.7087, 0.1446 -1.0727 -0.7008, 0.2425 -1.151 -0.7008, 0.2425 -1.151 -0.7087, 0.2415 -1.1356 -0.7087, 0.2415 -1.1356 -0.7008, 0.2363 -1.1146 -0.7087, 0.2363 -1.1146 -0.7008, 0.2282 -1.0994 -0.7087, 0.2282 -1.0994 -0.7008, 0.2163 -1.0862 -0.7087, 0.2163 -1.0862 -0.7008, 0.2026 -1.0771 -0.7087, 0.2026 -1.0771 -0.7008, 0.1879 -1.0718 -0.7087, 0.1879 -1.0718 -0.7008, 0.173 -1.2281 -0.7008, 0.173 -1.2281 -0.7087, 0.1913 -1.226 -0.7087, 0.1913 -1.226 -0.7008, 0.2057 -1.2207 -0.7087, 0.2057 -1.2207 -0.7008, 0.2177 -1.2126 -0.7087, 0.2177 -1.2126 -0.7008, 0.227 -1.2029 -0.7087, 0.227 -1.2029 -0.7008, 0.2351 -1.1892 -0.7087, 0.2351 -1.1892 -0.7008, 0.2405 -1.1723 -0.7087, 0.2405 -1.1723 -0.7008, 0.126 -1.2174 -0.7087, 0.126 -1.2174 -0.7008, 0.1468 -1.2252 -0.7087, 0.1468 -1.2252 -0.7008, 0.2857 -1.2257 -0.7008, 0.2857 -1.2473 -0.7008, 0.2857 -1.2257 -0.7087, 0.2857 -1.2473 -0.7087, 0.3865 -1.2473 -0.7008, 0.3865 -1.2473 -0.7087, 0.3865 -1.0504 -0.7008, 0.3865 -1.0504 -0.7087, 0.3601 -1.0504 -0.7008, 0.3601 -1.0504 -0.7087, 0.3601 -1.2257 -0.7008, 0.3601 -1.2257 -0.7087, 0.3601 -1.2257 -0.7087
            ]
        }
        coordIndex [
            0,1,2,-1,2,1,3,-1,1,4,3,-1,3,4,5,-1,4,6,5,-1,5,6,7,-1,6,8,7,-1,7,8,9,-1,8,10,9,-1,9,10,11,-1,10,12,11,-1,11,12,13,-1,12,14,13,-1,13,14,15,-1,14,0,15,-1,15,0,2,-1,16,8,17,-1,17,8,6,-1,18,14,16,-1,16,14,12,-1,16,12,8,-1,8,12,10,-1,18,19,14,-1,14,19,20,-1,14,20,0,-1,0,20,21,-1,0,21,22,-1,22,23,0,-1,0,23,17,-1,0,17,1,-1,1,17,6,-1,1,6,4,-1,16,17,24,-1,24,17,25,-1,18,16,26,-1,26,16,24,-1,18,26,27,-1,18,27,19,-1,19,27,28,-1,19,28,20,-1,21,20,29,-1,29,20,28,-1,21,29,30,-1,21,30,22,-1,22,30,31,-1,22,31,23,-1,17,23,25,-1,25,23,31,-1,32,33,34,-1,34,33,35,-1,33,36,35,-1,35,36,37,-1,36,38,37,-1,37,38,39,-1,40,41,42,-1,40,42,43,-1,43,42,44,-1,43,44,45,-1,45,44,46,-1,45,46,47,-1,47,46,48,-1,47,48,49,-1,49,48,50,-1,49,50,51,-1,51,50,52,-1,51,52,53,-1,53,52,54,-1,53,54,55,-1,55,54,39,-1,55,39,38,-1,32,34,56,-1,32,56,57,-1,57,56,58,-1,57,58,59,-1,59,58,60,-1,59,60,61,-1,61,60,62,-1,61,62,63,-1,63,62,64,-1,63,64,65,-1,65,64,66,-1,65,66,67,-1,67,66,41,-1,67,41,40,-1,45,47,68,-1,68,47,49,-1,68,49,69,-1,69,49,51,-1,69,51,70,-1,70,51,53,-1,70,53,71,-1,71,53,55,-1,71,55,72,-1,72,55,38,-1,72,38,73,-1,73,38,36,-1,73,36,74,-1,74,36,33,-1,74,33,75,-1,75,33,32,-1,75,32,76,-1,76,32,57,-1,76,57,77,-1,77,57,59,-1,77,59,78,-1,78,59,61,-1,78,61,79,-1,79,61,63,-1,79,63,80,-1,80,63,65,-1,80,65,81,-1,81,65,67,-1,81,67,82,-1,82,67,40,-1,82,40,83,-1,83,40,43,-1,83,43,84,-1,84,43,45,-1,84,45,68,-1,72,73,85,-1,85,73,86,-1,72,85,87,-1,72,87,71,-1,71,87,88,-1,71,88,70,-1,70,88,89,-1,70,89,69,-1,69,89,90,-1,69,90,68,-1,68,90,91,-1,68,91,84,-1,84,91,92,-1,84,92,83,-1,83,92,93,-1,83,93,82,-1,82,93,94,-1,82,94,81,-1,81,94,95,-1,81,95,80,-1,80,95,96,-1,80,96,79,-1,79,96,97,-1,79,97,78,-1,78,97,98,-1,78,98,77,-1,77,98,99,-1,77,99,76,-1,76,99,100,-1,76,100,75,-1,74,75,101,-1,101,75,100,-1,73,74,86,-1,86,74,101,-1,102,103,104,-1,104,103,105,-1,103,106,105,-1,105,106,107,-1,106,108,107,-1,107,108,109,-1,108,110,109,-1,109,110,111,-1,110,112,111,-1,111,112,113,-1,112,114,113,-1,113,114,115,-1,114,116,115,-1,115,116,117,-1,116,118,117,-1,117,118,119,-1,118,120,119,-1,119,120,121,-1,120,122,121,-1,121,122,123,-1,122,124,123,-1,123,124,125,-1,124,102,125,-1,125,102,104,-1,106,103,102,-1,102,124,106,-1,106,124,122,-1,106,122,108,-1,112,110,114,-1,114,110,108,-1,114,108,116,-1,116,108,122,-1,116,122,118,-1,118,122,120,-1,126,127,128,-1,128,127,129,-1,129,127,130,-1,131,132,133,-1,131,133,134,-1,134,133,135,-1,134,135,130,-1,130,135,136,-1,130,136,129,-1,137,138,139,-1,137,139,140,-1,140,139,141,-1,140,141,142,-1,142,141,143,-1,142,143,144,-1,144,143,145,-1,144,145,146,-1,146,145,147,-1,146,147,148,-1,148,147,149,-1,148,149,150,-1,150,149,131,-1,131,149,151,-1,131,151,132,-1,152,153,154,-1,152,154,155,-1,155,154,156,-1,155,156,157,-1,157,156,158,-1,157,158,159,-1,159,158,160,-1,159,160,161,-1,161,160,162,-1,161,162,163,-1,163,162,164,-1,163,164,165,-1,165,164,138,-1,165,138,137,-1,166,167,168,-1,166,168,169,-1,169,168,153,-1,169,153,152,-1,166,170,167,-1,167,170,171,-1,172,173,174,-1,172,174,175,-1,175,174,171,-1,175,171,170,-1,176,177,178,-1,176,178,179,-1,179,178,180,-1,179,180,181,-1,181,180,182,-1,181,182,183,-1,183,182,184,-1,183,184,185,-1,185,184,186,-1,185,186,187,-1,187,186,188,-1,187,188,189,-1,189,188,173,-1,189,173,172,-1,190,191,192,-1,190,192,193,-1,193,192,194,-1,193,194,195,-1,195,194,196,-1,195,196,197,-1,197,196,198,-1,197,198,199,-1,199,198,200,-1,199,200,201,-1,201,200,202,-1,201,202,203,-1,203,202,177,-1,203,177,176,-1,126,128,204,-1,126,204,205,-1,205,204,206,-1,205,206,207,-1,207,206,191,-1,207,191,190,-1,193,131,190,-1,190,131,134,-1,190,134,207,-1,207,134,130,-1,207,130,205,-1,205,130,127,-1,205,127,126,-1,170,166,175,-1,175,166,169,-1,175,169,172,-1,172,169,152,-1,172,152,189,-1,189,152,155,-1,189,155,187,-1,187,155,157,-1,187,157,185,-1,185,157,159,-1,185,159,183,-1,183,159,161,-1,183,161,181,-1,181,161,163,-1,181,163,179,-1,179,163,165,-1,179,165,176,-1,176,165,137,-1,176,137,203,-1,203,137,140,-1,203,140,201,-1,201,140,142,-1,201,142,199,-1,199,142,144,-1,199,144,197,-1,197,144,146,-1,197,146,195,-1,195,146,148,-1,195,148,193,-1,193,148,150,-1,193,150,131,-1,208,209,210,-1,210,209,211,-1,209,212,211,-1,211,212,213,-1,212,214,213,-1,213,214,215,-1,214,216,215,-1,215,216,217,-1,216,218,217,-1,217,218,219,-1,218,208,219,-1,219,208,210,-1,216,214,218,-1,218,214,212,-1,218,212,208,-1,208,212,209,-1,
        ]
    }
}
Shape{
    appearance Appearance {
        material  Material 	{
            diffuseColor 0.5882352941176471 0.5725490196078431 0.5254901960784314
            specularColor 0.043137254901960784 0.0392156862745098 0.0392156862745098
            ambientIntensity 0.2
            transparency 0
            shininess 0.5
        }
    }
    geometry IndexedFaceSet {
        ccw TRUE
        solid FALSE
        coord DEF co Coordinate {
            point [
                -0.2871 -1.1705 -0.7087, -0.3529 -1.1705 -0.7087, -0.3165 -1.0882 -0.7087, -0.3233 -1.0882 -0.7087, -0.3184 -1.0814 -0.7087, -0.3215 -1.0814 -0.7087, -0.3196 -1.0744 -0.7087, -0.3203 -1.0744 -0.7087, -0.0864 -1.072 -0.7087, -0.0864 -1.2257 -0.7087, -0.1155 -1.072 -0.7087, -0.1144 -1.2257 -0.7087, -0.1351 -1.2237 -0.7087, -0.192 -1.1469 -0.7087, -0.1904 -1.1274 -0.7087, -0.1858 -1.1118 -0.7087, -0.1388 -1.0745 -0.7087, -0.1517 -1.2186 -0.7087, -0.1651 -1.2106 -0.7087, -0.1762 -1.1997 -0.7087, -0.1845 -1.1861 -0.7087, -0.1902 -1.1676 -0.7087, -0.1789 -1.0996 -0.7087, -0.1694 -1.0895 -0.7087, -0.155 -1.0802 -0.7087, -0.155 -1.0802 -0.7087
            ]
        }
        coordIndex [
            0,1,2,-1,2,1,3,-1,2,3,4,-1,4,3,5,-1,4,5,6,-1,6,5,7,-1,8,9,10,-1,10,9,11,-1,10,11,12,-1,13,14,10,-1,10,14,15,-1,10,15,16,-1,12,17,10,-1,10,17,18,-1,10,18,19,-1,19,20,10,-1,10,20,21,-1,10,21,13,-1,22,23,15,-1,15,23,24,-1,15,24,16,-1,
        ]
    }
}