#VRML V2.0 utf8
# 3D model generated by easyeda2kicad.py (https://github.com/uPesy/easyeda2kicad.py)

Shape{
    appearance Appearance {
        material  Material 	{
            diffuseColor 0.2235294117647059 0.2235294117647059 0.2235294117647059
            specularColor 0.11372549019607843 0.11372549019607843 0.11372549019607843
            ambientIntensity 0.2
            transparency 0
            shininess 0.5
        }
    }
    geometry IndexedFaceSet {
        ccw TRUE
        solid FALSE
        coord DEF co Coordinate {
            point [
                0.3937 -0.1083 0.0, 0.3937 -0.1181 0.0, -0.0616 -0.6102 0.0, 1.3937 -0.5879 0.0, 1.389 -0.5954 0.0, 1.3583 -0.6102 0.0, 1.3976 -0.1181 0.0, 1.3976 -0.5709 0.0, 1.3967 -0.5796 0.0, 1.3828 -0.6016 0.0, 1.3753 -0.6063 0.0, 1.367 -0.6092 0.0, 0.3937 0.1181 0.0, -0.0616 0.6102 0.0, 1.3976 0.1181 0.0, 1.3583 0.6102 0.0, 1.3976 0.5709 0.0, 1.3963 0.5811 0.0, 0.0364 -0.0596 0.0, 0.0133 -0.0657 0.0, 0.0364 -0.0466 0.0, 0.0133 0.0524 0.0, -0.0616 -0.0664 0.0, 0.0609 -0.0664 0.0, 0.049 -0.0647 0.0, 1.378 0.605 0.0, 1.3861 0.5987 0.0, 1.3924 0.5906 0.0, 0.1948 -0.0657 0.0, 0.0758 -0.0664 0.0, 0.1343 -0.0657 0.0, 0.0834 -0.0656 0.0, 0.0949 -0.0617 0.0, 1.3685 0.6089 0.0, 0.0656 -0.0671 0.0, 0.0689 -0.0671 0.0, 0.3937 -0.0664 0.0, -0.0472 0.0524 0.0, -0.0472 0.0395 0.0, -0.05 -0.0527 0.0, 0.0757 0.0396 0.0, 0.0845 0.0364 0.0, 0.0385 -0.0478 0.0, 0.0927 0.0309 0.0, 0.0998 0.0231 0.0, 0.1084 -0.0079 0.0, 0.1072 -0.0207 0.0, 0.104 -0.0308 0.0, 0.0777 -0.0529 0.0, 0.0667 -0.0542 0.0, 0.0863 -0.0498 0.0, 0.0936 -0.0449 0.0, 0.0991 -0.039 0.0, 0.051 -0.0524 0.0, 0.118 0.0213 0.0, 0.1111 0.0324 0.0, 0.179 0.0524 0.0, -0.05 -0.0657 0.0, 0.1047 0.0139 0.0, 0.1078 0.0013 0.0, 0.1004 0.0426 0.0, 0.1948 0.0524 0.0, 0.3937 0.1083 0.0, -0.0025 -0.0124 0.0, -0.0025 -0.0527 0.0, -0.0443 -0.0124 0.0, -0.0443 0.0006 0.0, -0.0025 0.0006 0.0, -0.0025 0.0395 0.0, 0.1044 -0.0556 0.0, 0.1132 -0.0463 0.0, 0.1343 -0.0527 0.0, 0.1195 -0.035 0.0, 0.179 -0.0527 0.0, 0.1231 -0.0225 0.0, 0.1242 -0.0089 0.0, 0.1225 0.0079 0.0, 0.0892 0.0491 0.0, 0.076 0.0529 0.0, 0.0642 0.0539 0.0, 0.05 0.0529 0.0, 0.0364 0.0492 0.0, 0.0364 0.0333 0.0, 0.0497 0.039 0.0, 0.064 0.0409 0.0, -0.2542 -0.0326 0.0, -0.2054 -0.0326 0.0, -0.2661 -0.0657 0.0, -0.1941 -0.0657 0.0, -0.1768 -0.0657 0.0, -0.1623 -0.0333 0.0, -0.1555 -0.0439 0.0, -0.1458 -0.0532 0.0, -0.1334 -0.0604 0.0, -0.1198 -0.0644 0.0, -0.2215 0.0524 0.0, -0.3937 0.1181 0.0, -0.2373 0.0524 0.0, -0.3937 0.1083 0.0, -0.2834 -0.0657 0.0, -0.3937 -0.0664 0.0, -0.1052 -0.0657 0.0, -1.3976 0.1181 0.0, -1.3976 0.5709 0.0, -1.3583 0.6102 0.0, -1.3963 0.5811 0.0, -1.3924 0.5906 0.0, -0.0731 -0.0657 0.0, -0.0731 0.0524 0.0, -0.1064 0.0524 0.0, -0.1503 0.037 0.0, -0.1586 0.0278 0.0, -0.1641 0.0176 0.0, -1.3861 0.5987 0.0, -1.378 0.605 0.0, -1.3685 0.6089 0.0, -0.1235 0.0506 0.0, -0.1373 0.0457 0.0, -0.1502 0.0371 0.0, -0.1673 0.006 0.0, -0.1682 -0.0051 0.0, -0.1665 -0.021 0.0, -1.3976 -0.5709 0.0, -1.3976 -0.1181 0.0, -0.3937 -0.1181 0.0, -1.3963 -0.5811 0.0, -1.3583 -0.6102 0.0, -0.3937 -0.1083 0.0, -1.378 -0.605 0.0, -1.3861 -0.5987 0.0, -1.3924 -0.5906 0.0, -1.3685 -0.6089 0.0, 0.3937 0.1181 0.0197, 0.3937 0.1083 0.0197, 0.3937 -0.1181 0.0197, 0.3937 -0.1083 0.0197, 1.3976 0.1181 0.0197, 1.3976 0.1083 0.0197, 1.3976 -0.1181 0.0197, 1.3976 -0.1083 0.0197, -0.3937 -0.1181 0.0197, -0.3937 -0.1083 0.0197, -0.3937 0.1181 0.0197, -0.3937 0.1083 0.0197, -1.3976 -0.1083 0.0197, -1.3976 -0.1181 0.0197, -1.3976 0.1083 0.0197, -1.3976 0.1181 0.0197, 1.3685 0.6089 0.0787, 1.3583 0.6102 0.0787, 1.0822 0.4921 0.0787, 0.7087 0.6102 0.0787, 0.8017 0.6031 0.0787, 0.8927 0.5818 0.0787, 0.9793 0.547 0.0787, 1.0595 0.4993 0.0787, 1.0665 0.4954 0.0787, 1.0742 0.4929 0.0787, 1.3963 0.5213 0.0787, 1.3976 0.5315 0.0787, 1.3583 0.4921 0.0787, 1.3963 0.5811 0.0787, 1.3924 0.5906 0.0787, 1.3976 0.5709 0.0787, 1.378 0.4974 0.0787, 1.3861 0.5037 0.0787, 1.3924 0.5118 0.0787, 1.3861 0.5987 0.0787, 1.378 0.605 0.0787, 1.3685 0.4935 0.0787, 0.9793 -0.547 0.0787, 0.8927 -0.5818 0.0787, 1.3583 -0.6102 0.0787, 0.8017 -0.6031 0.0787, 0.7087 -0.6102 0.0787, 1.0742 -0.4929 0.0787, 1.0665 -0.4954 0.0787, 1.0595 -0.4993 0.0787, 1.0822 -0.4921 0.0787, 1.367 -0.6092 0.0787, 1.3753 -0.6063 0.0787, 1.3937 -0.5879 0.0787, 1.3967 -0.5796 0.0787, 1.3828 -0.6016 0.0787, 1.389 -0.5954 0.0787, 1.3976 -0.5709 0.0787, 1.3976 -0.5315 0.0787, 1.3583 -0.4921 0.0787, 1.3963 -0.5213 0.0787, 1.3924 -0.5118 0.0787, 1.3861 -0.5037 0.0787, 1.378 -0.4974 0.0787, 1.3685 -0.4935 0.0787, 1.3976 -0.5315 0.0591, 1.3976 0.5315 0.0591, -1.3976 0.5315 0.0787, -1.3976 0.5709 0.0787, -1.3976 0.5315 0.0591, -1.3976 -0.5315 0.0591, -1.3976 -0.5315 0.0787, -1.3976 -0.5709 0.0787, -0.9793 0.547 0.0787, -0.8927 0.5818 0.0787, -1.3583 0.6102 0.0787, -0.8017 0.6031 0.0787, -0.7087 0.6102 0.0787, -1.0742 0.4929 0.0787, -1.0665 0.4954 0.0787, -1.0595 0.4993 0.0787, -1.0822 0.4921 0.0787, -1.3685 0.6089 0.0787, -1.378 0.605 0.0787, -1.3861 0.5987 0.0787, -1.3924 0.5906 0.0787, -1.3963 0.5811 0.0787, -1.3583 0.4921 0.0787, -1.3963 0.5213 0.0787, -1.3924 0.5118 0.0787, -1.3861 0.5037 0.0787, -1.378 0.4974 0.0787, -1.3685 0.4935 0.0787, -0.7087 -0.6102 0.0787, -0.8017 -0.6031 0.0787, -1.3583 -0.6102 0.0787, -0.8927 -0.5818 0.0787, -0.9793 -0.547 0.0787, -1.0595 -0.4993 0.0787, -1.0665 -0.4954 0.0787, -1.0742 -0.4929 0.0787, -1.0822 -0.4921 0.0787, -1.3685 -0.6089 0.0787, -1.3963 -0.5213 0.0787, -1.3583 -0.4921 0.0787, -1.3963 -0.5811 0.0787, -1.3924 -0.5906 0.0787, -1.378 -0.4974 0.0787, -1.3861 -0.5037 0.0787, -1.3924 -0.5118 0.0787, -1.3861 -0.5987 0.0787, -1.378 -0.605 0.0787, -1.3685 -0.4935 0.0787, 1.0595 0.4993 0.0591, 0.9793 0.547 0.0591, 0.8927 0.5818 0.0591, 0.8017 0.6031 0.0591, 0.7087 0.6102 0.0591, 0.7087 -0.6102 0.0591, 0.8017 -0.6031 0.0591, 0.8927 -0.5818 0.0591, 0.9793 -0.547 0.0591, 1.0595 -0.4993 0.0591, -0.7087 0.6102 0.0591, -0.8017 0.6031 0.0591, -0.8927 0.5818 0.0591, -0.9793 0.547 0.0591, -1.0595 0.4993 0.0591, -1.0595 -0.4993 0.0591, -0.9793 -0.547 0.0591, -0.8927 -0.5818 0.0591, -0.8017 -0.6031 0.0591, -0.7087 -0.6102 0.0591, -1.3963 0.5213 0.0591, -1.3924 0.5118 0.0591, -1.3924 -0.5118 0.0591, -1.3861 -0.5037 0.0591, -1.3861 0.5037 0.0591, -1.3963 -0.5213 0.0591, 1.3861 -0.5037 0.0591, 1.3924 -0.5118 0.0591, 1.3963 -0.5213 0.0591, 1.2972 0.0488 0.0591, 1.3963 0.5213 0.0591, 1.2811 0.145 0.0591, 1.3924 0.5118 0.0591, 1.2495 0.2372 0.0591, 1.3861 0.5037 0.0591, 1.2031 0.323 0.0591, -1.378 -0.4974 0.0591, -1.3685 -0.4935 0.0591, -1.378 0.4974 0.0591, -1.3685 0.4935 0.0591, -1.0822 -0.4921 0.0591, -1.0742 -0.4929 0.0591, -1.0714 -0.466 0.0591, 1.3685 -0.4935 0.0591, 1.2972 -0.0488 0.0591, 1.2811 -0.145 0.0591, 1.378 0.4974 0.0591, 1.3685 0.4935 0.0591, 1.1431 0.4 0.0591, 1.3583 0.4921 0.0591, 1.0714 0.466 0.0591, 1.0822 0.4921 0.0591, 1.0742 0.4929 0.0591, 1.378 -0.4974 0.0591, -1.3583 -0.4921 0.0591, -1.2495 -0.2372 0.0591, -1.2031 -0.323 0.0591, -1.1431 -0.4 0.0591, -1.2811 -0.145 0.0591, -1.2972 -0.0488 0.0591, -1.2972 0.0488 0.0591, -1.2811 0.145 0.0591, -1.2495 0.2372 0.0591, -1.2031 0.323 0.0591, -1.3583 0.4921 0.0591, 1.0665 0.4954 0.0591, 0.9897 0.5194 0.0591, 0.9004 0.5586 0.0591, 0.8059 0.5825 0.0591, 0.7087 0.5906 0.0591, -0.7087 0.5906 0.0591, -0.8059 0.5825 0.0591, -0.9004 0.5586 0.0591, -0.9897 0.5194 0.0591, -1.0714 0.466 0.0591, 1.2495 -0.2372 0.0591, 1.2031 -0.323 0.0591, 1.3583 -0.4921 0.0591, 1.1431 -0.4 0.0591, 1.0822 -0.4921 0.0591, 1.0714 -0.466 0.0591, 1.0742 -0.4929 0.0591, 1.0665 -0.4954 0.0591, -1.0665 0.4954 0.0591, -1.1431 0.4 0.0591, -1.0742 0.4929 0.0591, -1.0822 0.4921 0.0591, -1.0665 -0.4954 0.0591, -0.9897 -0.5194 0.0591, -0.9004 -0.5586 0.0591, -0.8059 -0.5825 0.0591, -0.7087 -0.5906 0.0591, 0.7087 -0.5906 0.0591, 0.8059 -0.5825 0.0591, 0.9004 -0.5586 0.0591, 0.9897 -0.5194 0.0591, 0.9897 -0.5194 0.0591
            ]
        }
        coordIndex [
            0,1,2,-1,3,4,5,-1,1,6,2,-1,2,6,7,-1,2,7,5,-1,5,7,8,-1,5,8,3,-1,9,10,4,-1,4,10,11,-1,4,11,5,-1,12,13,14,-1,14,13,15,-1,14,15,16,-1,16,15,17,-1,18,19,20,-1,20,19,21,-1,2,22,23,-1,23,22,19,-1,23,19,24,-1,24,19,18,-1,25,26,27,-1,28,29,30,-1,30,29,31,-1,30,31,32,-1,17,15,27,-1,27,15,33,-1,27,33,25,-1,23,34,2,-1,2,34,35,-1,2,35,0,-1,0,35,29,-1,0,29,36,-1,36,29,28,-1,37,38,39,-1,40,41,42,-1,42,41,43,-1,42,43,44,-1,45,46,42,-1,42,46,47,-1,48,49,50,-1,50,49,51,-1,47,52,42,-1,42,52,51,-1,42,51,53,-1,53,51,49,-1,54,55,56,-1,21,37,13,-1,13,37,39,-1,13,39,22,-1,22,39,57,-1,22,57,19,-1,44,58,42,-1,42,58,59,-1,42,59,45,-1,55,60,56,-1,56,60,13,-1,56,13,61,-1,61,13,12,-1,61,12,28,-1,28,12,62,-1,28,62,36,-1,63,64,65,-1,65,64,39,-1,65,39,66,-1,66,39,38,-1,66,38,67,-1,67,38,68,-1,32,69,30,-1,30,69,70,-1,30,70,71,-1,71,70,72,-1,71,72,73,-1,72,74,73,-1,73,74,75,-1,73,75,56,-1,56,75,76,-1,56,76,54,-1,60,77,13,-1,13,77,78,-1,13,78,79,-1,79,80,13,-1,13,80,81,-1,13,81,21,-1,21,81,82,-1,21,82,20,-1,20,82,83,-1,20,83,42,-1,42,83,84,-1,42,84,40,-1,85,86,87,-1,87,86,88,-1,89,90,91,-1,91,92,89,-1,89,92,93,-1,89,93,94,-1,13,95,96,-1,96,95,97,-1,96,97,98,-1,98,97,99,-1,98,99,100,-1,94,101,89,-1,89,101,22,-1,89,22,88,-1,88,22,100,-1,88,100,87,-1,87,100,99,-1,96,102,13,-1,13,102,103,-1,13,103,104,-1,104,103,105,-1,104,105,106,-1,101,107,22,-1,22,107,108,-1,22,108,13,-1,13,108,109,-1,110,111,95,-1,95,111,112,-1,113,114,106,-1,106,114,115,-1,106,115,104,-1,109,116,13,-1,13,116,117,-1,13,117,95,-1,95,117,118,-1,95,118,110,-1,112,119,95,-1,95,119,120,-1,95,120,89,-1,89,120,121,-1,89,121,90,-1,122,123,124,-1,125,122,126,-1,126,122,2,-1,2,122,124,-1,2,124,22,-1,22,124,127,-1,22,127,100,-1,128,129,130,-1,125,126,130,-1,130,126,131,-1,130,131,128,-1,12,132,62,-1,62,132,133,-1,134,1,135,-1,135,1,0,-1,132,136,133,-1,133,136,137,-1,138,134,139,-1,139,134,135,-1,124,140,127,-1,127,140,141,-1,142,96,143,-1,143,96,98,-1,141,140,144,-1,144,140,145,-1,146,147,143,-1,143,147,142,-1,148,149,150,-1,149,151,152,-1,152,153,149,-1,149,153,154,-1,149,154,155,-1,155,156,149,-1,149,156,157,-1,149,157,150,-1,158,159,160,-1,161,162,150,-1,160,159,150,-1,150,159,163,-1,150,163,161,-1,164,165,166,-1,162,167,150,-1,150,167,168,-1,150,168,148,-1,158,160,166,-1,166,160,169,-1,166,169,164,-1,170,171,172,-1,172,171,173,-1,172,173,174,-1,175,176,172,-1,172,176,177,-1,172,177,170,-1,175,172,178,-1,178,172,179,-1,178,179,180,-1,178,181,182,-1,180,183,178,-1,178,183,184,-1,178,184,181,-1,182,185,178,-1,178,185,186,-1,178,186,187,-1,187,186,188,-1,187,188,189,-1,190,191,189,-1,189,191,192,-1,189,192,187,-1,7,6,138,-1,186,185,193,-1,193,185,7,-1,7,138,193,-1,193,138,139,-1,193,139,194,-1,194,139,137,-1,194,137,136,-1,136,14,194,-1,194,14,16,-1,194,16,159,-1,159,16,163,-1,103,102,147,-1,195,196,197,-1,197,196,103,-1,103,147,197,-1,197,147,146,-1,197,146,198,-1,198,146,144,-1,198,144,145,-1,145,123,198,-1,198,123,122,-1,198,122,199,-1,199,122,200,-1,201,202,203,-1,203,202,204,-1,203,204,205,-1,206,207,203,-1,203,207,208,-1,203,208,201,-1,206,203,209,-1,209,203,210,-1,209,210,211,-1,211,212,209,-1,209,212,213,-1,209,213,214,-1,214,196,209,-1,209,196,195,-1,209,195,215,-1,215,195,216,-1,215,216,217,-1,218,219,217,-1,217,219,220,-1,217,220,215,-1,221,222,223,-1,223,222,224,-1,224,225,223,-1,223,225,226,-1,223,226,227,-1,227,228,223,-1,223,228,229,-1,223,229,230,-1,231,199,232,-1,233,234,229,-1,232,199,229,-1,229,199,200,-1,229,200,233,-1,235,236,237,-1,234,238,229,-1,229,238,239,-1,229,239,230,-1,231,232,237,-1,237,232,240,-1,237,240,235,-1,241,155,242,-1,242,155,154,-1,242,154,243,-1,243,154,153,-1,243,153,244,-1,244,153,152,-1,244,152,245,-1,245,152,151,-1,246,174,247,-1,247,174,173,-1,247,173,248,-1,248,173,171,-1,248,171,249,-1,249,171,170,-1,249,170,250,-1,250,170,177,-1,251,205,252,-1,252,205,204,-1,252,204,253,-1,253,204,202,-1,253,202,254,-1,254,202,201,-1,254,201,255,-1,255,201,208,-1,256,226,257,-1,257,226,225,-1,257,225,258,-1,258,225,224,-1,258,224,259,-1,259,224,222,-1,259,222,260,-1,260,222,221,-1,260,221,223,-1,223,126,260,-1,260,126,2,-1,260,2,246,-1,246,2,5,-1,246,5,174,-1,174,5,172,-1,245,151,149,-1,203,205,104,-1,104,205,251,-1,104,251,13,-1,13,251,245,-1,13,245,15,-1,15,245,149,-1,261,197,198,-1,261,198,262,-1,263,264,265,-1,262,198,265,-1,265,198,266,-1,265,266,263,-1,267,268,194,-1,194,268,269,-1,194,269,193,-1,270,271,272,-1,272,271,273,-1,272,273,274,-1,274,273,275,-1,274,275,276,-1,264,277,265,-1,265,277,278,-1,265,278,279,-1,279,278,280,-1,281,282,283,-1,284,285,286,-1,275,287,276,-1,276,287,288,-1,276,288,289,-1,289,288,290,-1,289,290,291,-1,291,290,292,-1,291,292,293,-1,270,285,271,-1,271,285,284,-1,271,284,194,-1,194,284,294,-1,194,294,267,-1,281,283,295,-1,296,278,297,-1,297,278,295,-1,297,295,298,-1,298,295,283,-1,296,299,278,-1,278,299,300,-1,278,300,280,-1,280,300,301,-1,280,301,302,-1,302,303,280,-1,280,303,304,-1,280,304,305,-1,293,306,291,-1,291,306,241,-1,291,241,307,-1,307,241,242,-1,307,242,308,-1,308,242,243,-1,308,243,309,-1,309,243,244,-1,309,244,310,-1,310,244,245,-1,310,245,311,-1,311,245,251,-1,311,251,312,-1,312,251,252,-1,312,252,313,-1,313,252,253,-1,313,253,314,-1,314,253,254,-1,314,254,315,-1,286,316,284,-1,284,316,317,-1,284,317,318,-1,318,317,319,-1,318,319,320,-1,320,319,321,-1,320,321,322,-1,322,321,323,-1,254,255,315,-1,315,255,324,-1,315,324,325,-1,325,324,326,-1,325,326,304,-1,304,326,327,-1,304,327,305,-1,282,328,283,-1,283,328,256,-1,283,256,329,-1,329,256,257,-1,329,257,330,-1,330,257,258,-1,330,258,331,-1,331,258,259,-1,331,259,332,-1,332,259,260,-1,332,260,333,-1,333,260,246,-1,333,246,334,-1,334,246,247,-1,334,247,335,-1,335,247,248,-1,335,248,336,-1,336,248,249,-1,336,249,321,-1,321,249,250,-1,321,250,323,-1,
        ]
    }
}
Shape{
    appearance Appearance {
        material  Material 	{
            diffuseColor 0.25098039215686274 0.25098039215686274 0.25098039215686274
            specularColor 0.12549019607843137 0.12549019607843137 0.12549019607843137
            ambientIntensity 0.2
            transparency 0
            shininess 0.5
        }
    }
    geometry IndexedFaceSet {
        ccw TRUE
        solid FALSE
        coord DEF co Coordinate {
            point [
                -1.0822 -0.4921 0.0591, -1.3583 -0.4921 0.0591, -1.0822 -0.4921 0.0787, -1.3583 -0.4921 0.0787, -1.3583 0.4921 0.0591, -1.0822 0.4921 0.0591, -1.3583 0.4921 0.0787, -1.0822 0.4921 0.0787, 1.0822 0.4921 0.0591, 1.3583 0.4921 0.0591, 1.0822 0.4921 0.0787, 1.3583 0.4921 0.0787, 1.0822 -0.4921 0.0787, 1.3583 -0.4921 0.0787, 1.0822 -0.4921 0.0591, 1.3583 -0.4921 0.0591, 1.3583 -0.4921 0.0591
            ]
        }
        coordIndex [
            0,1,2,-1,2,1,3,-1,4,5,6,-1,6,5,7,-1,8,9,10,-1,10,9,11,-1,12,13,14,-1,14,13,15,-1,
        ]
    }
}
Shape{
    appearance Appearance {
        material  Material 	{
            diffuseColor 1.0 1.0 1.0
            specularColor 0.5019607843137255 0.5019607843137255 0.5019607843137255
            ambientIntensity 0.2
            transparency 0
            shininess 0.5
        }
    }
    geometry IndexedFaceSet {
        ccw TRUE
        solid FALSE
        coord DEF co Coordinate {
            point [
                -0.7087 -0.5906 0.1575, -0.7087 -0.5906 0.0591, 0.7087 -0.5906 0.1575, 0.7087 -0.5906 0.0591, 0.7798 -0.5862 0.1575, 0.8059 -0.5825 0.0591, 0.8057 -0.5815 0.1575, 0.85 -0.5734 0.1575, 0.9004 -0.5586 0.0591, 0.9002 -0.5578 0.1575, 0.9181 -0.5522 0.1575, 0.9897 -0.5194 0.0591, 0.9831 -0.5229 0.1575, 1.0714 -0.466 0.0591, 1.0441 -0.486 0.1575, 0.9895 -0.519 0.1575, 1.1431 -0.4 0.0591, 1.1003 -0.442 0.1575, 1.0707 -0.4652 0.1575, 1.2024 -0.3226 0.1575, 1.1947 -0.3355 0.1575, 1.2031 -0.323 0.0591, 1.1507 -0.3916 0.1575, 1.1427 -0.3996 0.1575, 1.2316 -0.2744 0.1575, 1.2495 -0.2372 0.0591, 1.2485 -0.2368 0.1575, 1.2608 -0.2094 0.1575, 1.2811 -0.145 0.0591, 1.2809 -0.1449 0.1575, 1.2821 -0.1413 0.1575, 1.2972 -0.0488 0.0591, 1.2949 -0.0712 0.1575, 1.2972 0.0488 0.0591, 1.2992 0.0 0.1575, 1.2963 -0.0487 0.1575, 1.2809 0.1449 0.1575, 1.2821 0.1413 0.1575, 1.2811 0.145 0.0591, 1.2949 0.0712 0.1575, 1.2963 0.0487 0.1575, 1.2608 0.2094 0.1575, 1.2495 0.2372 0.0591, 1.2485 0.2368 0.1575, 1.2316 0.2744 0.1575, 1.2031 0.323 0.0591, 1.2024 0.3226 0.1575, 1.1947 0.3355 0.1575, 1.1431 0.4 0.0591, 1.1507 0.3916 0.1575, 1.0714 0.466 0.0591, 1.1003 0.442 0.1575, 1.1427 0.3996 0.1575, 0.9897 0.5194 0.0591, 1.0441 0.486 0.1575, 1.0707 0.4652 0.1575, 0.9002 0.5578 0.1575, 0.9181 0.5522 0.1575, 0.9004 0.5586 0.0591, 0.9831 0.5229 0.1575, 0.9895 0.519 0.1575, 0.85 0.5734 0.1575, 0.8059 0.5825 0.0591, 0.8057 0.5815 0.1575, 0.7798 0.5862 0.1575, 0.7087 0.5906 0.0591, 0.7087 0.5906 0.1575, -0.7087 0.5906 0.1575, -0.7087 0.5906 0.0591, -0.7798 0.5862 0.1575, -0.8059 0.5825 0.0591, -0.8057 0.5815 0.1575, -0.85 0.5734 0.1575, -0.9004 0.5586 0.0591, -0.9002 0.5578 0.1575, -0.9181 0.5522 0.1575, -0.9897 0.5194 0.0591, -0.9831 0.5229 0.1575, -1.0714 0.466 0.0591, -1.0441 0.486 0.1575, -0.9895 0.519 0.1575, -1.1431 0.4 0.0591, -1.1003 0.442 0.1575, -1.0707 0.4652 0.1575, -1.2024 0.3226 0.1575, -1.1947 0.3355 0.1575, -1.2031 0.323 0.0591, -1.1507 0.3916 0.1575, -1.1427 0.3996 0.1575, -1.2316 0.2744 0.1575, -1.2495 0.2372 0.0591, -1.2485 0.2368 0.1575, -1.2608 0.2094 0.1575, -1.2811 0.145 0.0591, -1.2809 0.1449 0.1575, -1.2821 0.1413 0.1575, -1.2972 0.0488 0.0591, -1.2949 0.0712 0.1575, -1.2972 -0.0488 0.0591, -1.2992 0.0 0.1575, -1.2963 0.0487 0.1575, -1.2809 -0.1449 0.1575, -1.2821 -0.1413 0.1575, -1.2811 -0.145 0.0591, -1.2949 -0.0712 0.1575, -1.2963 -0.0487 0.1575, -1.2608 -0.2094 0.1575, -1.2495 -0.2372 0.0591, -1.2485 -0.2368 0.1575, -1.2316 -0.2744 0.1575, -1.2031 -0.323 0.0591, -1.2024 -0.3226 0.1575, -1.1947 -0.3355 0.1575, -1.1431 -0.4 0.0591, -1.1507 -0.3916 0.1575, -1.0714 -0.466 0.0591, -1.1003 -0.442 0.1575, -1.1427 -0.3996 0.1575, -0.9897 -0.5194 0.0591, -1.0441 -0.486 0.1575, -1.0707 -0.4652 0.1575, -0.9002 -0.5578 0.1575, -0.9181 -0.5522 0.1575, -0.9004 -0.5586 0.0591, -0.9831 -0.5229 0.1575, -0.9895 -0.519 0.1575, -0.85 -0.5734 0.1575, -0.8059 -0.5825 0.0591, -0.8057 -0.5815 0.1575, -0.7798 -0.5862 0.1575, -0.7087 0.5512 0.7874, -0.7087 0.5512 0.1969, -0.7751 0.5472 0.7874, -0.7751 0.5472 0.1969, -0.8042 0.5418 0.7874, -0.8042 0.5418 0.1969, -0.8406 0.5352 0.7874, -0.8406 0.5352 0.1969, -0.8971 0.5176 0.7874, -0.8971 0.5176 0.1969, -0.9041 0.5154 0.7874, -0.9041 0.5154 0.1969, -0.9648 0.488 0.7874, -0.9648 0.488 0.1969, -0.9838 0.4766 0.7874, -0.9838 0.4766 0.1969, -1.0218 0.4536 0.7874, -1.0218 0.4536 0.1969, -1.0625 0.4217 0.7874, -1.0625 0.4217 0.1969, -1.0742 0.4126 0.7874, -1.0742 0.4126 0.1969, -1.1212 0.3655 0.7874, -1.1212 0.3655 0.1969, -1.1303 0.3539 0.7874, -1.1303 0.3539 0.1969, -1.1623 0.3131 0.7874, -1.1623 0.3131 0.1969, -1.1852 0.2751 0.7874, -1.1852 0.2751 0.1969, -1.1967 0.2561 0.7874, -1.1967 0.2561 0.1969, -1.224 0.1955 0.7874, -1.224 0.1955 0.1969, -1.2262 0.1884 0.7874, -1.2262 0.1884 0.1969, -1.2438 0.1319 0.7874, -1.2438 0.1319 0.1969, -1.2505 0.0955 0.7874, -1.2505 0.0955 0.1969, -1.2558 0.0664 0.7874, -1.2558 0.0664 0.1969, -1.2598 -0.0 0.7874, -1.2598 -0.0 0.1969, -1.2558 -0.0664 0.7874, -1.2558 -0.0664 0.1969, -1.2505 -0.0955 0.7874, -1.2505 -0.0955 0.1969, -1.2438 -0.1319 0.7874, -1.2438 -0.1319 0.1969, -1.2262 -0.1884 0.7874, -1.2262 -0.1884 0.1969, -1.224 -0.1955 0.7874, -1.224 -0.1955 0.1969, -1.1967 -0.2561 0.7874, -1.1967 -0.2561 0.1969, -1.1852 -0.2751 0.7874, -1.1852 -0.2751 0.1969, -1.1623 -0.3131 0.7874, -1.1623 -0.3131 0.1969, -1.1303 -0.3539 0.7874, -1.1303 -0.3539 0.1969, -1.1212 -0.3655 0.7874, -1.1212 -0.3655 0.1969, -1.0742 -0.4126 0.7874, -1.0742 -0.4126 0.1969, -1.0625 -0.4217 0.7874, -1.0625 -0.4217 0.1969, -1.0218 -0.4536 0.7874, -1.0218 -0.4536 0.1969, -0.9838 -0.4766 0.7874, -0.9838 -0.4766 0.1969, -0.9648 -0.488 0.7874, -0.9648 -0.488 0.1969, -0.9041 -0.5154 0.7874, -0.9041 -0.5154 0.1969, -0.8971 -0.5176 0.7874, -0.8971 -0.5176 0.1969, -0.8406 -0.5352 0.7874, -0.8406 -0.5352 0.1969, -0.8042 -0.5418 0.7874, -0.8042 -0.5418 0.1969, -0.7751 -0.5472 0.7874, -0.7751 -0.5472 0.1969, -0.7087 -0.5512 0.7874, -0.7087 -0.5512 0.1969, 0.7087 -0.5512 0.1969, 0.7087 -0.5512 0.7874, 0.7751 -0.5472 0.7874, 0.7751 -0.5472 0.1969, 0.8042 -0.5418 0.7874, 0.8042 -0.5418 0.1969, 0.8406 -0.5352 0.7874, 0.8406 -0.5352 0.1969, 0.8971 -0.5176 0.7874, 0.8971 -0.5176 0.1969, 0.9041 -0.5154 0.7874, 0.9041 -0.5154 0.1969, 0.9648 -0.488 0.7874, 0.9648 -0.488 0.1969, 0.9838 -0.4766 0.7874, 0.9838 -0.4766 0.1969, 1.0218 -0.4536 0.7874, 1.0218 -0.4536 0.1969, 1.0625 -0.4217 0.7874, 1.0625 -0.4217 0.1969, 1.0742 -0.4126 0.7874, 1.0742 -0.4126 0.1969, 1.1212 -0.3655 0.7874, 1.1212 -0.3655 0.1969, 1.1303 -0.3539 0.7874, 1.1303 -0.3539 0.1969, 1.1623 -0.3131 0.7874, 1.1623 -0.3131 0.1969, 1.1852 -0.2751 0.7874, 1.1852 -0.2751 0.1969, 1.1967 -0.2561 0.7874, 1.1967 -0.2561 0.1969, 1.224 -0.1955 0.7874, 1.224 -0.1955 0.1969, 1.2262 -0.1884 0.7874, 1.2262 -0.1884 0.1969, 1.2438 -0.1319 0.7874, 1.2438 -0.1319 0.1969, 1.2505 -0.0955 0.7874, 1.2505 -0.0955 0.1969, 1.2558 -0.0664 0.7874, 1.2558 -0.0664 0.1969, 1.2598 0.0 0.7874, 1.2598 0.0 0.1969, 1.2558 0.0664 0.7874, 1.2558 0.0664 0.1969, 1.2505 0.0955 0.7874, 1.2505 0.0955 0.1969, 1.2438 0.1319 0.7874, 1.2438 0.1319 0.1969, 1.2262 0.1884 0.7874, 1.2262 0.1884 0.1969, 1.224 0.1955 0.7874, 1.224 0.1955 0.1969, 1.1967 0.2561 0.7874, 1.1967 0.2561 0.1969, 1.1852 0.2751 0.7874, 1.1852 0.2751 0.1969, 1.1623 0.3131 0.7874, 1.1623 0.3131 0.1969, 1.1303 0.3539 0.7874, 1.1303 0.3539 0.1969, 1.1212 0.3655 0.7874, 1.1212 0.3655 0.1969, 1.0742 0.4126 0.7874, 1.0742 0.4126 0.1969, 1.0625 0.4217 0.7874, 1.0625 0.4217 0.1969, 1.0218 0.4536 0.7874, 1.0218 0.4536 0.1969, 0.9838 0.4766 0.7874, 0.9838 0.4766 0.1969, 0.9648 0.488 0.7874, 0.9648 0.488 0.1969, 0.9041 0.5154 0.7874, 0.9041 0.5154 0.1969, 0.8971 0.5176 0.7874, 0.8971 0.5176 0.1969, 0.8406 0.5352 0.7874, 0.8406 0.5352 0.1969, 0.8042 0.5418 0.7874, 0.8042 0.5418 0.1969, 0.7751 0.5472 0.7874, 0.7751 0.5472 0.1969, 0.7087 0.5512 0.7874, 0.7087 0.5512 0.1969, -0.7087 -0.4724 0.8661, 0.7087 -0.4724 0.8661, 0.7087 0.4724 0.8661, 0.7656 0.469 0.8661, 1.0623 -0.3133 0.8661, 1.0975 -0.2684 0.8661, -1.127 0.2196 0.8661, -1.1504 0.1675 0.8661, 0.8217 -0.4587 0.8661, 0.8762 -0.4417 0.8661, 0.9282 -0.4183 0.8661, 1.127 -0.2196 0.8661, 1.1504 -0.1675 0.8661, 1.1674 -0.1131 0.8661, -1.0975 0.2684 0.8661, -1.1674 0.1131 0.8661, -1.1777 0.0569 0.8661, -1.1811 0.0 0.8661, -1.1504 -0.1675 0.8661, -1.127 -0.2196 0.8661, -1.0975 -0.2684 0.8661, 0.7656 -0.469 0.8661, 1.1777 -0.0569 0.8661, 1.1811 0.0 0.8661, 1.1777 0.0569 0.8661, 1.1674 0.1131 0.8661, 1.1504 0.1675 0.8661, 1.127 0.2196 0.8661, -0.7087 0.4724 0.8661, -0.7656 0.469 0.8661, -0.8217 0.4587 0.8661, -1.1777 -0.0569 0.8661, -1.1674 -0.1131 0.8661, -0.977 -0.3888 0.8661, -0.9282 -0.4183 0.8661, -1.0219 -0.3536 0.8661, -0.8762 -0.4417 0.8661, -0.8217 -0.4587 0.8661, 0.977 -0.3888 0.8661, 1.0219 -0.3536 0.8661, 1.0975 0.2684 0.8661, 1.0623 0.3133 0.8661, 1.0219 0.3536 0.8661, 0.977 0.3888 0.8661, 0.9282 0.4183 0.8661, 0.8217 0.4587 0.8661, 0.8762 0.4417 0.8661, -0.8762 0.4417 0.8661, -0.9282 0.4183 0.8661, -0.977 0.3888 0.8661, -1.0623 -0.3133 0.8661, -0.7656 -0.469 0.8661, -1.0219 0.3536 0.8661, -1.0623 0.3133 0.8661, -0.8399 0.5326 0.8078, -0.9032 0.5129 0.8078, -1.0202 0.4514 0.8078, -1.1601 0.3116 0.8078, -1.2412 0.1313 0.8078, -1.2412 -0.1313 0.8078, -1.2215 -0.1945 0.8078, -1.1601 -0.3116 0.8078, -1.0202 -0.4514 0.8078, -0.8399 -0.5326 0.8078, -0.7681 -0.4892 0.8635, -0.8266 -0.4785 0.8635, -0.7704 -0.5081 0.8556, -0.8311 -0.4969 0.8556, -0.7723 -0.5243 0.8431, -0.835 -0.5128 0.8431, -0.7738 -0.5367 0.8268, -0.838 -0.5249 0.8268, -0.7748 -0.5445 0.8078, -0.9377 -0.4364 0.8635, -0.9886 -0.4056 0.8635, -0.9465 -0.4532 0.8556, -0.9994 -0.4212 0.8556, -0.9541 -0.4676 0.8431, -1.0087 -0.4346 0.8431, -0.9599 -0.4787 0.8268, -1.0158 -0.4449 0.8268, -0.9636 -0.4857 0.8078, -1.0775 -0.3268 0.8635, -1.1142 -0.28 0.8635, -1.0918 -0.3394 0.8556, -1.1299 -0.2907 0.8556, -1.104 -0.3502 0.8431, -1.1433 -0.3 0.8431, -1.1133 -0.3585 0.8268, -1.1536 -0.3071 0.8268, -1.1192 -0.3637 0.8078, -1.1979 0.0594 0.8635, -1.1872 0.1179 0.8635, -1.2167 0.0617 0.8556, -1.2056 0.1225 0.8556, -1.2329 0.0637 0.8431, -1.2214 0.1264 0.8431, -1.2454 0.0652 0.8268, -1.2336 0.1294 0.8268, -1.2532 0.0661 0.8078, -1.145 0.229 0.8635, -1.1142 0.28 0.8635, -1.1618 0.2379 0.8556, -1.1299 0.2907 0.8556, -1.1763 0.2454 0.8431, -1.1433 0.3 0.8431, -1.1874 0.2512 0.8268, -1.1536 0.3071 0.8268, -1.1943 0.2549 0.8078, -1.0355 0.3689 0.8635, -0.9886 0.4056 0.8635, -1.0481 0.3831 0.8556, -0.9994 0.4212 0.8556, -1.0589 0.3953 0.8431, -1.0087 0.4346 0.8431, -1.0672 0.4047 0.8268, -1.0158 0.4449 0.8268, -1.0724 0.4106 0.8078, -0.7087 -0.4928 0.8635, -0.7087 -0.5118 0.8556, -0.7087 -0.5281 0.8431, -0.7087 -0.5406 0.8268, -0.7087 -0.5485 0.8078, -0.9032 -0.5129 0.8078, -0.9004 -0.5055 0.8268, -0.8959 -0.4938 0.8431, -0.8902 -0.4786 0.8556, -0.8834 -0.4608 0.8635, -1.0724 -0.4106 0.8078, -1.0672 -0.4047 0.8268, -1.0589 -0.3953 0.8431, -1.0481 -0.3831 0.8556, -1.0355 -0.3689 0.8635, -1.1943 -0.2549 0.8078, -1.1874 -0.2512 0.8268, -1.1763 -0.2454 0.8431, -1.1618 -0.2379 0.8556, -1.145 -0.229 0.8635, -1.1695 -0.1748 0.8635, -1.1872 -0.1815 0.8556, -1.2025 -0.1873 0.8431, -1.2142 -0.1917 0.8268, -1.2336 -0.1294 0.8268, -1.2214 -0.1264 0.8431, -1.2056 -0.1225 0.8556, -1.1872 -0.1179 0.8635, -1.2532 -0.0661 0.8078, -1.2454 -0.0652 0.8268, -1.2329 -0.0637 0.8431, -1.2167 -0.0617 0.8556, -1.1979 -0.0594 0.8635, -1.2015 0.0 0.8635, -1.2205 0.0 0.8556, -1.2368 0.0 0.8431, -1.2493 0.0 0.8268, -1.2572 0.0 0.8078, -1.2215 0.1945 0.8078, -1.2142 0.1917 0.8268, -1.2025 0.1873 0.8431, -1.1872 0.1815 0.8556, -1.1695 0.1748 0.8635, -1.1192 0.3637 0.8078, -1.1133 0.3585 0.8268, -1.104 0.3502 0.8431, -1.0918 0.3394 0.8556, -1.0775 0.3268 0.8635, -0.9636 0.4857 0.8078, -0.9599 0.4787 0.8268, -0.9541 0.4676 0.8431, -0.9465 0.4532 0.8556, -0.9377 0.4364 0.8635, -0.8834 0.4608 0.8635, -0.8902 0.4786 0.8556, -0.8959 0.4938 0.8431, -0.9004 0.5055 0.8268, -0.838 0.5249 0.8268, -0.835 0.5128 0.8431, -0.8311 0.4969 0.8556, -0.8266 0.4785 0.8635, -0.7748 0.5445 0.8078, -0.7738 0.5367 0.8268, -0.7723 0.5243 0.8431, -0.7704 0.5081 0.8556, -0.7681 0.4892 0.8635, -0.7087 0.4928 0.8635, -0.7087 0.5118 0.8556, -0.7087 0.5281 0.8431, -0.7087 0.5406 0.8268, -0.7087 0.5485 0.8078, 0.7087 -0.4928 0.8635, 0.7087 -0.5118 0.8556, 0.7087 -0.5281 0.8431, 0.7087 -0.5406 0.8268, 0.7087 -0.5485 0.8078, 0.7087 0.4928 0.8635, 0.7087 0.5118 0.8556, 0.7087 0.5281 0.8431, 0.7087 0.5406 0.8268, 0.7087 0.5485 0.8078, 0.8399 -0.5326 0.8078, 0.9032 -0.5129 0.8078, 1.0202 -0.4514 0.8078, 1.1601 -0.3116 0.8078, 1.2412 -0.1313 0.8078, 1.2412 0.1313 0.8078, 1.2215 0.1945 0.8078, 1.1601 0.3116 0.8078, 1.0202 0.4514 0.8078, 0.8399 0.5326 0.8078, 0.7681 0.4892 0.8635, 0.8266 0.4785 0.8635, 0.7704 0.5081 0.8556, 0.8311 0.4969 0.8556, 0.7723 0.5243 0.8431, 0.835 0.5128 0.8431, 0.7738 0.5367 0.8268, 0.838 0.5249 0.8268, 0.7748 0.5445 0.8078, 0.9377 0.4364 0.8635, 0.9886 0.4056 0.8635, 0.9465 0.4532 0.8556, 0.9994 0.4212 0.8556, 0.9541 0.4676 0.8431, 1.0087 0.4346 0.8431, 0.9599 0.4787 0.8268, 1.0158 0.4449 0.8268, 0.9636 0.4857 0.8078, 1.0775 0.3268 0.8635, 1.1142 0.28 0.8635, 1.0918 0.3394 0.8556, 1.1299 0.2907 0.8556, 1.104 0.3502 0.8431, 1.1433 0.3 0.8431, 1.1133 0.3585 0.8268, 1.1536 0.3071 0.8268, 1.1192 0.3637 0.8078, 1.1979 -0.0594 0.8635, 1.1872 -0.1179 0.8635, 1.2167 -0.0617 0.8556, 1.2056 -0.1225 0.8556, 1.2329 -0.0637 0.8431, 1.2214 -0.1264 0.8431, 1.2454 -0.0652 0.8268, 1.2336 -0.1294 0.8268, 1.2532 -0.0661 0.8078, 1.145 -0.229 0.8635, 1.1142 -0.28 0.8635, 1.1618 -0.2379 0.8556, 1.1299 -0.2907 0.8556, 1.1763 -0.2454 0.8431, 1.1433 -0.3 0.8431, 1.1874 -0.2512 0.8268, 1.1536 -0.3071 0.8268, 1.1943 -0.2549 0.8078, 1.0355 -0.3689 0.8635, 0.9886 -0.4056 0.8635, 1.0481 -0.3831 0.8556, 0.9994 -0.4212 0.8556, 1.0589 -0.3953 0.8431, 1.0087 -0.4346 0.8431, 1.0672 -0.4047 0.8268, 1.0158 -0.4449 0.8268, 1.0724 -0.4106 0.8078, 0.9032 0.5129 0.8078, 0.9004 0.5055 0.8268, 0.8959 0.4938 0.8431, 0.8902 0.4786 0.8556, 0.8834 0.4608 0.8635, 1.0724 0.4106 0.8078, 1.0672 0.4047 0.8268, 1.0589 0.3953 0.8431, 1.0481 0.3831 0.8556, 1.0355 0.3689 0.8635, 1.1943 0.2549 0.8078, 1.1874 0.2512 0.8268, 1.1763 0.2454 0.8431, 1.1618 0.2379 0.8556, 1.145 0.229 0.8635, 1.1695 0.1748 0.8635, 1.1872 0.1815 0.8556, 1.2025 0.1873 0.8431, 1.2142 0.1917 0.8268, 1.2336 0.1294 0.8268, 1.2214 0.1264 0.8431, 1.2056 0.1225 0.8556, 1.1872 0.1179 0.8635, 1.2532 0.0661 0.8078, 1.2454 0.0652 0.8268, 1.2329 0.0637 0.8431, 1.2167 0.0617 0.8556, 1.1979 0.0594 0.8635, 1.2015 -0.0 0.8635, 1.2205 -0.0 0.8556, 1.2368 -0.0 0.8431, 1.2493 -0.0 0.8268, 1.2572 -0.0 0.8078, 1.2215 -0.1945 0.8078, 1.2142 -0.1917 0.8268, 1.2025 -0.1873 0.8431, 1.1872 -0.1815 0.8556, 1.1695 -0.1748 0.8635, 1.1192 -0.3637 0.8078, 1.1133 -0.3585 0.8268, 1.104 -0.3502 0.8431, 1.0918 -0.3394 0.8556, 1.0775 -0.3268 0.8635, 0.9636 -0.4857 0.8078, 0.9599 -0.4787 0.8268, 0.9541 -0.4676 0.8431, 0.9465 -0.4532 0.8556, 0.9377 -0.4364 0.8635, 0.8834 -0.4608 0.8635, 0.8902 -0.4786 0.8556, 0.8959 -0.4938 0.8431, 0.9004 -0.5055 0.8268, 0.838 -0.5249 0.8268, 0.835 -0.5128 0.8431, 0.8311 -0.4969 0.8556, 0.8266 -0.4785 0.8635, 0.7748 -0.5445 0.8078, 0.7738 -0.5367 0.8268, 0.7723 -0.5243 0.8431, 0.7704 -0.5081 0.8556, 0.7681 -0.4892 0.8635, -0.7087 -0.5709 0.1772, 0.7087 -0.5709 0.1772, -0.7087 -0.5658 0.1778, 0.7087 -0.5658 0.1778, -0.7087 -0.561 0.1798, 0.7087 -0.561 0.1798, -0.7087 -0.5569 0.1829, 0.7087 -0.5569 0.1829, -0.7087 -0.5538 0.187, 0.7087 -0.5538 0.187, -0.7087 -0.5519 0.1918, 0.7087 -0.5519 0.1918, 0.7752 0.5478 0.1918, 0.7087 0.5519 0.1918, 0.8407 0.5358 0.1918, 0.9044 0.516 0.1918, 0.9651 0.4886 0.1918, 1.0221 0.4542 0.1918, 1.0746 0.4131 0.1918, 1.1217 0.3659 0.1918, 1.1628 0.3135 0.1918, 1.1973 0.2565 0.1918, 1.2247 0.1957 0.1918, 1.2445 0.1321 0.1918, 1.2565 0.0665 0.1918, 1.2605 -0.0 0.1918, 1.2565 -0.0665 0.1918, 1.2445 -0.1321 0.1918, 1.2247 -0.1957 0.1918, 1.1973 -0.2565 0.1918, 1.1628 -0.3135 0.1918, 1.1217 -0.3659 0.1918, 1.0746 -0.4131 0.1918, 1.0221 -0.4542 0.1918, 0.9651 -0.4886 0.1918, 0.9044 -0.516 0.1918, 0.8407 -0.5358 0.1918, 0.7752 -0.5478 0.1918, 0.7754 -0.5498 0.187, 0.8412 -0.5377 0.187, 0.905 -0.5178 0.187, 0.966 -0.4904 0.187, 1.0233 -0.4558 0.187, 1.0759 -0.4145 0.187, 1.1232 -0.3672 0.187, 1.1644 -0.3146 0.187, 1.199 -0.2574 0.187, 1.2265 -0.1964 0.187, 1.2464 -0.1325 0.187, 1.2584 -0.0668 0.187, 1.2625 -0.0 0.187, 1.2584 0.0668 0.187, 1.2464 0.1325 0.187, 1.2265 0.1964 0.187, 1.199 0.2574 0.187, 1.1644 0.3146 0.187, 1.1232 0.3672 0.187, 1.0759 0.4145 0.187, 1.0233 0.4558 0.187, 0.966 0.4904 0.187, 0.905 0.5178 0.187, 0.8412 0.5377 0.187, 0.7754 0.5498 0.187, 0.7087 0.5538 0.187, 0.7758 -0.5529 0.1829, 0.8419 -0.5408 0.1829, 0.9062 -0.5208 0.1829, 0.9675 -0.4932 0.1829, 1.025 -0.4584 0.1829, 1.078 -0.4169 0.1829, 1.1255 -0.3693 0.1829, 1.167 -0.3164 0.1829, 1.2018 -0.2588 0.1829, 1.2294 -0.1975 0.1829, 1.2494 -0.1333 0.1829, 1.2615 -0.0671 0.1829, 1.2656 -0.0 0.1829, 1.2615 0.0671 0.1829, 1.2494 0.1333 0.1829, 1.2294 0.1975 0.1829, 1.2018 0.2588 0.1829, 1.167 0.3164 0.1829, 1.1255 0.3693 0.1829, 1.078 0.4169 0.1829, 1.025 0.4584 0.1829, 0.9675 0.4932 0.1829, 0.9062 0.5208 0.1829, 0.8419 0.5408 0.1829, 0.7758 0.5529 0.1829, 0.7087 0.5569 0.1829, 0.7763 -0.5569 0.1798, 0.8429 -0.5447 0.1798, 0.9076 -0.5246 0.1798, 0.9694 -0.4968 0.1798, 1.0274 -0.4617 0.1798, 1.0807 -0.4199 0.1798, 1.1286 -0.372 0.1798, 1.1704 -0.3187 0.1798, 1.2054 -0.2607 0.1798, 1.2332 -0.1989 0.1798, 1.2534 -0.1343 0.1798, 1.2656 -0.0676 0.1798, 1.2697 -0.0 0.1798, 1.2656 0.0676 0.1798, 1.2534 0.1343 0.1798, 1.2332 0.1989 0.1798, 1.2054 0.2607 0.1798, 1.1704 0.3187 0.1798, 1.1286 0.372 0.1798, 1.0807 0.4199 0.1798, 1.0274 0.4617 0.1798, 0.9694 0.4968 0.1798, 0.9076 0.5246 0.1798, 0.8429 0.5447 0.1798, 0.7763 0.5569 0.1798, 0.7087 0.561 0.1798, 0.7769 -0.5616 0.1778, 0.8441 -0.5493 0.1778, 0.9093 -0.529 0.1778, 0.9716 -0.501 0.1778, 1.0301 -0.4656 0.1778, 1.0838 -0.4235 0.1778, 1.1321 -0.3752 0.1778, 1.1743 -0.3214 0.1778, 1.2096 -0.2629 0.1778, 1.2377 -0.2006 0.1778, 1.258 -0.1354 0.1778, 1.2703 -0.0682 0.1778, 1.2744 -0.0 0.1778, 1.2703 0.0682 0.1778, 1.258 0.1354 0.1778, 1.2377 0.2006 0.1778, 1.2096 0.2629 0.1778, 1.1743 0.3214 0.1778, 1.1321 0.3752 0.1778, 1.0838 0.4235 0.1778, 1.0301 0.4656 0.1778, 0.9716 0.501 0.1778, 0.9093 0.529 0.1778, 0.8441 0.5493 0.1778, 0.7769 0.5616 0.1778, 0.7087 0.5658 0.1778, 0.7775 -0.5667 0.1772, 0.8453 -0.5543 0.1772, 0.9111 -0.5338 0.1772, 0.974 -0.5055 0.1772, 1.033 -0.4698 0.1772, 1.0872 -0.4273 0.1772, 1.136 -0.3786 0.1772, 1.1785 -0.3243 0.1772, 1.2141 -0.2653 0.1772, 1.2424 -0.2024 0.1772, 1.2629 -0.1366 0.1772, 1.2754 -0.0688 0.1772, 1.2795 -0.0 0.1772, 1.2754 0.0688 0.1772, 1.2629 0.1366 0.1772, 1.2424 0.2024 0.1772, 1.2141 0.2653 0.1772, 1.1785 0.3243 0.1772, 1.136 0.3786 0.1772, 1.0872 0.4273 0.1772, 1.033 0.4698 0.1772, 0.974 0.5055 0.1772, 0.9111 0.5338 0.1772, 0.8453 0.5543 0.1772, 0.7775 0.5667 0.1772, 0.7087 0.5709 0.1772, -0.7752 -0.5478 0.1918, -0.8407 -0.5358 0.1918, -0.9044 -0.516 0.1918, -0.9651 -0.4886 0.1918, -1.0221 -0.4542 0.1918, -1.0746 -0.4131 0.1918, -1.1217 -0.3659 0.1918, -1.1628 -0.3135 0.1918, -1.1973 -0.2565 0.1918, -1.2247 -0.1957 0.1918, -1.2445 -0.1321 0.1918, -1.2565 -0.0665 0.1918, -1.2605 0.0 0.1918, -1.2565 0.0665 0.1918, -1.2445 0.1321 0.1918, -1.2247 0.1957 0.1918, -1.1973 0.2565 0.1918, -1.1628 0.3135 0.1918, -1.1217 0.3659 0.1918, -1.0746 0.4131 0.1918, -1.0221 0.4542 0.1918, -0.9651 0.4886 0.1918, -0.9044 0.516 0.1918, -0.8407 0.5358 0.1918, -0.7087 0.5519 0.1918, -0.7752 0.5478 0.1918, -0.7087 0.5538 0.187, -0.7754 0.5498 0.187, -0.8412 0.5377 0.187, -0.905 0.5178 0.187, -0.966 0.4904 0.187, -1.0233 0.4558 0.187, -1.0759 0.4145 0.187, -1.1232 0.3672 0.187, -1.1644 0.3146 0.187, -1.199 0.2574 0.187, -1.2265 0.1964 0.187, -1.2464 0.1325 0.187, -1.2584 0.0668 0.187, -1.2625 0.0 0.187, -1.2584 -0.0668 0.187, -1.2464 -0.1325 0.187, -1.2265 -0.1964 0.187, -1.199 -0.2574 0.187, -1.1644 -0.3146 0.187, -1.1232 -0.3672 0.187, -1.0759 -0.4145 0.187, -1.0233 -0.4558 0.187, -0.966 -0.4904 0.187, -0.905 -0.5178 0.187, -0.8412 -0.5377 0.187, -0.7754 -0.5498 0.187, -0.7087 0.5569 0.1829, -0.7758 0.5529 0.1829, -0.8419 0.5408 0.1829, -0.9062 0.5208 0.1829, -0.9675 0.4932 0.1829, -1.025 0.4584 0.1829, -1.078 0.4169 0.1829, -1.1255 0.3693 0.1829, -1.167 0.3164 0.1829, -1.2018 0.2588 0.1829, -1.2294 0.1975 0.1829, -1.2494 0.1333 0.1829, -1.2615 0.0671 0.1829, -1.2656 0.0 0.1829, -1.2615 -0.0671 0.1829, -1.2494 -0.1333 0.1829, -1.2294 -0.1975 0.1829, -1.2018 -0.2588 0.1829, -1.167 -0.3164 0.1829, -1.1255 -0.3693 0.1829, -1.078 -0.4169 0.1829, -1.025 -0.4584 0.1829, -0.9675 -0.4932 0.1829, -0.9062 -0.5208 0.1829, -0.8419 -0.5408 0.1829, -0.7758 -0.5529 0.1829, -0.7087 0.561 0.1798, -0.7763 0.5569 0.1798, -0.8429 0.5447 0.1798, -0.9076 0.5246 0.1798, -0.9694 0.4968 0.1798, -1.0274 0.4617 0.1798, -1.0807 0.4199 0.1798, -1.1286 0.372 0.1798, -1.1704 0.3187 0.1798, -1.2054 0.2607 0.1798, -1.2332 0.1989 0.1798, -1.2534 0.1343 0.1798, -1.2656 0.0676 0.1798, -1.2697 0.0 0.1798, -1.2656 -0.0676 0.1798, -1.2534 -0.1343 0.1798, -1.2332 -0.1989 0.1798, -1.2054 -0.2607 0.1798, -1.1704 -0.3187 0.1798, -1.1286 -0.372 0.1798, -1.0807 -0.4199 0.1798, -1.0274 -0.4617 0.1798, -0.9694 -0.4968 0.1798, -0.9076 -0.5246 0.1798, -0.8429 -0.5447 0.1798, -0.7763 -0.5569 0.1798, -0.7087 0.5658 0.1778, -0.7769 0.5616 0.1778, -0.8441 0.5493 0.1778, -0.9093 0.529 0.1778, -0.9716 0.501 0.1778, -1.0301 0.4656 0.1778, -1.0838 0.4235 0.1778, -1.1321 0.3752 0.1778, -1.1743 0.3214 0.1778, -1.2096 0.2629 0.1778, -1.2377 0.2006 0.1778, -1.258 0.1354 0.1778, -1.2703 0.0682 0.1778, -1.2744 0.0 0.1778, -1.2703 -0.0682 0.1778, -1.258 -0.1354 0.1778, -1.2377 -0.2006 0.1778, -1.2096 -0.2629 0.1778, -1.1743 -0.3214 0.1778, -1.1321 -0.3752 0.1778, -1.0838 -0.4235 0.1778, -1.0301 -0.4656 0.1778, -0.9716 -0.501 0.1778, -0.9093 -0.529 0.1778, -0.8441 -0.5493 0.1778, -0.7769 -0.5616 0.1778, -0.7087 0.5709 0.1772, -0.7775 0.5667 0.1772, -0.8453 0.5543 0.1772, -0.9111 0.5338 0.1772, -0.974 0.5055 0.1772, -1.033 0.4698 0.1772, -1.0872 0.4273 0.1772, -1.136 0.3786 0.1772, -1.1785 0.3243 0.1772, -1.2141 0.2653 0.1772, -1.2424 0.2024 0.1772, -1.2629 0.1366 0.1772, -1.2754 0.0688 0.1772, -1.2795 0.0 0.1772, -1.2754 -0.0688 0.1772, -1.2629 -0.1366 0.1772, -1.2424 -0.2024 0.1772, -1.2141 -0.2653 0.1772, -1.1785 -0.3243 0.1772, -1.136 -0.3786 0.1772, -1.0872 -0.4273 0.1772, -1.033 -0.4698 0.1772, -0.974 -0.5055 0.1772, -0.9111 -0.5338 0.1772, -0.8453 -0.5543 0.1772, -0.7775 -0.5667 0.1772, 0.7087 -0.5752 0.1767, -0.7087 -0.5752 0.1767, 0.7087 -0.5759 0.1764, -0.7087 -0.5759 0.1764, 0.7087 -0.5794 0.1752, -0.7087 -0.5794 0.1752, 0.7087 -0.5806 0.1744, -0.7087 -0.5806 0.1744, 0.7087 -0.5831 0.1729, -0.7087 -0.5831 0.1729, 0.7087 -0.5847 0.1713, -0.7087 -0.5847 0.1713, 0.7087 -0.5863 0.1698, -0.7087 -0.5863 0.1698, 0.7087 -0.5878 0.1673, -0.7087 -0.5878 0.1673, 0.7087 -0.5886 0.166, -0.7087 -0.5886 0.166, 0.7087 -0.5898 0.1626, -0.7087 -0.5898 0.1626, 0.7087 -0.5901 0.1619, -0.7087 -0.5901 0.1619, 0.8499 -0.5729 0.1619, 0.9179 -0.5517 0.1619, 1.0439 -0.4856 0.1619, 1.0999 -0.4417 0.1619, 1.2311 -0.2742 0.1619, 1.2604 -0.2092 0.1619, 1.2987 -0.0 0.1619, 1.2944 0.0711 0.1619, 1.2604 0.2092 0.1619, 1.2311 0.2742 0.1619, 1.1943 0.3352 0.1619, 1.0999 0.4417 0.1619, 1.0439 0.4856 0.1619, 0.8499 0.5729 0.1619, 0.7798 0.5858 0.1619, 0.778 -0.5711 0.1767, 0.7087 0.5752 0.1767, 0.778 0.5711 0.1767, 0.7087 0.5759 0.1764, 0.7785 0.5752 0.1752, 0.7785 -0.5752 0.1752, 0.779 0.5789 0.1729, 0.7087 0.5806 0.1744, 0.7087 0.5794 0.1752, 0.779 -0.5789 0.1729, 0.7793 0.582 0.1698, 0.7087 0.5847 0.1713, 0.7087 0.5831 0.1729, 0.7793 -0.582 0.1698, 0.7796 0.5843 0.166, 0.7087 0.5878 0.1673, 0.7087 0.5863 0.1698, 0.7796 -0.5843 0.166, 0.7087 0.5898 0.1626, 0.7087 0.5886 0.166, 0.976 0.5094 0.1767, 1.0354 0.4734 0.1767, 0.9779 0.513 0.1752, 1.0378 0.4768 0.1752, 0.9797 0.5163 0.1729, 1.0399 0.4799 0.1729, 0.9811 0.5191 0.1698, 1.0417 0.4825 0.1698, 0.9822 0.5212 0.166, 1.043 0.4844 0.166, 0.9829 0.5225 0.1619, 1.2672 -0.1377 0.1767, 1.2465 -0.204 0.1767, 1.2712 -0.1387 0.1752, 1.2504 -0.2055 0.1752, 1.2749 -0.1396 0.1729, 1.2539 -0.2068 0.1729, 1.2779 -0.1403 0.1698, 1.2568 -0.2079 0.1698, 1.2802 -0.1409 0.166, 1.259 -0.2087 0.166, 1.2816 -0.1412 0.1619, 1.1392 -0.3815 0.1767, 1.0901 -0.4306 0.1767, 1.1424 -0.3842 0.1752, 1.0929 -0.4337 0.1752, 1.1451 -0.3867 0.1729, 1.0954 -0.4365 0.1729, 1.1475 -0.3888 0.1698, 1.0974 -0.4388 0.1698, 1.1492 -0.3903 0.166, 1.099 -0.4406 0.166, 1.1503 -0.3913 0.1619, 0.7087 0.5901 0.1619, 0.8463 0.5585 0.1767, 0.8473 0.5626 0.1752, 0.8482 0.5662 0.1729, 0.849 0.5692 0.1698, 0.8495 0.5715 0.166, 0.9179 0.5517 0.1619, 0.9174 0.5504 0.166, 0.9166 0.5482 0.1698, 0.9154 0.5452 0.1729, 0.9141 0.5418 0.1752, 0.9126 0.5379 0.1767, 1.0901 0.4306 0.1767, 1.0929 0.4337 0.1752, 1.0954 0.4365 0.1729, 1.0974 0.4388 0.1698, 1.099 0.4406 0.166, 1.1503 0.3913 0.1619, 1.1492 0.3903 0.166, 1.1475 0.3888 0.1698, 1.1451 0.3867 0.1729, 1.1424 0.3842 0.1752, 1.1392 0.3815 0.1767, 1.1821 0.3268 0.1767, 1.1855 0.3291 0.1752, 1.1886 0.3313 0.1729, 1.1911 0.333 0.1698, 1.1931 0.3344 0.166, 1.218 0.2673 0.1767, 1.2217 0.2693 0.1752, 1.225 0.271 0.1729, 1.2278 0.2724 0.1698, 1.2298 0.2735 0.166, 1.259 0.2087 0.166, 1.2568 0.2079 0.1698, 1.2539 0.2068 0.1729, 1.2504 0.2055 0.1752, 1.2465 0.204 0.1767, 1.2816 0.1412 0.1619, 1.2802 0.1409 0.166, 1.2779 0.1403 0.1698, 1.2749 0.1396 0.1729, 1.2712 0.1387 0.1752, 1.2672 0.1377 0.1767, 1.2797 0.0693 0.1767, 1.2838 0.0698 0.1752, 1.2875 0.0703 0.1729, 1.2906 0.0707 0.1698, 1.293 0.0709 0.166, 1.2839 -0.0 0.1767, 1.2881 -0.0 0.1752, 1.2918 -0.0 0.1729, 1.2949 -0.0 0.1698, 1.2973 -0.0 0.166, 1.2944 -0.0711 0.1619, 1.293 -0.0709 0.166, 1.2906 -0.0707 0.1698, 1.2875 -0.0703 0.1729, 1.2838 -0.0698 0.1752, 1.2797 -0.0693 0.1767, 1.218 -0.2673 0.1767, 1.2217 -0.2693 0.1752, 1.225 -0.271 0.1729, 1.2278 -0.2724 0.1698, 1.2298 -0.2735 0.166, 1.1943 -0.3352 0.1619, 1.1931 -0.3344 0.166, 1.1911 -0.333 0.1698, 1.1886 -0.3313 0.1729, 1.1855 -0.3291 0.1752, 1.1821 -0.3268 0.1767, 1.043 -0.4844 0.166, 1.0417 -0.4825 0.1698, 1.0399 -0.4799 0.1729, 1.0378 -0.4768 0.1752, 1.0354 -0.4734 0.1767, 0.9829 -0.5225 0.1619, 0.9822 -0.5212 0.166, 0.9811 -0.5191 0.1698, 0.9797 -0.5163 0.1729, 0.9779 -0.513 0.1752, 0.976 -0.5094 0.1767, 0.9126 -0.5379 0.1767, 0.9141 -0.5418 0.1752, 0.9154 -0.5452 0.1729, 0.9166 -0.5482 0.1698, 0.9174 -0.5504 0.166, 0.8463 -0.5585 0.1767, 0.8473 -0.5626 0.1752, 0.8482 -0.5662 0.1729, 0.849 -0.5692 0.1698, 0.8495 -0.5715 0.166, 0.7798 -0.5858 0.1619, -0.8499 0.5729 0.1619, -0.9179 0.5517 0.1619, -1.0439 0.4856 0.1619, -1.0999 0.4417 0.1619, -1.2311 0.2742 0.1619, -1.2604 0.2092 0.1619, -1.2987 0.0 0.1619, -1.2944 -0.0711 0.1619, -1.2604 -0.2092 0.1619, -1.2311 -0.2742 0.1619, -1.1943 -0.3352 0.1619, -1.0999 -0.4417 0.1619, -1.0439 -0.4856 0.1619, -0.8499 -0.5729 0.1619, -0.7798 -0.5858 0.1619, -0.778 0.5711 0.1767, -0.778 -0.5711 0.1767, -0.7785 -0.5752 0.1752, -0.7087 0.5752 0.1767, -0.7087 0.5759 0.1764, -0.7785 0.5752 0.1752, -0.779 -0.5789 0.1729, -0.7087 0.5794 0.1752, -0.7087 0.5806 0.1744, -0.779 0.5789 0.1729, -0.7793 -0.582 0.1698, -0.7087 0.5831 0.1729, -0.7087 0.5847 0.1713, -0.7793 0.582 0.1698, -0.7796 -0.5843 0.166, -0.7087 0.5863 0.1698, -0.7087 0.5878 0.1673, -0.7796 0.5843 0.166, -0.976 -0.5094 0.1767, -1.0354 -0.4734 0.1767, -0.9779 -0.513 0.1752, -1.0378 -0.4768 0.1752, -0.9797 -0.5163 0.1729, -1.0399 -0.4799 0.1729, -0.9811 -0.5191 0.1698, -1.0417 -0.4825 0.1698, -0.9822 -0.5212 0.166, -1.043 -0.4844 0.166, -0.9829 -0.5225 0.1619, -1.2672 0.1377 0.1767, -1.2465 0.204 0.1767, -1.2712 0.1387 0.1752, -1.2504 0.2055 0.1752, -1.2749 0.1396 0.1729, -1.2539 0.2068 0.1729, -1.2779 0.1403 0.1698, -1.2568 0.2079 0.1698, -1.2802 0.1409 0.166, -1.259 0.2087 0.166, -1.2816 0.1412 0.1619, -1.1392 0.3815 0.1767, -1.0901 0.4306 0.1767, -1.1424 0.3842 0.1752, -1.0929 0.4337 0.1752, -1.1451 0.3867 0.1729, -1.0954 0.4365 0.1729, -1.1475 0.3888 0.1698, -1.0974 0.4388 0.1698, -1.1492 0.3903 0.166, -1.099 0.4406 0.166, -1.1503 0.3913 0.1619, -0.8463 -0.5585 0.1767, -0.8473 -0.5626 0.1752, -0.8482 -0.5662 0.1729, -0.849 -0.5692 0.1698, -0.8495 -0.5715 0.166, -0.9179 -0.5517 0.1619, -0.9174 -0.5504 0.166, -0.9166 -0.5482 0.1698, -0.9154 -0.5452 0.1729, -0.9141 -0.5418 0.1752, -0.9126 -0.5379 0.1767, -1.0901 -0.4306 0.1767, -1.0929 -0.4337 0.1752, -1.0954 -0.4365 0.1729, -1.0974 -0.4388 0.1698, -1.099 -0.4406 0.166, -1.1503 -0.3913 0.1619, -1.1492 -0.3903 0.166, -1.1475 -0.3888 0.1698, -1.1451 -0.3867 0.1729, -1.1424 -0.3842 0.1752, -1.1392 -0.3815 0.1767, -1.1821 -0.3268 0.1767, -1.1855 -0.3291 0.1752, -1.1886 -0.3313 0.1729, -1.1911 -0.333 0.1698, -1.1931 -0.3344 0.166, -1.218 -0.2673 0.1767, -1.2217 -0.2693 0.1752, -1.225 -0.271 0.1729, -1.2278 -0.2724 0.1698, -1.2298 -0.2735 0.166, -1.259 -0.2087 0.166, -1.2568 -0.2079 0.1698, -1.2539 -0.2068 0.1729, -1.2504 -0.2055 0.1752, -1.2465 -0.204 0.1767, -1.2816 -0.1412 0.1619, -1.2802 -0.1409 0.166, -1.2779 -0.1403 0.1698, -1.2749 -0.1396 0.1729, -1.2712 -0.1387 0.1752, -1.2672 -0.1377 0.1767, -1.2797 -0.0693 0.1767, -1.2838 -0.0698 0.1752, -1.2875 -0.0703 0.1729, -1.2906 -0.0707 0.1698, -1.293 -0.0709 0.166, -1.2839 0.0 0.1767, -1.2881 0.0 0.1752, -1.2918 0.0 0.1729, -1.2949 0.0 0.1698, -1.2973 0.0 0.166, -1.2944 0.0711 0.1619, -1.293 0.0709 0.166, -1.2906 0.0707 0.1698, -1.2875 0.0703 0.1729, -1.2838 0.0698 0.1752, -1.2797 0.0693 0.1767, -1.218 0.2673 0.1767, -1.2217 0.2693 0.1752, -1.225 0.271 0.1729, -1.2278 0.2724 0.1698, -1.2298 0.2735 0.166, -1.1943 0.3352 0.1619, -1.1931 0.3344 0.166, -1.1911 0.333 0.1698, -1.1886 0.3313 0.1729, -1.1855 0.3291 0.1752, -1.1821 0.3268 0.1767, -1.043 0.4844 0.166, -1.0417 0.4825 0.1698, -1.0399 0.4799 0.1729, -1.0378 0.4768 0.1752, -1.0354 0.4734 0.1767, -0.9829 0.5225 0.1619, -0.9822 0.5212 0.166, -0.9811 0.5191 0.1698, -0.9797 0.5163 0.1729, -0.9779 0.513 0.1752, -0.976 0.5094 0.1767, -0.9126 0.5379 0.1767, -0.9141 0.5418 0.1752, -0.9154 0.5452 0.1729, -0.9166 0.5482 0.1698, -0.9174 0.5504 0.166, -0.8463 0.5585 0.1767, -0.8473 0.5626 0.1752, -0.8482 0.5662 0.1729, -0.849 0.5692 0.1698, -0.8495 0.5715 0.166, -0.7798 0.5858 0.1619, -0.7087 0.5886 0.166, -0.7087 0.5898 0.1626, -0.7087 0.5901 0.1619, -0.7087 0.5901 0.1619
            ]
        }
        coordIndex [
            0,1,2,-1,2,1,3,-1,2,3,4,-1,4,3,5,-1,4,5,6,-1,6,5,7,-1,7,5,8,-1,7,8,9,-1,9,8,10,-1,10,8,11,-1,10,11,12,-1,13,14,11,-1,11,14,15,-1,11,15,12,-1,16,17,13,-1,13,17,18,-1,13,18,14,-1,19,20,21,-1,21,20,22,-1,21,22,16,-1,16,22,23,-1,16,23,17,-1,19,21,24,-1,24,21,25,-1,24,25,26,-1,26,25,27,-1,27,25,28,-1,27,28,29,-1,29,28,30,-1,30,28,31,-1,30,31,32,-1,33,34,31,-1,31,34,35,-1,31,35,32,-1,36,37,38,-1,38,37,39,-1,38,39,33,-1,33,39,40,-1,33,40,34,-1,36,38,41,-1,41,38,42,-1,41,42,43,-1,43,42,44,-1,44,42,45,-1,44,45,46,-1,46,45,47,-1,47,45,48,-1,47,48,49,-1,50,51,48,-1,48,51,52,-1,48,52,49,-1,53,54,50,-1,50,54,55,-1,50,55,51,-1,56,57,58,-1,58,57,59,-1,58,59,53,-1,53,59,60,-1,53,60,54,-1,56,58,61,-1,61,58,62,-1,61,62,63,-1,63,62,64,-1,64,62,65,-1,64,65,66,-1,66,65,67,-1,67,65,68,-1,67,68,69,-1,69,68,70,-1,69,70,71,-1,71,70,72,-1,72,70,73,-1,72,73,74,-1,74,73,75,-1,75,73,76,-1,75,76,77,-1,78,79,76,-1,76,79,80,-1,76,80,77,-1,81,82,78,-1,78,82,83,-1,78,83,79,-1,84,85,86,-1,86,85,87,-1,86,87,81,-1,81,87,88,-1,81,88,82,-1,84,86,89,-1,89,86,90,-1,89,90,91,-1,91,90,92,-1,92,90,93,-1,92,93,94,-1,94,93,95,-1,95,93,96,-1,95,96,97,-1,98,99,96,-1,96,99,100,-1,96,100,97,-1,101,102,103,-1,103,102,104,-1,103,104,98,-1,98,104,105,-1,98,105,99,-1,101,103,106,-1,106,103,107,-1,106,107,108,-1,108,107,109,-1,109,107,110,-1,109,110,111,-1,111,110,112,-1,112,110,113,-1,112,113,114,-1,115,116,113,-1,113,116,117,-1,113,117,114,-1,118,119,115,-1,115,119,120,-1,115,120,116,-1,121,122,123,-1,123,122,124,-1,123,124,118,-1,118,124,125,-1,118,125,119,-1,121,123,126,-1,126,123,127,-1,126,127,128,-1,128,127,129,-1,129,127,1,-1,129,1,0,-1,130,131,132,-1,132,131,133,-1,132,133,134,-1,134,133,135,-1,134,135,136,-1,136,135,137,-1,136,137,138,-1,138,137,139,-1,138,139,140,-1,140,139,141,-1,140,141,142,-1,142,141,143,-1,142,143,144,-1,144,143,145,-1,144,145,146,-1,146,145,147,-1,146,147,148,-1,148,147,149,-1,148,149,150,-1,150,149,151,-1,150,151,152,-1,152,151,153,-1,152,153,154,-1,154,153,155,-1,154,155,156,-1,156,155,157,-1,156,157,158,-1,158,157,159,-1,158,159,160,-1,160,159,161,-1,160,161,162,-1,162,161,163,-1,162,163,164,-1,164,163,165,-1,164,165,166,-1,166,165,167,-1,166,167,168,-1,168,167,169,-1,168,169,170,-1,170,169,171,-1,170,171,172,-1,172,171,173,-1,172,173,174,-1,174,173,175,-1,174,175,176,-1,176,175,177,-1,176,177,178,-1,178,177,179,-1,178,179,180,-1,180,179,181,-1,180,181,182,-1,182,181,183,-1,182,183,184,-1,184,183,185,-1,184,185,186,-1,186,185,187,-1,186,187,188,-1,188,187,189,-1,188,189,190,-1,190,189,191,-1,190,191,192,-1,192,191,193,-1,192,193,194,-1,194,193,195,-1,194,195,196,-1,196,195,197,-1,196,197,198,-1,198,197,199,-1,198,199,200,-1,200,199,201,-1,200,201,202,-1,202,201,203,-1,202,203,204,-1,204,203,205,-1,204,205,206,-1,206,205,207,-1,206,207,208,-1,208,207,209,-1,208,209,210,-1,210,209,211,-1,210,211,212,-1,212,211,213,-1,212,213,214,-1,214,213,215,-1,216,217,215,-1,215,217,214,-1,217,216,218,-1,218,216,219,-1,218,219,220,-1,220,219,221,-1,220,221,222,-1,222,221,223,-1,222,223,224,-1,224,223,225,-1,224,225,226,-1,226,225,227,-1,226,227,228,-1,228,227,229,-1,228,229,230,-1,230,229,231,-1,230,231,232,-1,232,231,233,-1,232,233,234,-1,234,233,235,-1,234,235,236,-1,236,235,237,-1,236,237,238,-1,238,237,239,-1,238,239,240,-1,240,239,241,-1,240,241,242,-1,242,241,243,-1,242,243,244,-1,244,243,245,-1,244,245,246,-1,246,245,247,-1,246,247,248,-1,248,247,249,-1,248,249,250,-1,250,249,251,-1,250,251,252,-1,252,251,253,-1,252,253,254,-1,254,253,255,-1,254,255,256,-1,256,255,257,-1,256,257,258,-1,258,257,259,-1,258,259,260,-1,260,259,261,-1,260,261,262,-1,262,261,263,-1,262,263,264,-1,264,263,265,-1,264,265,266,-1,266,265,267,-1,266,267,268,-1,268,267,269,-1,268,269,270,-1,270,269,271,-1,270,271,272,-1,272,271,273,-1,272,273,274,-1,274,273,275,-1,274,275,276,-1,276,275,277,-1,276,277,278,-1,278,277,279,-1,278,279,280,-1,280,279,281,-1,280,281,282,-1,282,281,283,-1,282,283,284,-1,284,283,285,-1,284,285,286,-1,286,285,287,-1,286,287,288,-1,288,287,289,-1,288,289,290,-1,290,289,291,-1,290,291,292,-1,292,291,293,-1,292,293,294,-1,294,293,295,-1,294,295,296,-1,296,295,297,-1,296,297,298,-1,298,297,299,-1,298,299,300,-1,300,299,301,-1,131,130,301,-1,301,130,300,-1,302,303,304,-1,305,306,307,-1,308,309,302,-1,310,311,305,-1,305,311,312,-1,307,313,305,-1,305,313,314,-1,305,314,315,-1,308,302,316,-1,309,317,302,-1,302,317,318,-1,302,318,319,-1,320,321,302,-1,302,321,322,-1,304,303,305,-1,305,303,323,-1,305,323,310,-1,315,324,305,-1,305,324,325,-1,305,325,326,-1,326,327,305,-1,305,327,328,-1,305,328,329,-1,304,330,302,-1,302,330,331,-1,302,331,332,-1,319,333,302,-1,302,333,334,-1,302,334,320,-1,335,336,337,-1,337,336,338,-1,337,338,339,-1,312,340,305,-1,305,340,341,-1,305,341,306,-1,329,342,305,-1,305,342,343,-1,305,343,344,-1,344,345,305,-1,305,345,346,-1,305,346,347,-1,347,346,348,-1,332,349,302,-1,302,349,350,-1,302,350,351,-1,322,352,302,-1,302,352,337,-1,302,337,353,-1,353,337,339,-1,351,354,302,-1,302,354,355,-1,302,355,316,-1,134,136,356,-1,138,140,357,-1,144,146,358,-1,154,156,359,-1,164,166,360,-1,176,178,361,-1,180,182,362,-1,186,188,363,-1,196,198,364,-1,206,208,365,-1,353,339,366,-1,366,339,367,-1,366,367,368,-1,368,367,369,-1,368,369,370,-1,370,369,371,-1,370,371,372,-1,372,371,373,-1,372,373,374,-1,374,373,365,-1,336,335,375,-1,375,335,376,-1,375,376,377,-1,377,376,378,-1,377,378,379,-1,379,378,380,-1,379,380,381,-1,381,380,382,-1,381,382,383,-1,383,382,364,-1,352,322,384,-1,384,322,385,-1,384,385,386,-1,386,385,387,-1,386,387,388,-1,388,387,389,-1,388,389,390,-1,390,389,391,-1,390,391,392,-1,392,391,363,-1,318,317,393,-1,393,317,394,-1,393,394,395,-1,395,394,396,-1,395,396,397,-1,397,396,398,-1,397,398,399,-1,399,398,400,-1,399,400,401,-1,401,400,360,-1,308,316,402,-1,402,316,403,-1,402,403,404,-1,404,403,405,-1,404,405,406,-1,406,405,407,-1,406,407,408,-1,408,407,409,-1,408,409,410,-1,410,409,359,-1,354,351,411,-1,411,351,412,-1,411,412,413,-1,413,412,414,-1,413,414,415,-1,415,414,416,-1,415,416,417,-1,417,416,418,-1,417,418,419,-1,419,418,358,-1,302,353,420,-1,420,353,366,-1,420,366,421,-1,421,366,368,-1,421,368,422,-1,422,368,370,-1,422,370,423,-1,423,370,372,-1,423,372,424,-1,424,372,374,-1,424,374,214,-1,214,374,212,-1,365,208,374,-1,374,208,210,-1,374,210,212,-1,204,206,425,-1,425,206,365,-1,425,365,426,-1,426,365,373,-1,426,373,427,-1,427,373,371,-1,427,371,428,-1,428,371,369,-1,428,369,429,-1,429,369,367,-1,429,367,338,-1,338,367,339,-1,338,336,429,-1,429,336,375,-1,429,375,428,-1,428,375,377,-1,428,377,427,-1,427,377,379,-1,427,379,426,-1,426,379,381,-1,426,381,425,-1,425,381,383,-1,425,383,204,-1,204,383,202,-1,364,198,383,-1,383,198,200,-1,383,200,202,-1,194,196,430,-1,430,196,364,-1,430,364,431,-1,431,364,382,-1,431,382,432,-1,432,382,380,-1,432,380,433,-1,433,380,378,-1,433,378,434,-1,434,378,376,-1,434,376,337,-1,337,376,335,-1,337,352,434,-1,434,352,384,-1,434,384,433,-1,433,384,386,-1,433,386,432,-1,432,386,388,-1,432,388,431,-1,431,388,390,-1,431,390,430,-1,430,390,392,-1,430,392,194,-1,194,392,192,-1,363,188,392,-1,392,188,190,-1,392,190,192,-1,184,186,435,-1,435,186,363,-1,435,363,436,-1,436,363,391,-1,436,391,437,-1,437,391,389,-1,437,389,438,-1,438,389,387,-1,438,387,439,-1,439,387,385,-1,439,385,321,-1,321,385,322,-1,321,320,439,-1,439,320,440,-1,439,440,438,-1,438,440,441,-1,438,441,437,-1,437,441,442,-1,437,442,436,-1,436,442,443,-1,436,443,435,-1,435,443,362,-1,435,362,184,-1,184,362,182,-1,178,180,361,-1,361,180,362,-1,361,362,444,-1,444,362,443,-1,444,443,445,-1,445,443,442,-1,445,442,446,-1,446,442,441,-1,446,441,447,-1,447,441,440,-1,447,440,334,-1,334,440,320,-1,174,176,448,-1,448,176,361,-1,448,361,449,-1,449,361,444,-1,449,444,450,-1,450,444,445,-1,450,445,451,-1,451,445,446,-1,451,446,452,-1,452,446,447,-1,452,447,333,-1,333,447,334,-1,333,319,452,-1,452,319,453,-1,452,453,451,-1,451,453,454,-1,451,454,450,-1,450,454,455,-1,450,455,449,-1,449,455,456,-1,449,456,448,-1,448,456,457,-1,448,457,174,-1,174,457,172,-1,319,318,453,-1,453,318,393,-1,453,393,454,-1,454,393,395,-1,454,395,455,-1,455,395,397,-1,455,397,456,-1,456,397,399,-1,456,399,457,-1,457,399,401,-1,457,401,172,-1,172,401,170,-1,360,166,401,-1,401,166,168,-1,401,168,170,-1,162,164,458,-1,458,164,360,-1,458,360,459,-1,459,360,400,-1,459,400,460,-1,460,400,398,-1,460,398,461,-1,461,398,396,-1,461,396,462,-1,462,396,394,-1,462,394,309,-1,309,394,317,-1,309,308,462,-1,462,308,402,-1,462,402,461,-1,461,402,404,-1,461,404,460,-1,460,404,406,-1,460,406,459,-1,459,406,408,-1,459,408,458,-1,458,408,410,-1,458,410,162,-1,162,410,160,-1,359,156,410,-1,410,156,158,-1,410,158,160,-1,152,154,463,-1,463,154,359,-1,463,359,464,-1,464,359,409,-1,464,409,465,-1,465,409,407,-1,465,407,466,-1,466,407,405,-1,466,405,467,-1,467,405,403,-1,467,403,355,-1,355,403,316,-1,355,354,467,-1,467,354,411,-1,467,411,466,-1,466,411,413,-1,466,413,465,-1,465,413,415,-1,465,415,464,-1,464,415,417,-1,464,417,463,-1,463,417,419,-1,463,419,152,-1,152,419,150,-1,358,146,419,-1,419,146,148,-1,419,148,150,-1,142,144,468,-1,468,144,358,-1,468,358,469,-1,469,358,418,-1,469,418,470,-1,470,418,416,-1,470,416,471,-1,471,416,414,-1,471,414,472,-1,472,414,412,-1,472,412,350,-1,350,412,351,-1,350,349,472,-1,472,349,473,-1,472,473,471,-1,471,473,474,-1,471,474,470,-1,470,474,475,-1,470,475,469,-1,469,475,476,-1,469,476,468,-1,468,476,357,-1,468,357,142,-1,142,357,140,-1,136,138,356,-1,356,138,357,-1,356,357,477,-1,477,357,476,-1,477,476,478,-1,478,476,475,-1,478,475,479,-1,479,475,474,-1,479,474,480,-1,480,474,473,-1,480,473,332,-1,332,473,349,-1,132,134,481,-1,481,134,356,-1,481,356,482,-1,482,356,477,-1,482,477,483,-1,483,477,478,-1,483,478,484,-1,484,478,479,-1,484,479,485,-1,485,479,480,-1,485,480,331,-1,331,480,332,-1,331,330,485,-1,485,330,486,-1,485,486,484,-1,484,486,487,-1,484,487,483,-1,483,487,488,-1,483,488,482,-1,482,488,489,-1,482,489,481,-1,481,489,490,-1,481,490,132,-1,132,490,130,-1,303,302,420,-1,303,420,491,-1,491,420,421,-1,491,421,492,-1,492,421,422,-1,492,422,493,-1,493,422,423,-1,493,423,494,-1,494,423,424,-1,494,424,495,-1,495,424,214,-1,495,214,217,-1,330,304,496,-1,330,496,486,-1,486,496,497,-1,486,497,487,-1,487,497,498,-1,487,498,488,-1,488,498,499,-1,488,499,489,-1,489,499,500,-1,489,500,490,-1,490,500,300,-1,490,300,130,-1,220,222,501,-1,224,226,502,-1,230,232,503,-1,240,242,504,-1,250,252,505,-1,262,264,506,-1,266,268,507,-1,272,274,508,-1,282,284,509,-1,292,294,510,-1,305,347,511,-1,511,347,512,-1,511,512,513,-1,513,512,514,-1,513,514,515,-1,515,514,516,-1,515,516,517,-1,517,516,518,-1,517,518,519,-1,519,518,510,-1,346,345,520,-1,520,345,521,-1,520,521,522,-1,522,521,523,-1,522,523,524,-1,524,523,525,-1,524,525,526,-1,526,525,527,-1,526,527,528,-1,528,527,509,-1,343,342,529,-1,529,342,530,-1,529,530,531,-1,531,530,532,-1,531,532,533,-1,533,532,534,-1,533,534,535,-1,535,534,536,-1,535,536,537,-1,537,536,508,-1,324,315,538,-1,538,315,539,-1,538,539,540,-1,540,539,541,-1,540,541,542,-1,542,541,543,-1,542,543,544,-1,544,543,545,-1,544,545,546,-1,546,545,505,-1,313,307,547,-1,547,307,548,-1,547,548,549,-1,549,548,550,-1,549,550,551,-1,551,550,552,-1,551,552,553,-1,553,552,554,-1,553,554,555,-1,555,554,504,-1,341,340,556,-1,556,340,557,-1,556,557,558,-1,558,557,559,-1,558,559,560,-1,560,559,561,-1,560,561,562,-1,562,561,563,-1,562,563,564,-1,564,563,503,-1,304,305,496,-1,496,305,511,-1,496,511,497,-1,497,511,513,-1,497,513,498,-1,498,513,515,-1,498,515,499,-1,499,515,517,-1,499,517,500,-1,500,517,519,-1,500,519,300,-1,300,519,298,-1,510,294,519,-1,519,294,296,-1,519,296,298,-1,290,292,565,-1,565,292,510,-1,565,510,566,-1,566,510,518,-1,566,518,567,-1,567,518,516,-1,567,516,568,-1,568,516,514,-1,568,514,569,-1,569,514,512,-1,569,512,348,-1,348,512,347,-1,348,346,569,-1,569,346,520,-1,569,520,568,-1,568,520,522,-1,568,522,567,-1,567,522,524,-1,567,524,566,-1,566,524,526,-1,566,526,565,-1,565,526,528,-1,565,528,290,-1,290,528,288,-1,509,284,528,-1,528,284,286,-1,528,286,288,-1,280,282,570,-1,570,282,509,-1,570,509,571,-1,571,509,527,-1,571,527,572,-1,572,527,525,-1,572,525,573,-1,573,525,523,-1,573,523,574,-1,574,523,521,-1,574,521,344,-1,344,521,345,-1,344,343,574,-1,574,343,529,-1,574,529,573,-1,573,529,531,-1,573,531,572,-1,572,531,533,-1,572,533,571,-1,571,533,535,-1,571,535,570,-1,570,535,537,-1,570,537,280,-1,280,537,278,-1,508,274,537,-1,537,274,276,-1,537,276,278,-1,270,272,575,-1,575,272,508,-1,575,508,576,-1,576,508,536,-1,576,536,577,-1,577,536,534,-1,577,534,578,-1,578,534,532,-1,578,532,579,-1,579,532,530,-1,579,530,329,-1,329,530,342,-1,329,328,579,-1,579,328,580,-1,579,580,578,-1,578,580,581,-1,578,581,577,-1,577,581,582,-1,577,582,576,-1,576,582,583,-1,576,583,575,-1,575,583,507,-1,575,507,270,-1,270,507,268,-1,264,266,506,-1,506,266,507,-1,506,507,584,-1,584,507,583,-1,584,583,585,-1,585,583,582,-1,585,582,586,-1,586,582,581,-1,586,581,587,-1,587,581,580,-1,587,580,327,-1,327,580,328,-1,260,262,588,-1,588,262,506,-1,588,506,589,-1,589,506,584,-1,589,584,590,-1,590,584,585,-1,590,585,591,-1,591,585,586,-1,591,586,592,-1,592,586,587,-1,592,587,326,-1,326,587,327,-1,326,325,592,-1,592,325,593,-1,592,593,591,-1,591,593,594,-1,591,594,590,-1,590,594,595,-1,590,595,589,-1,589,595,596,-1,589,596,588,-1,588,596,597,-1,588,597,260,-1,260,597,258,-1,325,324,593,-1,593,324,538,-1,593,538,594,-1,594,538,540,-1,594,540,595,-1,595,540,542,-1,595,542,596,-1,596,542,544,-1,596,544,597,-1,597,544,546,-1,597,546,258,-1,258,546,256,-1,505,252,546,-1,546,252,254,-1,546,254,256,-1,248,250,598,-1,598,250,505,-1,598,505,599,-1,599,505,545,-1,599,545,600,-1,600,545,543,-1,600,543,601,-1,601,543,541,-1,601,541,602,-1,602,541,539,-1,602,539,314,-1,314,539,315,-1,314,313,602,-1,602,313,547,-1,602,547,601,-1,601,547,549,-1,601,549,600,-1,600,549,551,-1,600,551,599,-1,599,551,553,-1,599,553,598,-1,598,553,555,-1,598,555,248,-1,248,555,246,-1,504,242,555,-1,555,242,244,-1,555,244,246,-1,238,240,603,-1,603,240,504,-1,603,504,604,-1,604,504,554,-1,604,554,605,-1,605,554,552,-1,605,552,606,-1,606,552,550,-1,606,550,607,-1,607,550,548,-1,607,548,306,-1,306,548,307,-1,306,341,607,-1,607,341,556,-1,607,556,606,-1,606,556,558,-1,606,558,605,-1,605,558,560,-1,605,560,604,-1,604,560,562,-1,604,562,603,-1,603,562,564,-1,603,564,238,-1,238,564,236,-1,503,232,564,-1,564,232,234,-1,564,234,236,-1,228,230,608,-1,608,230,503,-1,608,503,609,-1,609,503,563,-1,609,563,610,-1,610,563,561,-1,610,561,611,-1,611,561,559,-1,611,559,612,-1,612,559,557,-1,612,557,312,-1,312,557,340,-1,312,311,612,-1,612,311,613,-1,612,613,611,-1,611,613,614,-1,611,614,610,-1,610,614,615,-1,610,615,609,-1,609,615,616,-1,609,616,608,-1,608,616,502,-1,608,502,228,-1,228,502,226,-1,222,224,501,-1,501,224,502,-1,501,502,617,-1,617,502,616,-1,617,616,618,-1,618,616,615,-1,618,615,619,-1,619,615,614,-1,619,614,620,-1,620,614,613,-1,620,613,310,-1,310,613,311,-1,218,220,621,-1,621,220,501,-1,621,501,622,-1,622,501,617,-1,622,617,623,-1,623,617,618,-1,623,618,624,-1,624,618,619,-1,624,619,625,-1,625,619,620,-1,625,620,323,-1,323,620,310,-1,323,303,625,-1,625,303,491,-1,625,491,624,-1,624,491,492,-1,624,492,623,-1,623,492,493,-1,623,493,622,-1,622,493,494,-1,622,494,621,-1,621,494,495,-1,621,495,218,-1,218,495,217,-1,626,627,628,-1,628,627,629,-1,628,629,630,-1,630,629,631,-1,630,631,632,-1,632,631,633,-1,632,633,634,-1,634,633,635,-1,634,635,636,-1,636,635,637,-1,636,637,215,-1,215,637,216,-1,638,639,301,-1,301,299,638,-1,638,299,297,-1,638,297,640,-1,640,297,295,-1,640,295,641,-1,295,293,641,-1,641,293,291,-1,641,291,642,-1,291,289,642,-1,642,289,287,-1,642,287,643,-1,643,287,285,-1,643,285,644,-1,285,283,644,-1,644,283,281,-1,644,281,645,-1,281,279,645,-1,645,279,277,-1,645,277,646,-1,277,275,646,-1,646,275,273,-1,646,273,647,-1,647,273,271,-1,647,271,648,-1,271,269,648,-1,648,269,267,-1,648,267,649,-1,267,265,649,-1,649,265,263,-1,649,263,650,-1,650,263,261,-1,650,261,651,-1,651,261,259,-1,651,259,652,-1,259,257,652,-1,652,257,255,-1,652,255,653,-1,653,255,253,-1,653,253,654,-1,253,251,654,-1,654,251,249,-1,654,249,655,-1,249,247,655,-1,655,247,245,-1,655,245,656,-1,656,245,243,-1,656,243,657,-1,243,241,657,-1,657,241,239,-1,657,239,658,-1,239,237,658,-1,658,237,235,-1,658,235,659,-1,235,233,659,-1,659,233,231,-1,659,231,660,-1,660,231,229,-1,660,229,661,-1,229,227,661,-1,661,227,225,-1,661,225,662,-1,216,637,219,-1,219,637,663,-1,219,663,221,-1,221,663,662,-1,221,662,223,-1,223,662,225,-1,637,635,663,-1,663,635,664,-1,663,664,662,-1,662,664,665,-1,662,665,661,-1,661,665,666,-1,661,666,660,-1,660,666,667,-1,660,667,659,-1,659,667,668,-1,659,668,658,-1,658,668,669,-1,658,669,657,-1,657,669,670,-1,657,670,656,-1,656,670,671,-1,656,671,655,-1,655,671,672,-1,655,672,654,-1,654,672,673,-1,654,673,653,-1,653,673,674,-1,653,674,652,-1,652,674,675,-1,652,675,651,-1,651,675,676,-1,651,676,650,-1,650,676,677,-1,650,677,649,-1,649,677,678,-1,649,678,648,-1,648,678,679,-1,648,679,647,-1,647,679,680,-1,647,680,646,-1,646,680,681,-1,646,681,645,-1,645,681,682,-1,645,682,644,-1,644,682,683,-1,644,683,643,-1,643,683,684,-1,643,684,642,-1,642,684,685,-1,642,685,641,-1,641,685,686,-1,641,686,640,-1,640,686,687,-1,640,687,638,-1,638,687,688,-1,638,688,639,-1,639,688,689,-1,635,633,664,-1,664,633,690,-1,664,690,665,-1,665,690,691,-1,665,691,666,-1,666,691,692,-1,666,692,667,-1,667,692,693,-1,667,693,668,-1,668,693,694,-1,668,694,669,-1,669,694,695,-1,669,695,670,-1,670,695,696,-1,670,696,671,-1,671,696,697,-1,671,697,672,-1,672,697,698,-1,672,698,673,-1,673,698,699,-1,673,699,674,-1,674,699,700,-1,674,700,675,-1,675,700,701,-1,675,701,676,-1,676,701,702,-1,676,702,677,-1,677,702,703,-1,677,703,678,-1,678,703,704,-1,678,704,679,-1,679,704,705,-1,679,705,680,-1,680,705,706,-1,680,706,681,-1,681,706,707,-1,681,707,682,-1,682,707,708,-1,682,708,683,-1,683,708,709,-1,683,709,684,-1,684,709,710,-1,684,710,685,-1,685,710,711,-1,685,711,686,-1,686,711,712,-1,686,712,687,-1,687,712,713,-1,687,713,688,-1,688,713,714,-1,688,714,689,-1,689,714,715,-1,633,631,690,-1,690,631,716,-1,690,716,691,-1,691,716,717,-1,691,717,692,-1,692,717,718,-1,692,718,693,-1,693,718,719,-1,693,719,694,-1,694,719,720,-1,694,720,695,-1,695,720,721,-1,695,721,696,-1,696,721,722,-1,696,722,697,-1,697,722,723,-1,697,723,698,-1,698,723,724,-1,698,724,699,-1,699,724,725,-1,699,725,700,-1,700,725,726,-1,700,726,701,-1,701,726,727,-1,701,727,702,-1,702,727,728,-1,702,728,703,-1,703,728,729,-1,703,729,704,-1,704,729,730,-1,704,730,705,-1,705,730,731,-1,705,731,706,-1,706,731,732,-1,706,732,707,-1,707,732,733,-1,707,733,708,-1,708,733,734,-1,708,734,709,-1,709,734,735,-1,709,735,710,-1,710,735,736,-1,710,736,711,-1,711,736,737,-1,711,737,712,-1,712,737,738,-1,712,738,713,-1,713,738,739,-1,713,739,714,-1,714,739,740,-1,714,740,715,-1,715,740,741,-1,631,629,716,-1,716,629,742,-1,716,742,717,-1,717,742,743,-1,717,743,718,-1,718,743,744,-1,718,744,719,-1,719,744,745,-1,719,745,720,-1,720,745,746,-1,720,746,721,-1,721,746,747,-1,721,747,722,-1,722,747,748,-1,722,748,723,-1,723,748,749,-1,723,749,724,-1,724,749,750,-1,724,750,725,-1,725,750,751,-1,725,751,726,-1,726,751,752,-1,726,752,727,-1,727,752,753,-1,727,753,728,-1,728,753,754,-1,728,754,729,-1,729,754,755,-1,729,755,730,-1,730,755,756,-1,730,756,731,-1,731,756,757,-1,731,757,732,-1,732,757,758,-1,732,758,733,-1,733,758,759,-1,733,759,734,-1,734,759,760,-1,734,760,735,-1,735,760,761,-1,735,761,736,-1,736,761,762,-1,736,762,737,-1,737,762,763,-1,737,763,738,-1,738,763,764,-1,738,764,739,-1,739,764,765,-1,739,765,740,-1,740,765,766,-1,740,766,741,-1,741,766,767,-1,629,627,742,-1,742,627,768,-1,742,768,743,-1,743,768,769,-1,743,769,744,-1,744,769,770,-1,744,770,745,-1,745,770,771,-1,745,771,746,-1,746,771,772,-1,746,772,747,-1,747,772,773,-1,747,773,748,-1,748,773,774,-1,748,774,749,-1,749,774,775,-1,749,775,750,-1,750,775,776,-1,750,776,751,-1,751,776,777,-1,751,777,752,-1,752,777,778,-1,752,778,753,-1,753,778,779,-1,753,779,754,-1,754,779,780,-1,754,780,755,-1,755,780,781,-1,755,781,756,-1,756,781,782,-1,756,782,757,-1,757,782,783,-1,757,783,758,-1,758,783,784,-1,758,784,759,-1,759,784,785,-1,759,785,760,-1,760,785,786,-1,760,786,761,-1,761,786,787,-1,761,787,762,-1,762,787,788,-1,762,788,763,-1,763,788,789,-1,763,789,764,-1,764,789,790,-1,764,790,765,-1,765,790,791,-1,765,791,766,-1,766,791,792,-1,766,792,767,-1,767,792,793,-1,794,636,215,-1,215,213,794,-1,794,213,211,-1,794,211,795,-1,795,211,209,-1,795,209,796,-1,209,207,796,-1,796,207,205,-1,796,205,797,-1,205,203,797,-1,797,203,201,-1,797,201,798,-1,798,201,199,-1,798,199,799,-1,199,197,799,-1,799,197,195,-1,799,195,800,-1,195,193,800,-1,800,193,191,-1,800,191,801,-1,191,189,801,-1,801,189,187,-1,801,187,802,-1,802,187,185,-1,802,185,803,-1,185,183,803,-1,803,183,181,-1,803,181,804,-1,181,179,804,-1,804,179,177,-1,804,177,805,-1,805,177,175,-1,805,175,806,-1,806,175,173,-1,806,173,807,-1,173,171,807,-1,807,171,169,-1,807,169,808,-1,808,169,167,-1,808,167,809,-1,167,165,809,-1,809,165,163,-1,809,163,810,-1,163,161,810,-1,810,161,159,-1,810,159,811,-1,811,159,157,-1,811,157,812,-1,157,155,812,-1,812,155,153,-1,812,153,813,-1,153,151,813,-1,813,151,149,-1,813,149,814,-1,149,147,814,-1,814,147,145,-1,814,145,815,-1,815,145,143,-1,815,143,816,-1,143,141,816,-1,816,141,139,-1,816,139,817,-1,131,818,133,-1,133,818,819,-1,133,819,135,-1,135,819,817,-1,135,817,137,-1,137,817,139,-1,818,820,819,-1,819,820,821,-1,819,821,817,-1,817,821,822,-1,817,822,816,-1,816,822,823,-1,816,823,815,-1,815,823,824,-1,815,824,814,-1,814,824,825,-1,814,825,813,-1,813,825,826,-1,813,826,812,-1,812,826,827,-1,812,827,811,-1,811,827,828,-1,811,828,810,-1,810,828,829,-1,810,829,809,-1,809,829,830,-1,809,830,808,-1,808,830,831,-1,808,831,807,-1,807,831,832,-1,807,832,806,-1,806,832,833,-1,806,833,805,-1,805,833,834,-1,805,834,804,-1,804,834,835,-1,804,835,803,-1,803,835,836,-1,803,836,802,-1,802,836,837,-1,802,837,801,-1,801,837,838,-1,801,838,800,-1,800,838,839,-1,800,839,799,-1,799,839,840,-1,799,840,798,-1,798,840,841,-1,798,841,797,-1,797,841,842,-1,797,842,796,-1,796,842,843,-1,796,843,795,-1,795,843,844,-1,795,844,794,-1,794,844,845,-1,794,845,636,-1,636,845,634,-1,820,846,821,-1,821,846,847,-1,821,847,822,-1,822,847,848,-1,822,848,823,-1,823,848,849,-1,823,849,824,-1,824,849,850,-1,824,850,825,-1,825,850,851,-1,825,851,826,-1,826,851,852,-1,826,852,827,-1,827,852,853,-1,827,853,828,-1,828,853,854,-1,828,854,829,-1,829,854,855,-1,829,855,830,-1,830,855,856,-1,830,856,831,-1,831,856,857,-1,831,857,832,-1,832,857,858,-1,832,858,833,-1,833,858,859,-1,833,859,834,-1,834,859,860,-1,834,860,835,-1,835,860,861,-1,835,861,836,-1,836,861,862,-1,836,862,837,-1,837,862,863,-1,837,863,838,-1,838,863,864,-1,838,864,839,-1,839,864,865,-1,839,865,840,-1,840,865,866,-1,840,866,841,-1,841,866,867,-1,841,867,842,-1,842,867,868,-1,842,868,843,-1,843,868,869,-1,843,869,844,-1,844,869,870,-1,844,870,845,-1,845,870,871,-1,845,871,634,-1,634,871,632,-1,846,872,847,-1,847,872,873,-1,847,873,848,-1,848,873,874,-1,848,874,849,-1,849,874,875,-1,849,875,850,-1,850,875,876,-1,850,876,851,-1,851,876,877,-1,851,877,852,-1,852,877,878,-1,852,878,853,-1,853,878,879,-1,853,879,854,-1,854,879,880,-1,854,880,855,-1,855,880,881,-1,855,881,856,-1,856,881,882,-1,856,882,857,-1,857,882,883,-1,857,883,858,-1,858,883,884,-1,858,884,859,-1,859,884,885,-1,859,885,860,-1,860,885,886,-1,860,886,861,-1,861,886,887,-1,861,887,862,-1,862,887,888,-1,862,888,863,-1,863,888,889,-1,863,889,864,-1,864,889,890,-1,864,890,865,-1,865,890,891,-1,865,891,866,-1,866,891,892,-1,866,892,867,-1,867,892,893,-1,867,893,868,-1,868,893,894,-1,868,894,869,-1,869,894,895,-1,869,895,870,-1,870,895,896,-1,870,896,871,-1,871,896,897,-1,871,897,632,-1,632,897,630,-1,872,898,873,-1,873,898,899,-1,873,899,874,-1,874,899,900,-1,874,900,875,-1,875,900,901,-1,875,901,876,-1,876,901,902,-1,876,902,877,-1,877,902,903,-1,877,903,878,-1,878,903,904,-1,878,904,879,-1,879,904,905,-1,879,905,880,-1,880,905,906,-1,880,906,881,-1,881,906,907,-1,881,907,882,-1,882,907,908,-1,882,908,883,-1,883,908,909,-1,883,909,884,-1,884,909,910,-1,884,910,885,-1,885,910,911,-1,885,911,886,-1,886,911,912,-1,886,912,887,-1,887,912,913,-1,887,913,888,-1,888,913,914,-1,888,914,889,-1,889,914,915,-1,889,915,890,-1,890,915,916,-1,890,916,891,-1,891,916,917,-1,891,917,892,-1,892,917,918,-1,892,918,893,-1,893,918,919,-1,893,919,894,-1,894,919,920,-1,894,920,895,-1,895,920,921,-1,895,921,896,-1,896,921,922,-1,896,922,897,-1,897,922,923,-1,897,923,630,-1,630,923,628,-1,898,924,899,-1,899,924,925,-1,899,925,900,-1,900,925,926,-1,900,926,901,-1,901,926,927,-1,901,927,902,-1,902,927,928,-1,902,928,903,-1,903,928,929,-1,903,929,904,-1,904,929,930,-1,904,930,905,-1,905,930,931,-1,905,931,906,-1,906,931,932,-1,906,932,907,-1,907,932,933,-1,907,933,908,-1,908,933,934,-1,908,934,909,-1,909,934,935,-1,909,935,910,-1,910,935,936,-1,910,936,911,-1,911,936,937,-1,911,937,912,-1,912,937,938,-1,912,938,913,-1,913,938,939,-1,913,939,914,-1,914,939,940,-1,914,940,915,-1,915,940,941,-1,915,941,916,-1,916,941,942,-1,916,942,917,-1,917,942,943,-1,917,943,918,-1,918,943,944,-1,918,944,919,-1,919,944,945,-1,919,945,920,-1,920,945,946,-1,920,946,921,-1,921,946,947,-1,921,947,922,-1,922,947,948,-1,922,948,923,-1,923,948,949,-1,923,949,628,-1,628,949,626,-1,627,626,950,-1,950,626,951,-1,950,951,952,-1,952,951,953,-1,952,953,954,-1,954,953,955,-1,954,955,956,-1,956,955,957,-1,956,957,958,-1,958,957,959,-1,958,959,960,-1,960,959,961,-1,960,961,962,-1,962,961,963,-1,962,963,964,-1,964,963,965,-1,964,965,966,-1,966,965,967,-1,966,967,968,-1,968,967,969,-1,968,969,970,-1,970,969,971,-1,970,971,2,-1,2,971,0,-1,6,7,972,-1,9,10,973,-1,15,14,974,-1,18,17,975,-1,19,24,976,-1,26,27,977,-1,35,34,978,-1,40,39,979,-1,36,41,980,-1,43,44,981,-1,46,47,982,-1,52,51,983,-1,55,54,984,-1,56,61,985,-1,63,64,986,-1,987,768,627,-1,793,792,988,-1,988,792,989,-1,988,989,990,-1,990,989,991,-1,627,950,987,-1,987,950,952,-1,987,952,992,-1,993,994,991,-1,991,994,995,-1,991,995,990,-1,952,954,992,-1,992,954,956,-1,992,956,996,-1,997,998,993,-1,993,998,999,-1,993,999,994,-1,956,958,996,-1,996,958,960,-1,996,960,1000,-1,1001,1002,997,-1,997,1002,1003,-1,997,1003,998,-1,960,962,1000,-1,1000,962,964,-1,1000,964,1004,-1,986,1005,1001,-1,1001,1005,1006,-1,1001,1006,1002,-1,789,788,1007,-1,1007,788,1008,-1,1007,1008,1009,-1,1009,1008,1010,-1,1009,1010,1011,-1,1011,1010,1012,-1,1011,1012,1013,-1,1013,1012,1014,-1,1013,1014,1015,-1,1015,1014,1016,-1,1015,1016,1017,-1,1017,1016,984,-1,778,777,1018,-1,1018,777,1019,-1,1018,1019,1020,-1,1020,1019,1021,-1,1020,1021,1022,-1,1022,1021,1023,-1,1022,1023,1024,-1,1024,1023,1025,-1,1024,1025,1026,-1,1026,1025,1027,-1,1026,1027,1028,-1,1028,1027,977,-1,774,773,1029,-1,1029,773,1030,-1,1029,1030,1031,-1,1031,1030,1032,-1,1031,1032,1033,-1,1033,1032,1034,-1,1033,1034,1035,-1,1035,1034,1036,-1,1035,1036,1037,-1,1037,1036,1038,-1,1037,1038,1039,-1,1039,1038,975,-1,64,66,986,-1,986,66,1040,-1,986,1040,1005,-1,792,791,989,-1,989,791,1041,-1,989,1041,991,-1,991,1041,1042,-1,991,1042,993,-1,993,1042,1043,-1,993,1043,997,-1,997,1043,1044,-1,997,1044,1001,-1,1001,1044,1045,-1,1001,1045,986,-1,986,1045,985,-1,986,985,63,-1,63,985,61,-1,57,56,1046,-1,1046,56,985,-1,1046,985,1047,-1,1047,985,1045,-1,1047,1045,1048,-1,1048,1045,1044,-1,1048,1044,1049,-1,1049,1044,1043,-1,1049,1043,1050,-1,1050,1043,1042,-1,1050,1042,1051,-1,1051,1042,1041,-1,1051,1041,790,-1,790,1041,791,-1,790,789,1051,-1,1051,789,1007,-1,1051,1007,1050,-1,1050,1007,1009,-1,1050,1009,1049,-1,1049,1009,1011,-1,1049,1011,1048,-1,1048,1011,1013,-1,1048,1013,1047,-1,1047,1013,1015,-1,1047,1015,1046,-1,1046,1015,1017,-1,1046,1017,57,-1,57,1017,59,-1,984,54,1017,-1,1017,54,60,-1,1017,60,59,-1,788,787,1008,-1,1008,787,1052,-1,1008,1052,1010,-1,1010,1052,1053,-1,1010,1053,1012,-1,1012,1053,1054,-1,1012,1054,1014,-1,1014,1054,1055,-1,1014,1055,1016,-1,1016,1055,1056,-1,1016,1056,984,-1,984,1056,983,-1,984,983,55,-1,55,983,51,-1,49,52,1057,-1,1057,52,983,-1,1057,983,1058,-1,1058,983,1056,-1,1058,1056,1059,-1,1059,1056,1055,-1,1059,1055,1060,-1,1060,1055,1054,-1,1060,1054,1061,-1,1061,1054,1053,-1,1061,1053,1062,-1,1062,1053,1052,-1,1062,1052,786,-1,786,1052,787,-1,786,785,1062,-1,1062,785,1063,-1,1062,1063,1061,-1,1061,1063,1064,-1,1061,1064,1060,-1,1060,1064,1065,-1,1060,1065,1059,-1,1059,1065,1066,-1,1059,1066,1058,-1,1058,1066,1067,-1,1058,1067,1057,-1,1057,1067,982,-1,1057,982,49,-1,49,982,47,-1,785,784,1063,-1,1063,784,1068,-1,1063,1068,1064,-1,1064,1068,1069,-1,1064,1069,1065,-1,1065,1069,1070,-1,1065,1070,1066,-1,1066,1070,1071,-1,1066,1071,1067,-1,1067,1071,1072,-1,1067,1072,982,-1,982,1072,981,-1,982,981,46,-1,46,981,44,-1,41,43,980,-1,980,43,981,-1,980,981,1073,-1,1073,981,1072,-1,1073,1072,1074,-1,1074,1072,1071,-1,1074,1071,1075,-1,1075,1071,1070,-1,1075,1070,1076,-1,1076,1070,1069,-1,1076,1069,1077,-1,1077,1069,1068,-1,1077,1068,783,-1,783,1068,784,-1,37,36,1078,-1,1078,36,980,-1,1078,980,1079,-1,1079,980,1073,-1,1079,1073,1080,-1,1080,1073,1074,-1,1080,1074,1081,-1,1081,1074,1075,-1,1081,1075,1082,-1,1082,1075,1076,-1,1082,1076,1083,-1,1083,1076,1077,-1,1083,1077,782,-1,782,1077,783,-1,782,781,1083,-1,1083,781,1084,-1,1083,1084,1082,-1,1082,1084,1085,-1,1082,1085,1081,-1,1081,1085,1086,-1,1081,1086,1080,-1,1080,1086,1087,-1,1080,1087,1079,-1,1079,1087,1088,-1,1079,1088,1078,-1,1078,1088,979,-1,1078,979,37,-1,37,979,39,-1,781,780,1084,-1,1084,780,1089,-1,1084,1089,1085,-1,1085,1089,1090,-1,1085,1090,1086,-1,1086,1090,1091,-1,1086,1091,1087,-1,1087,1091,1092,-1,1087,1092,1088,-1,1088,1092,1093,-1,1088,1093,979,-1,979,1093,978,-1,979,978,40,-1,40,978,34,-1,32,35,1094,-1,1094,35,978,-1,1094,978,1095,-1,1095,978,1093,-1,1095,1093,1096,-1,1096,1093,1092,-1,1096,1092,1097,-1,1097,1092,1091,-1,1097,1091,1098,-1,1098,1091,1090,-1,1098,1090,1099,-1,1099,1090,1089,-1,1099,1089,779,-1,779,1089,780,-1,779,778,1099,-1,1099,778,1018,-1,1099,1018,1098,-1,1098,1018,1020,-1,1098,1020,1097,-1,1097,1020,1022,-1,1097,1022,1096,-1,1096,1022,1024,-1,1096,1024,1095,-1,1095,1024,1026,-1,1095,1026,1094,-1,1094,1026,1028,-1,1094,1028,32,-1,32,1028,30,-1,977,27,1028,-1,1028,27,29,-1,1028,29,30,-1,777,776,1019,-1,1019,776,1100,-1,1019,1100,1021,-1,1021,1100,1101,-1,1021,1101,1023,-1,1023,1101,1102,-1,1023,1102,1025,-1,1025,1102,1103,-1,1025,1103,1027,-1,1027,1103,1104,-1,1027,1104,977,-1,977,1104,976,-1,977,976,26,-1,26,976,24,-1,20,19,1105,-1,1105,19,976,-1,1105,976,1106,-1,1106,976,1104,-1,1106,1104,1107,-1,1107,1104,1103,-1,1107,1103,1108,-1,1108,1103,1102,-1,1108,1102,1109,-1,1109,1102,1101,-1,1109,1101,1110,-1,1110,1101,1100,-1,1110,1100,775,-1,775,1100,776,-1,775,774,1110,-1,1110,774,1029,-1,1110,1029,1109,-1,1109,1029,1031,-1,1109,1031,1108,-1,1108,1031,1033,-1,1108,1033,1107,-1,1107,1033,1035,-1,1107,1035,1106,-1,1106,1035,1037,-1,1106,1037,1105,-1,1105,1037,1039,-1,1105,1039,20,-1,20,1039,22,-1,975,17,1039,-1,1039,17,23,-1,1039,23,22,-1,14,18,974,-1,974,18,975,-1,974,975,1111,-1,1111,975,1038,-1,1111,1038,1112,-1,1112,1038,1036,-1,1112,1036,1113,-1,1113,1036,1034,-1,1113,1034,1114,-1,1114,1034,1032,-1,1114,1032,1115,-1,1115,1032,1030,-1,1115,1030,772,-1,772,1030,773,-1,12,15,1116,-1,1116,15,974,-1,1116,974,1117,-1,1117,974,1111,-1,1117,1111,1118,-1,1118,1111,1112,-1,1118,1112,1119,-1,1119,1112,1113,-1,1119,1113,1120,-1,1120,1113,1114,-1,1120,1114,1121,-1,1121,1114,1115,-1,1121,1115,771,-1,771,1115,772,-1,771,770,1121,-1,1121,770,1122,-1,1121,1122,1120,-1,1120,1122,1123,-1,1120,1123,1119,-1,1119,1123,1124,-1,1119,1124,1118,-1,1118,1124,1125,-1,1118,1125,1117,-1,1117,1125,1126,-1,1117,1126,1116,-1,1116,1126,973,-1,1116,973,12,-1,12,973,10,-1,770,769,1122,-1,1122,769,1127,-1,1122,1127,1123,-1,1123,1127,1128,-1,1123,1128,1124,-1,1124,1128,1129,-1,1124,1129,1125,-1,1125,1129,1130,-1,1125,1130,1126,-1,1126,1130,1131,-1,1126,1131,973,-1,973,1131,972,-1,973,972,9,-1,9,972,7,-1,4,6,1132,-1,1132,6,972,-1,1132,972,1004,-1,1004,972,1131,-1,1004,1131,1000,-1,1000,1131,1130,-1,1000,1130,996,-1,996,1130,1129,-1,996,1129,992,-1,992,1129,1128,-1,992,1128,987,-1,987,1128,1127,-1,987,1127,768,-1,768,1127,769,-1,964,966,1004,-1,1004,966,968,-1,1004,968,1132,-1,1132,968,970,-1,1132,970,4,-1,4,970,2,-1,793,924,767,-1,767,924,898,-1,767,898,741,-1,741,898,872,-1,741,872,715,-1,715,872,846,-1,715,846,689,-1,689,846,820,-1,689,820,639,-1,639,820,818,-1,639,818,301,-1,301,818,131,-1,71,72,1133,-1,74,75,1134,-1,80,79,1135,-1,83,82,1136,-1,84,89,1137,-1,91,92,1138,-1,100,99,1139,-1,105,104,1140,-1,101,106,1141,-1,108,109,1142,-1,111,112,1143,-1,117,116,1144,-1,120,119,1145,-1,121,126,1146,-1,128,129,1147,-1,1148,925,924,-1,626,949,951,-1,951,949,1149,-1,951,1149,953,-1,953,1149,1150,-1,924,1151,1148,-1,1148,1151,1152,-1,1148,1152,1153,-1,1154,957,1150,-1,1150,957,955,-1,1150,955,953,-1,1152,1155,1153,-1,1153,1155,1156,-1,1153,1156,1157,-1,1158,961,1154,-1,1154,961,959,-1,1154,959,957,-1,1156,1159,1157,-1,1157,1159,1160,-1,1157,1160,1161,-1,1162,965,1158,-1,1158,965,963,-1,1158,963,961,-1,1160,1163,1161,-1,1161,1163,1164,-1,1161,1164,1165,-1,1147,969,1162,-1,1162,969,967,-1,1162,967,965,-1,946,945,1166,-1,1166,945,1167,-1,1166,1167,1168,-1,1168,1167,1169,-1,1168,1169,1170,-1,1170,1169,1171,-1,1170,1171,1172,-1,1172,1171,1173,-1,1172,1173,1174,-1,1174,1173,1175,-1,1174,1175,1176,-1,1176,1175,1145,-1,935,934,1177,-1,1177,934,1178,-1,1177,1178,1179,-1,1179,1178,1180,-1,1179,1180,1181,-1,1181,1180,1182,-1,1181,1182,1183,-1,1183,1182,1184,-1,1183,1184,1185,-1,1185,1184,1186,-1,1185,1186,1187,-1,1187,1186,1138,-1,931,930,1188,-1,1188,930,1189,-1,1188,1189,1190,-1,1190,1189,1191,-1,1190,1191,1192,-1,1192,1191,1193,-1,1192,1193,1194,-1,1194,1193,1195,-1,1194,1195,1196,-1,1196,1195,1197,-1,1196,1197,1198,-1,1198,1197,1136,-1,129,0,1147,-1,1147,0,971,-1,1147,971,969,-1,949,948,1149,-1,1149,948,1199,-1,1149,1199,1150,-1,1150,1199,1200,-1,1150,1200,1154,-1,1154,1200,1201,-1,1154,1201,1158,-1,1158,1201,1202,-1,1158,1202,1162,-1,1162,1202,1203,-1,1162,1203,1147,-1,1147,1203,1146,-1,1147,1146,128,-1,128,1146,126,-1,122,121,1204,-1,1204,121,1146,-1,1204,1146,1205,-1,1205,1146,1203,-1,1205,1203,1206,-1,1206,1203,1202,-1,1206,1202,1207,-1,1207,1202,1201,-1,1207,1201,1208,-1,1208,1201,1200,-1,1208,1200,1209,-1,1209,1200,1199,-1,1209,1199,947,-1,947,1199,948,-1,947,946,1209,-1,1209,946,1166,-1,1209,1166,1208,-1,1208,1166,1168,-1,1208,1168,1207,-1,1207,1168,1170,-1,1207,1170,1206,-1,1206,1170,1172,-1,1206,1172,1205,-1,1205,1172,1174,-1,1205,1174,1204,-1,1204,1174,1176,-1,1204,1176,122,-1,122,1176,124,-1,1145,119,1176,-1,1176,119,125,-1,1176,125,124,-1,945,944,1167,-1,1167,944,1210,-1,1167,1210,1169,-1,1169,1210,1211,-1,1169,1211,1171,-1,1171,1211,1212,-1,1171,1212,1173,-1,1173,1212,1213,-1,1173,1213,1175,-1,1175,1213,1214,-1,1175,1214,1145,-1,1145,1214,1144,-1,1145,1144,120,-1,120,1144,116,-1,114,117,1215,-1,1215,117,1144,-1,1215,1144,1216,-1,1216,1144,1214,-1,1216,1214,1217,-1,1217,1214,1213,-1,1217,1213,1218,-1,1218,1213,1212,-1,1218,1212,1219,-1,1219,1212,1211,-1,1219,1211,1220,-1,1220,1211,1210,-1,1220,1210,943,-1,943,1210,944,-1,943,942,1220,-1,1220,942,1221,-1,1220,1221,1219,-1,1219,1221,1222,-1,1219,1222,1218,-1,1218,1222,1223,-1,1218,1223,1217,-1,1217,1223,1224,-1,1217,1224,1216,-1,1216,1224,1225,-1,1216,1225,1215,-1,1215,1225,1143,-1,1215,1143,114,-1,114,1143,112,-1,942,941,1221,-1,1221,941,1226,-1,1221,1226,1222,-1,1222,1226,1227,-1,1222,1227,1223,-1,1223,1227,1228,-1,1223,1228,1224,-1,1224,1228,1229,-1,1224,1229,1225,-1,1225,1229,1230,-1,1225,1230,1143,-1,1143,1230,1142,-1,1143,1142,111,-1,111,1142,109,-1,106,108,1141,-1,1141,108,1142,-1,1141,1142,1231,-1,1231,1142,1230,-1,1231,1230,1232,-1,1232,1230,1229,-1,1232,1229,1233,-1,1233,1229,1228,-1,1233,1228,1234,-1,1234,1228,1227,-1,1234,1227,1235,-1,1235,1227,1226,-1,1235,1226,940,-1,940,1226,941,-1,102,101,1236,-1,1236,101,1141,-1,1236,1141,1237,-1,1237,1141,1231,-1,1237,1231,1238,-1,1238,1231,1232,-1,1238,1232,1239,-1,1239,1232,1233,-1,1239,1233,1240,-1,1240,1233,1234,-1,1240,1234,1241,-1,1241,1234,1235,-1,1241,1235,939,-1,939,1235,940,-1,939,938,1241,-1,1241,938,1242,-1,1241,1242,1240,-1,1240,1242,1243,-1,1240,1243,1239,-1,1239,1243,1244,-1,1239,1244,1238,-1,1238,1244,1245,-1,1238,1245,1237,-1,1237,1245,1246,-1,1237,1246,1236,-1,1236,1246,1140,-1,1236,1140,102,-1,102,1140,104,-1,938,937,1242,-1,1242,937,1247,-1,1242,1247,1243,-1,1243,1247,1248,-1,1243,1248,1244,-1,1244,1248,1249,-1,1244,1249,1245,-1,1245,1249,1250,-1,1245,1250,1246,-1,1246,1250,1251,-1,1246,1251,1140,-1,1140,1251,1139,-1,1140,1139,105,-1,105,1139,99,-1,97,100,1252,-1,1252,100,1139,-1,1252,1139,1253,-1,1253,1139,1251,-1,1253,1251,1254,-1,1254,1251,1250,-1,1254,1250,1255,-1,1255,1250,1249,-1,1255,1249,1256,-1,1256,1249,1248,-1,1256,1248,1257,-1,1257,1248,1247,-1,1257,1247,936,-1,936,1247,937,-1,936,935,1257,-1,1257,935,1177,-1,1257,1177,1256,-1,1256,1177,1179,-1,1256,1179,1255,-1,1255,1179,1181,-1,1255,1181,1254,-1,1254,1181,1183,-1,1254,1183,1253,-1,1253,1183,1185,-1,1253,1185,1252,-1,1252,1185,1187,-1,1252,1187,97,-1,97,1187,95,-1,1138,92,1187,-1,1187,92,94,-1,1187,94,95,-1,934,933,1178,-1,1178,933,1258,-1,1178,1258,1180,-1,1180,1258,1259,-1,1180,1259,1182,-1,1182,1259,1260,-1,1182,1260,1184,-1,1184,1260,1261,-1,1184,1261,1186,-1,1186,1261,1262,-1,1186,1262,1138,-1,1138,1262,1137,-1,1138,1137,91,-1,91,1137,89,-1,85,84,1263,-1,1263,84,1137,-1,1263,1137,1264,-1,1264,1137,1262,-1,1264,1262,1265,-1,1265,1262,1261,-1,1265,1261,1266,-1,1266,1261,1260,-1,1266,1260,1267,-1,1267,1260,1259,-1,1267,1259,1268,-1,1268,1259,1258,-1,1268,1258,932,-1,932,1258,933,-1,932,931,1268,-1,1268,931,1188,-1,1268,1188,1267,-1,1267,1188,1190,-1,1267,1190,1266,-1,1266,1190,1192,-1,1266,1192,1265,-1,1265,1192,1194,-1,1265,1194,1264,-1,1264,1194,1196,-1,1264,1196,1263,-1,1263,1196,1198,-1,1263,1198,85,-1,85,1198,87,-1,1136,82,1198,-1,1198,82,88,-1,1198,88,87,-1,79,83,1135,-1,1135,83,1136,-1,1135,1136,1269,-1,1269,1136,1197,-1,1269,1197,1270,-1,1270,1197,1195,-1,1270,1195,1271,-1,1271,1195,1193,-1,1271,1193,1272,-1,1272,1193,1191,-1,1272,1191,1273,-1,1273,1191,1189,-1,1273,1189,929,-1,929,1189,930,-1,77,80,1274,-1,1274,80,1135,-1,1274,1135,1275,-1,1275,1135,1269,-1,1275,1269,1276,-1,1276,1269,1270,-1,1276,1270,1277,-1,1277,1270,1271,-1,1277,1271,1278,-1,1278,1271,1272,-1,1278,1272,1279,-1,1279,1272,1273,-1,1279,1273,928,-1,928,1273,929,-1,928,927,1279,-1,1279,927,1280,-1,1279,1280,1278,-1,1278,1280,1281,-1,1278,1281,1277,-1,1277,1281,1282,-1,1277,1282,1276,-1,1276,1282,1283,-1,1276,1283,1275,-1,1275,1283,1284,-1,1275,1284,1274,-1,1274,1284,1134,-1,1274,1134,77,-1,77,1134,75,-1,927,926,1280,-1,1280,926,1285,-1,1280,1285,1281,-1,1281,1285,1286,-1,1281,1286,1282,-1,1282,1286,1287,-1,1282,1287,1283,-1,1283,1287,1288,-1,1283,1288,1284,-1,1284,1288,1289,-1,1284,1289,1134,-1,1134,1289,1133,-1,1134,1133,74,-1,74,1133,72,-1,69,71,1290,-1,1290,71,1133,-1,1290,1133,1165,-1,1165,1133,1289,-1,1165,1289,1161,-1,1161,1289,1288,-1,1161,1288,1157,-1,1157,1288,1287,-1,1157,1287,1153,-1,1153,1287,1286,-1,1153,1286,1148,-1,1148,1286,1285,-1,1148,1285,925,-1,925,1285,926,-1,1164,1291,1165,-1,1165,1291,1292,-1,1165,1292,1290,-1,1290,1292,1293,-1,1290,1293,69,-1,69,1293,67,-1,924,793,1151,-1,1151,793,988,-1,1151,988,1152,-1,1152,988,990,-1,1152,990,1155,-1,1155,990,995,-1,1155,995,1156,-1,1156,995,994,-1,1156,994,1159,-1,1159,994,999,-1,1159,999,1160,-1,1160,999,998,-1,1160,998,1163,-1,1163,998,1003,-1,1163,1003,1164,-1,1164,1003,1002,-1,1164,1002,1291,-1,1291,1002,1006,-1,1291,1006,1292,-1,1292,1006,1005,-1,1292,1005,1293,-1,1293,1005,1040,-1,1293,1040,67,-1,67,1040,66,-1,
        ]
    }
}
Shape{
    appearance Appearance {
        material  Material 	{
            diffuseColor 0.25098039215686274 0.25098039215686274 0.25098039215686274
            specularColor 0.12549019607843137 0.12549019607843137 0.12549019607843137
            ambientIntensity 0.2
            transparency 0
            shininess 0.5
        }
    }
    geometry IndexedFaceSet {
        ccw TRUE
        solid FALSE
        coord DEF co Coordinate {
            point [
                1.0595 -0.4993 0.0591, 1.0595 -0.4993 0.0787, 1.0665 -0.4954 0.0787, 1.0665 -0.4954 0.0591, 1.0742 -0.4929 0.0787, 1.0742 -0.4929 0.0591, 1.0822 -0.4921 0.0787, 1.0822 -0.4921 0.0591, 1.3583 -0.4921 0.0591, 1.3583 -0.4921 0.0787, 1.3685 -0.4935 0.0787, 1.3685 -0.4935 0.0591, 1.378 -0.4974 0.0787, 1.378 -0.4974 0.0591, 1.3861 -0.5037 0.0787, 1.3861 -0.5037 0.0591, 1.3924 -0.5118 0.0787, 1.3924 -0.5118 0.0591, 1.3963 -0.5213 0.0787, 1.3963 -0.5213 0.0591, 1.3976 -0.5315 0.0787, 1.3976 -0.5315 0.0591, 1.0822 0.4921 0.0591, 1.0822 0.4921 0.0787, 1.0742 0.4929 0.0787, 1.0742 0.4929 0.0591, 1.0665 0.4954 0.0787, 1.0665 0.4954 0.0591, 1.0595 0.4993 0.0787, 1.0595 0.4993 0.0591, 1.3976 0.5315 0.0591, 1.3976 0.5315 0.0787, 1.3963 0.5213 0.0787, 1.3963 0.5213 0.0591, 1.3924 0.5118 0.0787, 1.3924 0.5118 0.0591, 1.3861 0.5037 0.0787, 1.3861 0.5037 0.0591, 1.378 0.4974 0.0787, 1.378 0.4974 0.0591, 1.3685 0.4935 0.0787, 1.3685 0.4935 0.0591, 1.3583 0.4921 0.0787, 1.3583 0.4921 0.0591, -1.0822 -0.4921 0.0591, -1.0822 -0.4921 0.0787, -1.0742 -0.4929 0.0787, -1.0742 -0.4929 0.0591, -1.0665 -0.4954 0.0787, -1.0665 -0.4954 0.0591, -1.0595 -0.4993 0.0787, -1.0595 -0.4993 0.0591, -1.3976 -0.5315 0.0591, -1.3976 -0.5315 0.0787, -1.3963 -0.5213 0.0787, -1.3963 -0.5213 0.0591, -1.3924 -0.5118 0.0787, -1.3924 -0.5118 0.0591, -1.3861 -0.5037 0.0787, -1.3861 -0.5037 0.0591, -1.378 -0.4974 0.0787, -1.378 -0.4974 0.0591, -1.3685 -0.4935 0.0787, -1.3685 -0.4935 0.0591, -1.3583 -0.4921 0.0787, -1.3583 -0.4921 0.0591, -1.3583 0.4921 0.0591, -1.3583 0.4921 0.0787, -1.3685 0.4935 0.0787, -1.3685 0.4935 0.0591, -1.378 0.4974 0.0787, -1.378 0.4974 0.0591, -1.3861 0.5037 0.0787, -1.3861 0.5037 0.0591, -1.3924 0.5118 0.0787, -1.3924 0.5118 0.0591, -1.3963 0.5213 0.0787, -1.3963 0.5213 0.0591, -1.3976 0.5315 0.0787, -1.3976 0.5315 0.0591, -1.0595 0.4993 0.0591, -1.0595 0.4993 0.0787, -1.0665 0.4954 0.0787, -1.0665 0.4954 0.0591, -1.0742 0.4929 0.0787, -1.0742 0.4929 0.0591, -1.0822 0.4921 0.0787, -1.0822 0.4921 0.0591, -1.0822 0.4921 0.0591
            ]
        }
        coordIndex [
            0,1,2,-1,0,2,3,-1,3,2,4,-1,3,4,5,-1,5,4,6,-1,5,6,7,-1,8,9,10,-1,8,10,11,-1,11,10,12,-1,11,12,13,-1,13,12,14,-1,13,14,15,-1,15,14,16,-1,15,16,17,-1,17,16,18,-1,17,18,19,-1,19,18,20,-1,19,20,21,-1,22,23,24,-1,22,24,25,-1,25,24,26,-1,25,26,27,-1,27,26,28,-1,27,28,29,-1,30,31,32,-1,30,32,33,-1,33,32,34,-1,33,34,35,-1,35,34,36,-1,35,36,37,-1,37,36,38,-1,37,38,39,-1,39,38,40,-1,39,40,41,-1,41,40,42,-1,41,42,43,-1,44,45,46,-1,44,46,47,-1,47,46,48,-1,47,48,49,-1,49,48,50,-1,49,50,51,-1,52,53,54,-1,52,54,55,-1,55,54,56,-1,55,56,57,-1,57,56,58,-1,57,58,59,-1,59,58,60,-1,59,60,61,-1,61,60,62,-1,61,62,63,-1,63,62,64,-1,63,64,65,-1,66,67,68,-1,66,68,69,-1,69,68,70,-1,69,70,71,-1,71,70,72,-1,71,72,73,-1,73,72,74,-1,73,74,75,-1,75,74,76,-1,75,76,77,-1,77,76,78,-1,77,78,79,-1,80,81,82,-1,80,82,83,-1,83,82,84,-1,83,84,85,-1,85,84,86,-1,85,86,87,-1,
        ]
    }
}
Shape{
    appearance Appearance {
        material  Material 	{
            diffuseColor 0.2235294117647059 0.2235294117647059 0.2235294117647059
            specularColor 0.11372549019607843 0.11372549019607843 0.11372549019607843
            ambientIntensity 0.2
            transparency 0
            shininess 0.5
        }
    }
    geometry IndexedFaceSet {
        ccw TRUE
        solid FALSE
        coord DEF co Coordinate {
            point [
                1.3976 0.1181 0.0197, 0.3937 0.1181 0.0197, 1.3976 0.1181 0.0, 0.3937 0.1181 0.0, 0.3937 -0.1181 0.0197, 1.3976 -0.1181 0.0197, 0.3937 -0.1181 0.0, 1.3976 -0.1181 0.0, -0.3937 0.1181 0.0197, -1.3976 0.1181 0.0197, -0.3937 0.1181 0.0, -1.3976 0.1181 0.0, -1.3976 -0.1181 0.0197, -0.3937 -0.1181 0.0197, -1.3976 -0.1181 0.0, -0.3937 -0.1181 0.0, -0.3937 -0.1181 0.0
            ]
        }
        coordIndex [
            0,1,2,-1,2,1,3,-1,4,5,6,-1,6,5,7,-1,8,9,10,-1,10,9,11,-1,12,13,14,-1,14,13,15,-1,
        ]
    }
}
Shape{
    appearance Appearance {
        material  Material 	{
            diffuseColor 1.0 1.0 1.0
            specularColor 0.5019607843137255 0.5019607843137255 0.5019607843137255
            ambientIntensity 0.2
            transparency 0
            shininess 0.5
        }
    }
    geometry IndexedFaceSet {
        ccw TRUE
        solid FALSE
        coord DEF co Coordinate {
            point [
                -1.3976 0.1083 0.0197, -1.5748 0.1083 0.0197, -1.3976 -0.1083 0.0197, -1.5748 -0.1083 0.0197, -0.3937 0.1083 -0.0197, -0.3937 0.1083 0.0, -0.3937 -0.1083 -0.0197, -0.3937 -0.0664 0.0, -0.3937 -0.1083 0.0, -1.5748 -0.1083 -0.0197, -0.3937 -0.1083 0.0197, -1.5748 0.1083 -0.0197, -0.3937 0.1083 0.0197, 1.5748 -0.1083 0.0197, 1.5748 0.1083 0.0197, 1.3976 -0.1083 0.0197, 1.3976 0.1083 0.0197, 0.3937 0.1083 0.0, 0.3937 0.1083 -0.0197, 0.3937 -0.0664 0.0, 0.3937 -0.1083 -0.0197, 0.3937 -0.1083 0.0, 1.5748 0.1083 -0.0197, 0.3937 0.1083 0.0197, 1.5748 -0.1083 -0.0197, 0.3937 -0.1083 0.0197, 0.3937 -0.1083 0.0197
            ]
        }
        coordIndex [
            0,1,2,-1,2,1,3,-1,4,5,6,-1,6,5,7,-1,6,7,8,-1,2,3,9,-1,10,2,8,-1,8,2,9,-1,8,9,6,-1,5,4,11,-1,12,5,0,-1,0,5,11,-1,0,11,1,-1,9,3,11,-1,11,3,1,-1,6,9,4,-1,4,9,11,-1,13,14,15,-1,15,14,16,-1,17,18,19,-1,19,18,20,-1,19,20,21,-1,16,14,22,-1,23,16,17,-1,17,16,22,-1,17,22,18,-1,21,20,24,-1,25,21,15,-1,15,21,24,-1,15,24,13,-1,22,14,24,-1,24,14,13,-1,18,22,20,-1,20,22,24,-1,
        ]
    }
}
Shape{
    appearance Appearance {
        material  Material 	{
            diffuseColor 0.7529411764705882 0.7529411764705882 0.7529411764705882
            specularColor 0.3764705882352941 0.3764705882352941 0.3764705882352941
            ambientIntensity 0.2
            transparency 0
            shininess 0.5
        }
    }
    geometry IndexedFaceSet {
        ccw TRUE
        solid FALSE
        coord DEF co Coordinate {
            point [
                -0.2373 0.0524 0.0004, -0.2834 -0.0657 0.0004, -0.2373 0.0524 0.0, -0.2834 -0.0657 0.0, -0.2661 -0.0657 0.0004, -0.2661 -0.0657 0.0, -0.2542 -0.0326 0.0004, -0.2542 -0.0326 0.0, -0.2054 -0.0326 0.0004, -0.2054 -0.0326 0.0, -0.1941 -0.0657 0.0004, -0.1941 -0.0657 0.0, -0.1768 -0.0657 0.0004, -0.1768 -0.0657 0.0, -0.2215 0.0524 0.0004, -0.2215 0.0524 0.0, -0.2093 -0.0196 0.0004, -0.2488 -0.0196 0.0004, -0.227 0.0297 0.0004, -0.2281 0.0338 0.0004, -0.2289 0.038 0.0004, -0.2292 0.038 0.0004, -0.23 0.0338 0.0004, -0.2311 0.0297 0.0004, -0.2093 -0.0196 0.0, -0.2488 -0.0196 0.0, -0.227 0.0297 0.0, -0.2281 0.0338 0.0, -0.2289 0.038 0.0, -0.2292 0.038 0.0, -0.23 0.0338 0.0, -0.2311 0.0297 0.0, -0.1052 -0.0657 0.0004, -0.0731 -0.0657 0.0004, -0.1052 -0.0657 0.0, -0.0731 -0.0657 0.0, -0.0731 0.0524 0.0004, -0.0731 0.0524 0.0, -0.1064 0.0524 0.0004, -0.1064 0.0524 0.0, -0.1682 -0.0051 0.0004, -0.1682 -0.0051 0.0, -0.1673 0.006 0.0, -0.1673 0.006 0.0004, -0.1641 0.0176 0.0, -0.1641 0.0176 0.0004, -0.1586 0.0278 0.0, -0.1586 0.0278 0.0004, -0.1503 0.037 0.0, -0.1503 0.037 0.0004, -0.1502 0.0371 0.0, -0.1502 0.0371 0.0004, -0.1373 0.0457 0.0, -0.1373 0.0457 0.0004, -0.1235 0.0506 0.0, -0.1235 0.0506 0.0004, -0.1198 -0.0644 0.0, -0.1198 -0.0644 0.0004, -0.1334 -0.0604 0.0, -0.1334 -0.0604 0.0004, -0.1458 -0.0532 0.0, -0.1458 -0.0532 0.0004, -0.1555 -0.0439 0.0, -0.1555 -0.0439 0.0004, -0.1623 -0.0333 0.0, -0.1623 -0.0333 0.0004, -0.1665 -0.021 0.0, -0.1665 -0.021 0.0004, -0.1444 0.0229 0.0004, -0.1387 0.029 0.0004, -0.1301 0.0346 0.0004, -0.1203 0.038 0.0004, -0.1064 0.0395 0.0004, -0.0889 0.0395 0.0004, -0.0889 -0.0527 0.0004, -0.1057 -0.0527 0.0004, -0.1182 -0.0516 0.0004, -0.1281 -0.0485 0.0004, -0.1362 -0.0437 0.0004, -0.1428 -0.0371 0.0004, -0.1478 -0.029 0.0004, -0.1512 -0.0179 0.0004, -0.1523 -0.0055 0.0004, -0.1513 0.0063 0.0004, -0.1486 0.0156 0.0004, -0.1064 0.0395 0.0, -0.0889 0.0395 0.0, -0.1203 0.038 0.0, -0.1301 0.0346 0.0, -0.1387 0.029 -0.0, -0.1444 0.0229 0.0, -0.1486 0.0156 0.0, -0.1513 0.0063 0.0, -0.1523 -0.0055 0.0, -0.1512 -0.0179 0.0, -0.1478 -0.029 0.0, -0.1428 -0.0371 0.0, -0.1362 -0.0437 0.0, -0.1281 -0.0485 0.0, -0.1182 -0.0516 0.0, -0.1057 -0.0527 0.0, -0.0889 -0.0527 0.0, -0.05 -0.0527 0.0004, -0.05 -0.0657 0.0004, -0.05 -0.0527 0.0, -0.05 -0.0657 0.0, 0.0133 -0.0657 0.0004, 0.0133 -0.0657 0.0, 0.0133 0.0524 0.0004, 0.0133 0.0524 0.0, -0.0472 0.0524 0.0004, -0.0472 0.0524 0.0, -0.0472 0.0395 0.0004, -0.0472 0.0395 0.0, -0.0025 0.0395 0.0004, -0.0025 0.0395 0.0, -0.0025 0.0006 0.0004, -0.0025 0.0006 0.0, -0.0443 0.0006 0.0004, -0.0443 0.0006 0.0, -0.0443 -0.0124 0.0004, -0.0443 -0.0124 0.0, -0.0025 -0.0124 0.0004, -0.0025 -0.0124 0.0, -0.0025 -0.0527 0.0004, -0.0025 -0.0527 0.0, 0.0364 -0.0466 0.0004, 0.0364 -0.0596 0.0004, 0.0364 -0.0466 0.0, 0.0364 -0.0596 0.0, 0.049 -0.0647 0.0004, 0.0689 -0.0671 0.0004, 0.0689 -0.0671 0.0, 0.0656 -0.0671 0.0, 0.0656 -0.0671 0.0004, 0.0609 -0.0664 0.0, 0.049 -0.0647 0.0, 0.0758 -0.0664 0.0, 0.0834 -0.0656 0.0004, 0.0834 -0.0656 0.0, 0.0949 -0.0617 0.0004, 0.0949 -0.0617 0.0, 0.1044 -0.0556 0.0004, 0.1044 -0.0556 0.0, 0.1132 -0.0463 0.0004, 0.1132 -0.0463 0.0, 0.1195 -0.035 0.0004, 0.1195 -0.035 0.0, 0.1231 -0.0225 0.0004, 0.1231 -0.0225 0.0, 0.1242 -0.0089 0.0004, 0.1242 -0.0089 0.0, 0.0642 0.0539 0.0004, 0.0642 0.0539 0.0, 0.076 0.0529 0.0, 0.076 0.0529 0.0004, 0.0892 0.0491 0.0, 0.0892 0.0491 0.0004, 0.1004 0.0426 0.0, 0.1004 0.0426 0.0004, 0.1111 0.0324 0.0, 0.1111 0.0324 0.0004, 0.118 0.0213 0.0, 0.118 0.0213 0.0004, 0.1225 0.0079 0.0, 0.1225 0.0079 0.0004, 0.0364 0.0492 0.0004, 0.0364 0.0492 0.0, 0.05 0.0529 0.0, 0.05 0.0529 0.0004, 0.0364 0.0333 0.0004, 0.0364 0.0333 0.0, 0.064 0.0409 0.0004, 0.064 0.0409 0.0, 0.0497 0.039 0.0, 0.0497 0.039 0.0004, 0.1084 -0.0079 0.0004, 0.1084 -0.0079 0.0, 0.1078 0.0013 0.0, 0.1078 0.0013 0.0004, 0.1047 0.0139 0.0, 0.1047 0.0139 0.0004, 0.0998 0.0231 0.0, 0.0998 0.0231 0.0004, 0.0927 0.0309 0.0, 0.0927 0.0309 0.0004, 0.0845 0.0364 0.0, 0.0845 0.0364 0.0004, 0.0757 0.0396 0.0, 0.0757 0.0396 0.0004, 0.0667 -0.0542 0.0004, 0.0667 -0.0542 0.0, 0.0777 -0.0529 0.0, 0.0777 -0.0529 0.0004, 0.0863 -0.0498 0.0, 0.0863 -0.0498 0.0004, 0.0936 -0.0449 0.0, 0.0936 -0.0449 0.0004, 0.0991 -0.039 0.0, 0.0991 -0.039 0.0004, 0.104 -0.0308 0.0, 0.104 -0.0308 0.0004, 0.1072 -0.0207 0.0, 0.1072 -0.0207 0.0004, 0.0385 -0.0478 0.0, 0.0385 -0.0478 0.0004, 0.051 -0.0524 0.0, 0.051 -0.0524 0.0004, 0.1343 -0.0527 0.0004, 0.1343 -0.0657 0.0004, 0.1343 -0.0527 0.0, 0.1343 -0.0657 0.0, 0.1948 -0.0657 0.0004, 0.1948 -0.0657 0.0, 0.1948 0.0524 0.0004, 0.1948 0.0524 0.0, 0.179 0.0524 0.0004, 0.179 0.0524 0.0, 0.179 -0.0527 0.0004, 0.179 -0.0527 0.0, 0.179 -0.0527 0.0
            ]
        }
        coordIndex [
            0,1,2,-1,2,1,3,-1,1,4,3,-1,3,4,5,-1,4,6,5,-1,5,6,7,-1,6,8,7,-1,7,8,9,-1,8,10,9,-1,9,10,11,-1,10,12,11,-1,11,12,13,-1,12,14,13,-1,13,14,15,-1,14,0,15,-1,15,0,2,-1,16,8,17,-1,17,8,6,-1,18,14,16,-1,16,14,12,-1,16,12,8,-1,8,12,10,-1,18,19,14,-1,14,19,20,-1,14,20,0,-1,0,20,21,-1,0,21,22,-1,22,23,0,-1,0,23,17,-1,0,17,1,-1,1,17,6,-1,1,6,4,-1,16,17,24,-1,24,17,25,-1,18,16,26,-1,26,16,24,-1,18,26,27,-1,18,27,19,-1,19,27,28,-1,19,28,20,-1,21,20,29,-1,29,20,28,-1,21,29,30,-1,21,30,22,-1,22,30,31,-1,22,31,23,-1,17,23,25,-1,25,23,31,-1,32,33,34,-1,34,33,35,-1,33,36,35,-1,35,36,37,-1,36,38,37,-1,37,38,39,-1,40,41,42,-1,40,42,43,-1,43,42,44,-1,43,44,45,-1,45,44,46,-1,45,46,47,-1,47,46,48,-1,47,48,49,-1,49,48,50,-1,49,50,51,-1,51,50,52,-1,51,52,53,-1,53,52,54,-1,53,54,55,-1,55,54,39,-1,55,39,38,-1,32,34,56,-1,32,56,57,-1,57,56,58,-1,57,58,59,-1,59,58,60,-1,59,60,61,-1,61,60,62,-1,61,62,63,-1,63,62,64,-1,63,64,65,-1,65,64,66,-1,65,66,67,-1,67,66,41,-1,67,41,40,-1,45,47,68,-1,68,47,49,-1,68,49,69,-1,69,49,51,-1,69,51,70,-1,70,51,53,-1,70,53,71,-1,71,53,55,-1,71,55,72,-1,72,55,38,-1,72,38,73,-1,73,38,36,-1,73,36,74,-1,74,36,33,-1,74,33,75,-1,75,33,32,-1,75,32,76,-1,76,32,57,-1,76,57,77,-1,77,57,59,-1,77,59,78,-1,78,59,61,-1,78,61,79,-1,79,61,63,-1,79,63,80,-1,80,63,65,-1,80,65,81,-1,81,65,67,-1,81,67,82,-1,82,67,40,-1,82,40,83,-1,83,40,43,-1,83,43,84,-1,84,43,45,-1,84,45,68,-1,72,73,85,-1,85,73,86,-1,72,85,87,-1,72,87,71,-1,71,87,88,-1,71,88,70,-1,70,88,89,-1,70,89,69,-1,69,89,90,-1,69,90,68,-1,68,90,91,-1,68,91,84,-1,84,91,92,-1,84,92,83,-1,83,92,93,-1,83,93,82,-1,82,93,94,-1,82,94,81,-1,81,94,95,-1,81,95,80,-1,80,95,96,-1,80,96,79,-1,79,96,97,-1,79,97,78,-1,78,97,98,-1,78,98,77,-1,77,98,99,-1,77,99,76,-1,76,99,100,-1,76,100,75,-1,74,75,101,-1,101,75,100,-1,73,74,86,-1,86,74,101,-1,102,103,104,-1,104,103,105,-1,103,106,105,-1,105,106,107,-1,106,108,107,-1,107,108,109,-1,108,110,109,-1,109,110,111,-1,110,112,111,-1,111,112,113,-1,112,114,113,-1,113,114,115,-1,114,116,115,-1,115,116,117,-1,116,118,117,-1,117,118,119,-1,118,120,119,-1,119,120,121,-1,120,122,121,-1,121,122,123,-1,122,124,123,-1,123,124,125,-1,124,102,125,-1,125,102,104,-1,106,103,102,-1,102,124,106,-1,106,124,122,-1,106,122,108,-1,112,110,114,-1,114,110,108,-1,114,108,116,-1,116,108,122,-1,116,122,118,-1,118,122,120,-1,126,127,128,-1,128,127,129,-1,129,127,130,-1,131,132,133,-1,131,133,134,-1,134,133,135,-1,134,135,130,-1,130,135,136,-1,130,136,129,-1,132,131,137,-1,137,131,138,-1,137,138,139,-1,139,138,140,-1,139,140,141,-1,141,140,142,-1,141,142,143,-1,143,142,144,-1,143,144,145,-1,145,144,146,-1,145,146,147,-1,147,146,148,-1,147,148,149,-1,149,148,150,-1,149,150,151,-1,152,153,154,-1,152,154,155,-1,155,154,156,-1,155,156,157,-1,157,156,158,-1,157,158,159,-1,159,158,160,-1,159,160,161,-1,161,160,162,-1,161,162,163,-1,163,162,164,-1,163,164,165,-1,165,164,151,-1,165,151,150,-1,166,167,168,-1,166,168,169,-1,169,168,153,-1,169,153,152,-1,166,170,167,-1,167,170,171,-1,172,173,174,-1,172,174,175,-1,175,174,171,-1,175,171,170,-1,176,177,178,-1,176,178,179,-1,179,178,180,-1,179,180,181,-1,181,180,182,-1,181,182,183,-1,183,182,184,-1,183,184,185,-1,185,184,186,-1,185,186,187,-1,187,186,188,-1,187,188,189,-1,189,188,173,-1,189,173,172,-1,190,191,192,-1,190,192,193,-1,193,192,194,-1,193,194,195,-1,195,194,196,-1,195,196,197,-1,197,196,198,-1,197,198,199,-1,199,198,200,-1,199,200,201,-1,201,200,202,-1,201,202,203,-1,203,202,177,-1,203,177,176,-1,126,128,204,-1,126,204,205,-1,205,204,206,-1,205,206,207,-1,207,206,191,-1,207,191,190,-1,193,131,190,-1,190,131,134,-1,190,134,207,-1,207,134,130,-1,207,130,205,-1,205,130,127,-1,205,127,126,-1,170,166,175,-1,175,166,169,-1,175,169,172,-1,172,169,152,-1,172,152,189,-1,189,152,155,-1,189,155,187,-1,187,155,157,-1,187,157,185,-1,185,157,159,-1,185,159,183,-1,183,159,161,-1,183,161,181,-1,181,161,163,-1,181,163,179,-1,179,163,165,-1,179,165,176,-1,176,165,150,-1,176,150,203,-1,203,150,148,-1,203,148,201,-1,201,148,146,-1,201,146,199,-1,199,146,144,-1,199,144,197,-1,197,144,142,-1,197,142,195,-1,195,142,140,-1,195,140,193,-1,193,140,138,-1,193,138,131,-1,208,209,210,-1,210,209,211,-1,209,212,211,-1,211,212,213,-1,212,214,213,-1,213,214,215,-1,214,216,215,-1,215,216,217,-1,216,218,217,-1,217,218,219,-1,218,208,219,-1,219,208,210,-1,216,214,218,-1,218,214,212,-1,218,212,208,-1,208,212,209,-1,
        ]
    }
}
Shape{
    appearance Appearance {
        material  Material 	{
            diffuseColor 0.2235294117647059 0.2235294117647059 0.2235294117647059
            specularColor 0.11372549019607843 0.11372549019607843 0.11372549019607843
            ambientIntensity 0.2
            transparency 0
            shininess 0.5
        }
    }
    geometry IndexedFaceSet {
        ccw TRUE
        solid FALSE
        coord DEF co Coordinate {
            point [
                -0.2093 -0.0196 0.0, -0.2488 -0.0196 0.0, -0.227 0.0297 0.0, -0.2311 0.0297 0.0, -0.2281 0.0338 0.0, -0.23 0.0338 0.0, -0.2289 0.038 0.0, -0.2292 0.038 0.0, -0.0889 0.0395 0.0, -0.0889 -0.0527 0.0, -0.1064 0.0395 0.0, -0.1057 -0.0527 0.0, -0.1182 -0.0516 0.0, -0.1523 -0.0055 0.0, -0.1513 0.0063 0.0, -0.1486 0.0156 0.0, -0.1203 0.038 0.0, -0.1281 -0.0485 0.0, -0.1362 -0.0437 0.0, -0.1428 -0.0371 0.0, -0.1478 -0.029 0.0, -0.1512 -0.0179 0.0, -0.1444 0.0229 0.0, -0.1387 0.029 -0.0, -0.1301 0.0346 0.0, -0.1301 0.0346 0.0
            ]
        }
        coordIndex [
            0,1,2,-1,2,1,3,-1,2,3,4,-1,4,3,5,-1,4,5,6,-1,6,5,7,-1,8,9,10,-1,10,9,11,-1,10,11,12,-1,13,14,10,-1,10,14,15,-1,10,15,16,-1,12,17,10,-1,10,17,18,-1,10,18,19,-1,19,20,10,-1,10,20,21,-1,10,21,13,-1,22,23,15,-1,15,23,24,-1,15,24,16,-1,
        ]
    }
}
Shape{
    appearance Appearance {
        material  Material 	{
            diffuseColor 0.25098039215686274 0.25098039215686274 0.25098039215686274
            specularColor 0.12549019607843137 0.12549019607843137 0.12549019607843137
            ambientIntensity 0.2
            transparency 0
            shininess 0.5
        }
    }
    geometry IndexedFaceSet {
        ccw TRUE
        solid FALSE
        coord DEF co Coordinate {
            point [
                1.3583 -0.6102 0.0787, 1.3583 -0.6102 0.0, 1.367 -0.6092 0.0, 1.367 -0.6092 0.0787, 1.3753 -0.6063 0.0, 1.3753 -0.6063 0.0787, 1.3828 -0.6016 0.0, 1.3828 -0.6016 0.0787, 1.389 -0.5954 0.0, 1.389 -0.5954 0.0787, 1.3937 -0.5879 0.0, 1.3937 -0.5879 0.0787, 1.3967 -0.5796 0.0, 1.3967 -0.5796 0.0787, 1.3976 -0.5709 0.0, 1.3976 -0.5709 0.0787, 1.3976 0.5709 0.0787, 1.3976 0.5709 0.0, 1.3963 0.5811 0.0, 1.3963 0.5811 0.0787, 1.3924 0.5906 0.0, 1.3924 0.5906 0.0787, 1.3861 0.5987 0.0, 1.3861 0.5987 0.0787, 1.378 0.605 0.0, 1.378 0.605 0.0787, 1.3685 0.6089 0.0, 1.3685 0.6089 0.0787, 1.3583 0.6102 0.0, 1.3583 0.6102 0.0787, -1.3583 0.6102 0.0787, -1.3583 0.6102 0.0, -1.3685 0.6089 0.0, -1.3685 0.6089 0.0787, -1.378 0.605 0.0, -1.378 0.605 0.0787, -1.3861 0.5987 0.0, -1.3861 0.5987 0.0787, -1.3924 0.5906 0.0, -1.3924 0.5906 0.0787, -1.3963 0.5811 0.0, -1.3963 0.5811 0.0787, -1.3976 0.5709 0.0, -1.3976 0.5709 0.0787, -1.3976 -0.5709 0.0787, -1.3976 -0.5709 0.0, -1.3963 -0.5811 0.0, -1.3963 -0.5811 0.0787, -1.3924 -0.5906 0.0, -1.3924 -0.5906 0.0787, -1.3861 -0.5987 0.0, -1.3861 -0.5987 0.0787, -1.378 -0.605 0.0, -1.378 -0.605 0.0787, -1.3685 -0.6089 0.0, -1.3685 -0.6089 0.0787, -1.3583 -0.6102 0.0, -1.3583 -0.6102 0.0787, -1.3583 -0.6102 0.0787
            ]
        }
        coordIndex [
            0,1,2,-1,0,2,3,-1,3,2,4,-1,3,4,5,-1,5,4,6,-1,5,6,7,-1,7,6,8,-1,7,8,9,-1,9,8,10,-1,9,10,11,-1,11,10,12,-1,11,12,13,-1,13,12,14,-1,13,14,15,-1,16,17,18,-1,16,18,19,-1,19,18,20,-1,19,20,21,-1,21,20,22,-1,21,22,23,-1,23,22,24,-1,23,24,25,-1,25,24,26,-1,25,26,27,-1,27,26,28,-1,27,28,29,-1,30,31,32,-1,30,32,33,-1,33,32,34,-1,33,34,35,-1,35,34,36,-1,35,36,37,-1,37,36,38,-1,37,38,39,-1,39,38,40,-1,39,40,41,-1,41,40,42,-1,41,42,43,-1,44,45,46,-1,44,46,47,-1,47,46,48,-1,47,48,49,-1,49,48,50,-1,49,50,51,-1,51,50,52,-1,51,52,53,-1,53,52,54,-1,53,54,55,-1,55,54,56,-1,55,56,57,-1,
        ]
    }
}